time,open,high,low,close,tick_volume
2026-05-26 19:10:00,110642.0,110653.0,110624.0,110652.0,300
2026-05-26 19:15:00,110651.0,110668.0,110629.0,110660.0,300
2026-05-26 19:20:00,110658.0,110700.0,110656.0,110684.0,300
2026-05-26 19:25:00,110685.0,110706.0,110664.0,110677.0,300
2026-05-26 19:30:00,110676.0,110688.0,110652.0,110670.0,300
2026-05-26 19:35:00,110672.0,110715.0,110672.0,110694.0,300
2026-05-26 19:40:00,110693.0,110709.0,110675.0,110690.0,300
2026-05-26 19:45:00,110688.0,110706.0,110680.0,110687.0,300
2026-05-26 19:50:00,110689.0,110709.0,110681.0,110699.0,300
2026-05-26 19:55:00,110701.0,110767.0,110695.0,110756.0,300
2026-05-26 20:00:00,110757.0,110771.0,110741.0,110749.0,300
2026-05-26 20:05:00,110747.0,110774.0,110732.0,110734.0,300
2026-05-26 20:10:00,110736.0,110746.0,110723.0,110736.0,300
2026-05-26 20:15:00,110738.0,110738.0,110685.0,110687.0,300
2026-05-26 20:20:00,110686.0,110726.0,110686.0,110718.0,300
2026-05-26 20:25:00,110716.0,110723.0,110649.0,110649.0,300
2026-05-26 20:30:00,110651.0,110677.0,110641.0,110660.0,300
2026-05-26 20:35:00,110658.0,110659.0,110627.0,110628.0,300
2026-05-26 20:40:00,110627.0,110639.0,110603.0,110613.0,300
2026-05-26 20:45:00,110611.0,110661.0,110597.0,110656.0,300
2026-05-26 20:50:00,110658.0,110678.0,110647.0,110662.0,300
2026-05-26 20:55:00,110663.0,110674.0,110641.0,110650.0,300
2026-05-26 21:00:00,110652.0,110679.0,110636.0,110670.0,300
2026-05-26 21:05:00,110669.0,110694.0,110663.0,110675.0,300
2026-05-26 21:10:00,110677.0,110701.0,110669.0,110669.0,300
2026-05-26 21:15:00,110670.0,110721.0,110661.0,110714.0,300
2026-05-26 21:20:00,110713.0,110722.0,110689.0,110708.0,300
2026-05-26 21:25:00,110710.0,110719.0,110646.0,110657.0,300
2026-05-26 21:30:00,110658.0,110694.0,110653.0,110685.0,300
2026-05-26 21:35:00,110683.0,110686.0,110658.0,110667.0,300
2026-05-26 21:40:00,110666.0,110712.0,110660.0,110695.0,300
2026-05-26 21:45:00,110694.0,110706.0,110658.0,110681.0,300
2026-05-26 21:50:00,110680.0,110695.0,110660.0,110660.0,300
2026-05-26 21:55:00,110662.0,110679.0,110639.0,110661.0,300
2026-05-26 22:00:00,110659.0,110676.0,110646.0,110663.0,300
2026-05-26 22:05:00,110664.0,110681.0,110652.0,110681.0,300
2026-05-26 22:10:00,110682.0,110728.0,110679.0,110728.0,300
2026-05-26 22:15:00,110730.0,110746.0,110717.0,110746.0,300
2026-05-26 22:20:00,110747.0,110759.0,110715.0,110719.0,300
2026-05-26 22:25:00,110717.0,110741.0,110712.0,110732.0,300
2026-05-26 22:30:00,110733.0,110737.0,110701.0,110701.0,300
2026-05-26 22:35:00,110702.0,110702.0,110656.0,110661.0,300
2026-05-26 22:40:00,110663.0,110689.0,110647.0,110689.0,300
2026-05-26 22:45:00,110690.0,110699.0,110672.0,110690.0,300
2026-05-26 22:50:00,110692.0,110693.0,110667.0,110675.0,300
2026-05-26 22:55:00,110676.0,110742.0,110671.0,110741.0,300
2026-05-26 23:00:00,110739.0,110750.0,110727.0,110739.0,300
2026-05-26 23:05:00,110740.0,110757.0,110730.0,110740.0,300
2026-05-26 23:10:00,110742.0,110755.0,110713.0,110720.0,300
2026-05-26 23:15:00,110722.0,110763.0,110722.0,110741.0,300
2026-05-26 23:20:00,110740.0,110745.0,110695.0,110695.0,300
2026-05-26 23:25:00,110697.0,110710.0,110658.0,110665.0,300
2026-05-26 23:30:00,110663.0,110680.0,110629.0,110646.0,300
2026-05-26 23:35:00,110647.0,110662.0,110618.0,110632.0,300
2026-05-26 23:40:00,110630.0,110633.0,110595.0,110605.0,300
2026-05-26 23:45:00,110604.0,110644.0,110591.0,110637.0,300
2026-05-26 23:50:00,110635.0,110663.0,110625.0,110635.0,300
2026-05-26 23:55:00,110633.0,110669.0,110627.0,110669.0,300
2026-05-27 00:00:00,110671.0,110680.0,110647.0,110659.0,300
2026-05-27 00:05:00,110657.0,110667.0,110642.0,110659.0,300
2026-05-27 00:10:00,110660.0,110697.0,110643.0,110690.0,300
2026-05-27 00:15:00,110692.0,110704.0,110654.0,110675.0,300
2026-05-27 00:20:00,110674.0,110684.0,110639.0,110676.0,300
2026-05-27 00:25:00,110677.0,110698.0,110674.0,110683.0,300
2026-05-27 00:30:00,110684.0,110710.0,110681.0,110697.0,300
2026-05-27 00:35:00,110695.0,110709.0,110677.0,110677.0,300
2026-05-27 00:40:00,110678.0,110697.0,110672.0,110689.0,300
2026-05-27 00:45:00,110690.0,110693.0,110639.0,110650.0,300
2026-05-27 00:50:00,110648.0,110649.0,110623.0,110626.0,300
2026-05-27 00:55:00,110628.0,110646.0,110603.0,110641.0,300
2026-05-27 01:00:00,110640.0,110648.0,110617.0,110637.0,300
2026-05-27 01:05:00,110639.0,110665.0,110616.0,110665.0,300
2026-05-27 01:10:00,110667.0,110680.0,110642.0,110655.0,300
2026-05-27 01:15:00,110654.0,110654.0,110612.0,110618.0,300
2026-05-27 01:20:00,110616.0,110636.0,110607.0,110629.0,300
2026-05-27 01:25:00,110631.0,110657.0,110624.0,110636.0,300
2026-05-27 01:30:00,110634.0,110660.0,110630.0,110651.0,300
2026-05-27 01:35:00,110652.0,110676.0,110640.0,110676.0,300
2026-05-27 01:40:00,110675.0,110696.0,110638.0,110638.0,300
2026-05-27 01:45:00,110637.0,110678.0,110633.0,110669.0,300
2026-05-27 01:50:00,110668.0,110680.0,110647.0,110654.0,300
2026-05-27 01:55:00,110655.0,110665.0,110641.0,110658.0,300
2026-05-27 02:00:00,110660.0,110695.0,110659.0,110673.0,300
2026-05-27 02:05:00,110671.0,110679.0,110622.0,110624.0,300
2026-05-27 02:10:00,110625.0,110657.0,110603.0,110657.0,300
2026-05-27 02:15:00,110659.0,110689.0,110659.0,110671.0,300
2026-05-27 02:20:00,110669.0,110695.0,110664.0,110681.0,300
2026-05-27 02:25:00,110682.0,110690.0,110615.0,110617.0,300
2026-05-27 02:30:00,110619.0,110629.0,110600.0,110620.0,300
2026-05-27 02:35:00,110622.0,110667.0,110614.0,110628.0,300
2026-05-27 02:40:00,110627.0,110676.0,110620.0,110655.0,300
2026-05-27 02:45:00,110653.0,110663.0,110603.0,110603.0,300
2026-05-27 02:50:00,110602.0,110615.0,110565.0,110565.0,300
2026-05-27 02:55:00,110563.0,110572.0,110539.0,110539.0,300
2026-05-27 03:00:00,110540.0,110580.0,110519.0,110553.0,300
2026-05-27 03:05:00,110551.0,110599.0,110545.0,110599.0,300
2026-05-27 03:10:00,110597.0,110606.0,110562.0,110586.0,300
2026-05-27 03:15:00,110585.0,110601.0,110577.0,110598.0,300
2026-05-27 03:20:00,110597.0,110654.0,110595.0,110642.0,300
2026-05-27 03:25:00,110643.0,110645.0,110602.0,110607.0,300
2026-05-27 03:30:00,110605.0,110675.0,110586.0,110666.0,300
2026-05-27 03:35:00,110667.0,110683.0,110646.0,110661.0,300
2026-05-27 03:40:00,110660.0,110692.0,110658.0,110690.0,300
2026-05-27 03:45:00,110691.0,110730.0,110681.0,110707.0,300
2026-05-27 03:50:00,110709.0,110718.0,110683.0,110718.0,300
2026-05-27 03:55:00,110716.0,110716.0,110654.0,110682.0,300
2026-05-27 04:00:00,110684.0,110684.0,110654.0,110670.0,300
2026-05-27 04:05:00,110671.0,110709.0,110671.0,110695.0,300
2026-05-27 04:10:00,110696.0,110704.0,110639.0,110654.0,300
2026-05-27 04:15:00,110655.0,110677.0,110651.0,110661.0,300
2026-05-27 04:20:00,110662.0,110701.0,110661.0,110690.0,300
2026-05-27 04:25:00,110691.0,110695.0,110666.0,110677.0,300
2026-05-27 04:30:00,110678.0,110739.0,110675.0,110714.0,300
2026-05-27 04:35:00,110712.0,110717.0,110687.0,110693.0,300
2026-05-27 04:40:00,110691.0,110712.0,110683.0,110691.0,300
2026-05-27 04:45:00,110690.0,110716.0,110673.0,110688.0,300
2026-05-27 04:50:00,110686.0,110692.0,110621.0,110629.0,300
2026-05-27 04:55:00,110627.0,110631.0,110596.0,110630.0,300
2026-05-27 05:00:00,110628.0,110652.0,110613.0,110637.0,300
2026-05-27 05:05:00,110636.0,110645.0,110609.0,110617.0,300
2026-05-27 05:10:00,110619.0,110634.0,110585.0,110594.0,300
2026-05-27 05:15:00,110592.0,110626.0,110580.0,110621.0,300
2026-05-27 05:20:00,110620.0,110657.0,110616.0,110656.0,300
2026-05-27 05:25:00,110657.0,110666.0,110609.0,110620.0,300
2026-05-27 05:30:00,110618.0,110657.0,110616.0,110632.0,300
2026-05-27 05:35:00,110631.0,110640.0,110584.0,110589.0,300
2026-05-27 05:40:00,110588.0,110594.0,110541.0,110546.0,300
2026-05-27 05:45:00,110545.0,110573.0,110540.0,110569.0,300
2026-05-27 05:50:00,110567.0,110585.0,110559.0,110563.0,300
2026-05-27 05:55:00,110565.0,110609.0,110558.0,110583.0,300
2026-05-27 06:00:00,110585.0,110608.0,110565.0,110598.0,300
2026-05-27 06:05:00,110596.0,110598.0,110551.0,110555.0,300
2026-05-27 06:10:00,110554.0,110596.0,110547.0,110585.0,300
2026-05-27 06:15:00,110587.0,110592.0,110552.0,110565.0,300
2026-05-27 06:20:00,110566.0,110578.0,110532.0,110532.0,300
2026-05-27 06:25:00,110533.0,110590.0,110527.0,110584.0,300
2026-05-27 06:30:00,110583.0,110621.0,110565.0,110596.0,300
2026-05-27 06:35:00,110597.0,110629.0,110595.0,110613.0,300
2026-05-27 06:40:00,110615.0,110615.0,110576.0,110584.0,300
2026-05-27 06:45:00,110585.0,110591.0,110532.0,110544.0,300
2026-05-27 06:50:00,110542.0,110594.0,110541.0,110593.0,300
2026-05-27 06:55:00,110594.0,110633.0,110591.0,110615.0,300
2026-05-27 07:00:00,110617.0,110635.0,110602.0,110622.0,300
2026-05-27 07:05:00,110624.0,110664.0,110618.0,110647.0,300
2026-05-27 07:10:00,110649.0,110658.0,110615.0,110649.0,300
2026-05-27 07:15:00,110650.0,110688.0,110639.0,110673.0,300
2026-05-27 07:20:00,110672.0,110704.0,110663.0,110703.0,300
2026-05-27 07:25:00,110705.0,110747.0,110696.0,110742.0,300
2026-05-27 07:30:00,110740.0,110786.0,110732.0,110751.0,300
2026-05-27 07:35:00,110750.0,110758.0,110725.0,110745.0,300
2026-05-27 07:40:00,110743.0,110743.0,110704.0,110704.0,300
2026-05-27 07:45:00,110705.0,110719.0,110687.0,110710.0,300
2026-05-27 07:50:00,110711.0,110713.0,110661.0,110670.0,300
2026-05-27 07:55:00,110668.0,110674.0,110644.0,110644.0,300
2026-05-27 08:00:00,110642.0,110663.0,110627.0,110657.0,300
2026-05-27 08:05:00,110655.0,110702.0,110647.0,110674.0,300
2026-05-27 08:10:00,110676.0,110683.0,110633.0,110641.0,300
2026-05-27 08:15:00,110639.0,110669.0,110639.0,110665.0,300
2026-05-27 08:20:00,110664.0,110665.0,110629.0,110629.0,300
2026-05-27 08:25:00,110628.0,110633.0,110595.0,110614.0,300
2026-05-27 08:30:00,110613.0,110635.0,110594.0,110635.0,300
2026-05-27 08:35:00,110634.0,110666.0,110633.0,110659.0,300
2026-05-27 08:40:00,110658.0,110671.0,110604.0,110612.0,300
2026-05-27 08:45:00,110614.0,110630.0,110593.0,110603.0,300
2026-05-27 08:50:00,110601.0,110635.0,110587.0,110635.0,300
2026-05-27 08:55:00,110633.0,110668.0,110625.0,110659.0,300
2026-05-27 09:00:00,110657.0,110678.0,110644.0,110658.0,300
2026-05-27 09:05:00,110656.0,110656.0,110607.0,110617.0,300
2026-05-27 09:10:00,110616.0,110633.0,110609.0,110621.0,300
2026-05-27 09:15:00,110622.0,110631.0,110599.0,110613.0,300
2026-05-27 09:20:00,110615.0,110625.0,110580.0,110598.0,300
2026-05-27 09:25:00,110599.0,110604.0,110568.0,110570.0,300
2026-05-27 09:30:00,110572.0,110583.0,110554.0,110559.0,300
2026-05-27 09:35:00,110561.0,110584.0,110542.0,110543.0,300
2026-05-27 09:40:00,110541.0,110564.0,110539.0,110546.0,300
2026-05-27 09:45:00,110547.0,110553.0,110501.0,110518.0,298
2026-05-27 09:50:00,110516.0,110530.0,110481.0,110496.0,300
2026-05-27 09:55:00,110494.0,110516.0,110486.0,110503.0,300
2026-05-27 10:00:00,110501.0,110504.0,110463.0,110475.0,300
2026-05-27 10:05:00,110476.0,110480.0,110438.0,110475.0,300
2026-05-27 10:10:00,110476.0,110489.0,110458.0,110480.0,300
2026-05-27 10:15:00,110482.0,110487.0,110451.0,110453.0,300
2026-05-27 10:20:00,110455.0,110479.0,110446.0,110453.0,300
2026-05-27 10:25:00,110451.0,110477.0,110437.0,110477.0,300
2026-05-27 10:30:00,110476.0,110480.0,110439.0,110458.0,300
2026-05-27 10:35:00,110456.0,110480.0,110433.0,110477.0,300
2026-05-27 10:40:00,110476.0,110482.0,110440.0,110454.0,300
2026-05-27 10:45:00,110453.0,110477.0,110450.0,110472.0,300
2026-05-27 10:50:00,110474.0,110511.0,110445.0,110508.0,300
2026-05-27 10:55:00,110510.0,110519.0,110497.0,110502.0,300
2026-05-27 11:00:00,110504.0,110506.0,110471.0,110474.0,300
2026-05-27 11:05:00,110476.0,110491.0,110467.0,110474.0,300
2026-05-27 11:10:00,110472.0,110488.0,110464.0,110466.0,300
2026-05-27 11:15:00,110467.0,110505.0,110454.0,110485.0,300
2026-05-27 11:20:00,110486.0,110502.0,110467.0,110482.0,300
2026-05-27 11:25:00,110484.0,110492.0,110458.0,110485.0,300
2026-05-27 11:30:00,110487.0,110531.0,110487.0,110517.0,300
2026-05-27 11:35:00,110515.0,110540.0,110499.0,110506.0,300
2026-05-27 11:40:00,110505.0,110505.0,110431.0,110471.0,300
2026-05-27 11:45:00,110473.0,110473.0,110431.0,110431.0,300
2026-05-27 11:50:00,110432.0,110432.0,110407.0,110424.0,300
2026-05-27 11:55:00,110422.0,110437.0,110409.0,110434.0,300
2026-05-27 12:00:00,110436.0,110464.0,110436.0,110459.0,300
2026-05-27 12:05:00,110457.0,110470.0,110432.0,110453.0,300
2026-05-27 12:10:00,110451.0,110457.0,110399.0,110402.0,300
2026-05-27 12:15:00,110403.0,110410.0,110385.0,110393.0,300
2026-05-27 12:20:00,110395.0,110404.0,110362.0,110389.0,300
2026-05-27 12:25:00,110388.0,110416.0,110380.0,110412.0,300
2026-05-27 12:30:00,110411.0,110467.0,110404.0,110467.0,300
2026-05-27 12:35:00,110468.0,110492.0,110453.0,110473.0,300
2026-05-27 12:40:00,110472.0,110520.0,110472.0,110514.0,300
2026-05-27 12:45:00,110512.0,110520.0,110453.0,110462.0,300
2026-05-27 12:50:00,110461.0,110461.0,110418.0,110430.0,300
2026-05-27 12:55:00,110431.0,110453.0,110417.0,110441.0,300
2026-05-27 13:00:00,110439.0,110449.0,110408.0,110415.0,300
2026-05-27 13:05:00,110417.0,110426.0,110373.0,110393.0,300
2026-05-27 13:10:00,110391.0,110397.0,110365.0,110370.0,300
2026-05-27 13:15:00,110368.0,110368.0,110324.0,110333.0,300
2026-05-27 13:20:00,110335.0,110343.0,110305.0,110311.0,300
2026-05-27 13:25:00,110310.0,110335.0,110300.0,110329.0,300
2026-05-27 13:30:00,110331.0,110344.0,110315.0,110329.0,300
2026-05-27 13:35:00,110327.0,110352.0,110315.0,110344.0,300
2026-05-27 13:40:00,110346.0,110371.0,110337.0,110369.0,300
2026-05-27 13:45:00,110371.0,110382.0,110349.0,110354.0,300
2026-05-27 13:50:00,110353.0,110357.0,110336.0,110345.0,299
2026-05-27 13:55:00,110344.0,110347.0,110294.0,110317.0,301
2026-05-27 14:00:00,110319.0,110339.0,110303.0,110322.0,299
2026-05-27 14:05:00,110323.0,110329.0,110296.0,110313.0,301
2026-05-27 14:10:00,110314.0,110341.0,110309.0,110322.0,299
2026-05-27 14:15:00,110323.0,110345.0,110320.0,110332.0,301
2026-05-27 14:20:00,110333.0,110338.0,110262.0,110274.0,299
2026-05-27 14:25:00,110273.0,110299.0,110260.0,110274.0,300
2026-05-27 14:30:00,110272.0,110313.0,110272.0,110283.0,300
2026-05-27 14:35:00,110281.0,110306.0,110276.0,110292.0,300
2026-05-27 14:40:00,110294.0,110303.0,110251.0,110270.0,300
2026-05-27 14:45:00,110269.0,110298.0,110260.0,110296.0,300
2026-05-27 14:50:00,110298.0,110308.0,110274.0,110287.0,300
2026-05-27 14:55:00,110286.0,110319.0,110273.0,110315.0,300
2026-05-27 15:00:00,110314.0,110330.0,110306.0,110328.0,300
2026-05-27 15:05:00,110329.0,110334.0,110297.0,110318.0,300
2026-05-27 15:10:00,110319.0,110332.0,110293.0,110293.0,300
2026-05-27 15:15:00,110291.0,110318.0,110286.0,110301.0,300
2026-05-27 15:20:00,110302.0,110332.0,110300.0,110315.0,300
2026-05-27 15:25:00,110313.0,110336.0,110293.0,110297.0,300
2026-05-27 15:30:00,110298.0,110298.0,110272.0,110288.0,300
2026-05-27 15:35:00,110287.0,110287.0,110236.0,110251.0,300
2026-05-27 15:40:00,110249.0,110254.0,110205.0,110218.0,300
2026-05-27 15:45:00,110216.0,110226.0,110196.0,110201.0,300
2026-05-27 15:50:00,110202.0,110252.0,110197.0,110234.0,300
2026-05-27 15:55:00,110236.0,110241.0,110199.0,110214.0,300
2026-05-27 16:00:00,110216.0,110216.0,110175.0,110196.0,300
2026-05-27 16:05:00,110198.0,110206.0,110149.0,110153.0,300
2026-05-27 16:10:00,110154.0,110155.0,110099.0,110106.0,300
2026-05-27 16:15:00,110104.0,110113.0,110085.0,110102.0,300
2026-05-27 16:20:00,110104.0,110148.0,110087.0,110144.0,300
2026-05-27 16:25:00,110145.0,110152.0,110132.0,110142.0,300
2026-05-27 16:30:00,110143.0,110144.0,110064.0,110067.0,300
2026-05-27 16:35:00,110066.0,110117.0,110064.0,110100.0,300
2026-05-27 16:40:00,110099.0,110111.0,110087.0,110110.0,300
2026-05-27 16:45:00,110108.0,110115.0,110088.0,110106.0,300
2026-05-27 16:50:00,110108.0,110133.0,110098.0,110124.0,300
2026-05-27 16:55:00,110122.0,110153.0,110121.0,110134.0,300
2026-05-27 17:00:00,110133.0,110160.0,110133.0,110159.0,300
2026-05-27 17:05:00,110157.0,110184.0,110151.0,110157.0,300
2026-05-27 17:10:00,110158.0,110170.0,110129.0,110135.0,300
2026-05-27 17:15:00,110134.0,110159.0,110117.0,110133.0,300
2026-05-27 17:20:00,110131.0,110181.0,110128.0,110181.0,300
2026-05-27 17:25:00,110180.0,110233.0,110172.0,110221.0,300
2026-05-27 17:30:00,110220.0,110235.0,110200.0,110217.0,300
2026-05-27 17:35:00,110219.0,110234.0,110205.0,110221.0,300
2026-05-27 17:40:00,110219.0,110253.0,110211.0,110249.0,300
2026-05-27 17:45:00,110250.0,110283.0,110246.0,110260.0,300
2026-05-27 17:50:00,110261.0,110272.0,110209.0,110213.0,300
2026-05-27 17:55:00,110214.0,110276.0,110209.0,110272.0,300
2026-05-27 18:00:00,110271.0,110296.0,110253.0,110267.0,300
2026-05-27 18:05:00,110265.0,110277.0,110246.0,110275.0,300
2026-05-27 18:10:00,110276.0,110307.0,110258.0,110287.0,300
2026-05-27 18:15:00,110288.0,110297.0,110263.0,110282.0,300
2026-05-27 18:20:00,110281.0,110282.0,110248.0,110257.0,300
2026-05-27 18:25:00,110259.0,110278.0,110240.0,110264.0,300
2026-05-27 18:30:00,110266.0,110272.0,110225.0,110244.0,300
2026-05-27 18:35:00,110243.0,110279.0,110230.0,110244.0,300
2026-05-27 18:40:00,110243.0,110289.0,110242.0,110287.0,300
2026-05-27 18:45:00,110286.0,110289.0,110230.0,110230.0,300
2026-05-27 18:50:00,110231.0,110264.0,110231.0,110247.0,300
2026-05-27 18:55:00,110248.0,110287.0,110238.0,110278.0,300
2026-05-27 19:00:00,110277.0,110282.0,110246.0,110259.0,300
2026-05-27 19:05:00,110261.0,110307.0,110256.0,110307.0,300
2026-05-27 19:10:00,110305.0,110311.0,110277.0,110286.0,300
2026-05-27 19:15:00,110285.0,110317.0,110273.0,110312.0,300
2026-05-27 19:20:00,110310.0,110368.0,110306.0,110361.0,300
2026-05-27 19:25:00,110363.0,110407.0,110344.0,110405.0,300
2026-05-27 19:30:00,110407.0,110431.0,110397.0,110400.0,300
2026-05-27 19:35:00,110398.0,110442.0,110398.0,110433.0,300
2026-05-27 19:40:00,110432.0,110448.0,110405.0,110405.0,300
2026-05-27 19:45:00,110406.0,110473.0,110399.0,110466.0,300
2026-05-27 19:50:00,110464.0,110493.0,110462.0,110484.0,300
2026-05-27 19:55:00,110483.0,110500.0,110474.0,110485.0,300
2026-05-27 20:00:00,110487.0,110524.0,110482.0,110520.0,300
2026-05-27 20:05:00,110521.0,110567.0,110507.0,110566.0,300
2026-05-27 20:10:00,110567.0,110584.0,110559.0,110563.0,300
2026-05-27 20:15:00,110562.0,110563.0,110524.0,110537.0,300
2026-05-27 20:20:00,110536.0,110540.0,110519.0,110524.0,300
2026-05-27 20:25:00,110523.0,110534.0,110505.0,110532.0,300
2026-05-27 20:30:00,110533.0,110590.0,110533.0,110583.0,300
2026-05-27 20:35:00,110584.0,110590.0,110514.0,110515.0,300
2026-05-27 20:40:00,110513.0,110566.0,110511.0,110565.0,300
2026-05-27 20:45:00,110563.0,110592.0,110550.0,110583.0,300
2026-05-27 20:50:00,110585.0,110585.0,110524.0,110525.0,300
2026-05-27 20:55:00,110523.0,110534.0,110492.0,110515.0,300
2026-05-27 21:00:00,110517.0,110561.0,110509.0,110561.0,300
2026-05-27 21:05:00,110562.0,110563.0,110519.0,110528.0,300
2026-05-27 21:10:00,110529.0,110548.0,110514.0,110528.0,300
2026-05-27 21:15:00,110526.0,110535.0,110482.0,110486.0,300
2026-05-27 21:20:00,110484.0,110493.0,110458.0,110467.0,300
2026-05-27 21:25:00,110468.0,110480.0,110415.0,110415.0,300
2026-05-27 21:30:00,110414.0,110451.0,110413.0,110438.0,300
2026-05-27 21:35:00,110437.0,110447.0,110376.0,110389.0,300
2026-05-27 21:40:00,110388.0,110417.0,110386.0,110392.0,300
2026-05-27 21:45:00,110391.0,110446.0,110390.0,110446.0,300
2026-05-27 21:50:00,110448.0,110466.0,110423.0,110434.0,300
2026-05-27 21:55:00,110432.0,110453.0,110426.0,110433.0,300
2026-05-27 22:00:00,110435.0,110459.0,110426.0,110452.0,300
2026-05-27 22:05:00,110454.0,110494.0,110454.0,110479.0,300
2026-05-27 22:10:00,110481.0,110492.0,110455.0,110471.0,300
2026-05-27 22:15:00,110472.0,110504.0,110465.0,110501.0,300
2026-05-27 22:20:00,110500.0,110506.0,110479.0,110494.0,300
2026-05-27 22:25:00,110492.0,110495.0,110440.0,110441.0,300
2026-05-27 22:30:00,110443.0,110453.0,110387.0,110398.0,300
2026-05-27 22:35:00,110396.0,110402.0,110349.0,110350.0,300
2026-05-27 22:40:00,110348.0,110392.0,110335.0,110388.0,300
2026-05-27 22:45:00,110389.0,110423.0,110377.0,110398.0,300
2026-05-27 22:50:00,110399.0,110407.0,110365.0,110378.0,300
2026-05-27 22:55:00,110380.0,110402.0,110366.0,110370.0,300
2026-05-27 23:00:00,110368.0,110375.0,110341.0,110368.0,300
2026-05-27 23:05:00,110366.0,110403.0,110356.0,110389.0,300
2026-05-27 23:10:00,110391.0,110435.0,110388.0,110421.0,300
2026-05-27 23:15:00,110419.0,110425.0,110367.0,110376.0,300
2026-05-27 23:20:00,110375.0,110381.0,110345.0,110379.0,300
2026-05-27 23:25:00,110378.0,110394.0,110363.0,110379.0,300
2026-05-27 23:30:00,110380.0,110400.0,110368.0,110372.0,300
2026-05-27 23:35:00,110371.0,110406.0,110371.0,110382.0,300
2026-05-27 23:40:00,110381.0,110403.0,110375.0,110393.0,300
2026-05-27 23:45:00,110392.0,110410.0,110382.0,110393.0,300
2026-05-27 23:50:00,110392.0,110409.0,110383.0,110403.0,300
2026-05-27 23:55:00,110401.0,110421.0,110387.0,110391.0,300
2026-05-28 00:00:00,110393.0,110405.0,110380.0,110381.0,300
2026-05-28 00:05:00,110380.0,110394.0,110369.0,110388.0,300
2026-05-28 00:10:00,110390.0,110419.0,110358.0,110363.0,300
2026-05-28 00:15:00,110365.0,110374.0,110317.0,110319.0,300
2026-05-28 00:20:00,110320.0,110331.0,110298.0,110331.0,300
2026-05-28 00:25:00,110330.0,110347.0,110312.0,110330.0,300
2026-05-28 00:30:00,110328.0,110341.0,110303.0,110329.0,300
2026-05-28 00:35:00,110328.0,110344.0,110300.0,110343.0,300
2026-05-28 00:40:00,110345.0,110351.0,110328.0,110337.0,300
2026-05-28 00:45:00,110338.0,110383.0,110327.0,110374.0,300
2026-05-28 00:50:00,110376.0,110399.0,110357.0,110377.0,300
2026-05-28 00:55:00,110376.0,110423.0,110364.0,110420.0,300
2026-05-28 01:00:00,110418.0,110424.0,110384.0,110388.0,300
2026-05-28 01:05:00,110386.0,110423.0,110374.0,110405.0,300
2026-05-28 01:10:00,110404.0,110404.0,110362.0,110392.0,300
2026-05-28 01:15:00,110391.0,110415.0,110382.0,110397.0,300
2026-05-28 01:20:00,110399.0,110433.0,110393.0,110411.0,300
2026-05-28 01:25:00,110413.0,110424.0,110404.0,110417.0,300
2026-05-28 01:30:00,110415.0,110456.0,110386.0,110445.0,300
2026-05-28 01:35:00,110447.0,110485.0,110447.0,110466.0,300
2026-05-28 01:40:00,110464.0,110470.0,110426.0,110449.0,300
2026-05-28 01:45:00,110448.0,110453.0,110414.0,110450.0,300
2026-05-28 01:50:00,110452.0,110487.0,110452.0,110472.0,300
2026-05-28 01:55:00,110473.0,110474.0,110431.0,110448.0,300
2026-05-28 02:00:00,110446.0,110465.0,110429.0,110445.0,300
2026-05-28 02:05:00,110447.0,110489.0,110442.0,110476.0,300
2026-05-28 02:10:00,110478.0,110488.0,110454.0,110470.0,300
2026-05-28 02:15:00,110468.0,110482.0,110441.0,110441.0,300
2026-05-28 02:20:00,110442.0,110462.0,110436.0,110460.0,300
2026-05-28 02:25:00,110461.0,110482.0,110450.0,110450.0,300
2026-05-28 02:30:00,110452.0,110454.0,110403.0,110409.0,300
2026-05-28 02:35:00,110408.0,110414.0,110381.0,110393.0,300
2026-05-28 02:40:00,110391.0,110417.0,110377.0,110377.0,300
2026-05-28 02:45:00,110378.0,110382.0,110355.0,110367.0,300
2026-05-28 02:50:00,110368.0,110370.0,110342.0,110350.0,300
2026-05-28 02:55:00,110352.0,110354.0,110295.0,110296.0,300
2026-05-28 03:00:00,110295.0,110333.0,110292.0,110326.0,300
2026-05-28 03:05:00,110324.0,110367.0,110324.0,110350.0,300
2026-05-28 03:10:00,110348.0,110371.0,110333.0,110358.0,300
2026-05-28 03:15:00,110356.0,110369.0,110305.0,110326.0,300
2026-05-28 03:20:00,110327.0,110335.0,110287.0,110291.0,300
2026-05-28 03:25:00,110289.0,110300.0,110278.0,110287.0,300
2026-05-28 03:30:00,110285.0,110326.0,110273.0,110317.0,300
2026-05-28 03:35:00,110315.0,110345.0,110300.0,110302.0,300
2026-05-28 03:40:00,110300.0,110311.0,110274.0,110278.0,300
2026-05-28 03:45:00,110279.0,110300.0,110269.0,110278.0,300
2026-05-28 03:50:00,110279.0,110283.0,110255.0,110266.0,300
2026-05-28 03:55:00,110268.0,110288.0,110237.0,110282.0,300
2026-05-28 04:00:00,110281.0,110287.0,110235.0,110242.0,300
2026-05-28 04:05:00,110241.0,110283.0,110233.0,110275.0,300
2026-05-28 04:10:00,110274.0,110309.0,110272.0,110308.0,300
2026-05-28 04:15:00,110307.0,110325.0,110286.0,110290.0,300
2026-05-28 04:20:00,110289.0,110323.0,110284.0,110317.0,300
2026-05-28 04:25:00,110316.0,110346.0,110306.0,110334.0,300
2026-05-28 04:30:00,110335.0,110343.0,110287.0,110314.0,300
2026-05-28 04:35:00,110315.0,110357.0,110308.0,110346.0,300
2026-05-28 04:40:00,110347.0,110375.0,110330.0,110365.0,300
2026-05-28 04:45:00,110367.0,110420.0,110361.0,110395.0,300
2026-05-28 04:50:00,110394.0,110412.0,110387.0,110398.0,300
2026-05-28 04:55:00,110397.0,110449.0,110396.0,110437.0,300
2026-05-28 05:00:00,110436.0,110445.0,110418.0,110434.0,300
2026-05-28 05:05:00,110433.0,110440.0,110407.0,110416.0,300
2026-05-28 05:10:00,110418.0,110435.0,110407.0,110415.0,300
2026-05-28 05:15:00,110416.0,110425.0,110402.0,110416.0,300
2026-05-28 05:20:00,110414.0,110438.0,110403.0,110431.0,300
2026-05-28 05:25:00,110429.0,110444.0,110419.0,110433.0,300
2026-05-28 05:30:00,110435.0,110459.0,110423.0,110445.0,300
2026-05-28 05:35:00,110443.0,110504.0,110428.0,110500.0,300
2026-05-28 05:40:00,110502.0,110533.0,110490.0,110501.0,300
2026-05-28 05:45:00,110499.0,110531.0,110484.0,110488.0,300
2026-05-28 05:50:00,110489.0,110501.0,110461.0,110466.0,300
2026-05-28 05:55:00,110468.0,110477.0,110441.0,110461.0,300
2026-05-28 06:00:00,110462.0,110474.0,110444.0,110469.0,300
2026-05-28 06:05:00,110468.0,110496.0,110442.0,110495.0,300
2026-05-28 06:10:00,110497.0,110549.0,110494.0,110538.0,300
2026-05-28 06:15:00,110536.0,110539.0,110500.0,110515.0,300
2026-05-28 06:20:00,110517.0,110523.0,110496.0,110500.0,300
2026-05-28 06:25:00,110499.0,110515.0,110483.0,110499.0,300
2026-05-28 06:30:00,110497.0,110509.0,110473.0,110480.0,300
2026-05-28 06:35:00,110482.0,110525.0,110479.0,110513.0,300
2026-05-28 06:40:00,110515.0,110515.0,110471.0,110471.0,300
2026-05-28 06:45:00,110473.0,110473.0,110436.0,110453.0,300
2026-05-28 06:50:00,110454.0,110468.0,110430.0,110461.0,300
2026-05-28 06:55:00,110460.0,110510.0,110460.0,110507.0,300
2026-05-28 07:00:00,110506.0,110515.0,110457.0,110465.0,300
2026-05-28 07:05:00,110467.0,110467.0,110423.0,110429.0,300
2026-05-28 07:10:00,110430.0,110438.0,110392.0,110406.0,300
2026-05-28 07:15:00,110408.0,110418.0,110389.0,110389.0,300
2026-05-28 07:20:00,110390.0,110414.0,110370.0,110396.0,300
2026-05-28 07:25:00,110394.0,110418.0,110388.0,110415.0,300
2026-05-28 07:30:00,110416.0,110426.0,110395.0,110396.0,300
2026-05-28 07:35:00,110398.0,110417.0,110370.0,110413.0,300
2026-05-28 07:40:00,110414.0,110414.0,110359.0,110361.0,300
2026-05-28 07:45:00,110362.0,110392.0,110358.0,110362.0,300
2026-05-28 07:50:00,110363.0,110374.0,110323.0,110325.0,300
2026-05-28 07:55:00,110323.0,110348.0,110310.0,110332.0,300
2026-05-28 08:00:00,110331.0,110343.0,110307.0,110341.0,300
2026-05-28 08:05:00,110339.0,110370.0,110338.0,110355.0,300
2026-05-28 08:10:00,110357.0,110365.0,110344.0,110348.0,300
2026-05-28 08:15:00,110346.0,110360.0,110333.0,110353.0,300
2026-05-28 08:20:00,110352.0,110409.0,110352.0,110397.0,300
2026-05-28 08:25:00,110398.0,110406.0,110357.0,110394.0,300
2026-05-28 08:30:00,110395.0,110453.0,110395.0,110441.0,300
2026-05-28 08:35:00,110440.0,110449.0,110422.0,110438.0,300
2026-05-28 08:40:00,110436.0,110455.0,110426.0,110450.0,300
2026-05-28 08:45:00,110448.0,110507.0,110448.0,110498.0,300
2026-05-28 08:50:00,110499.0,110508.0,110474.0,110484.0,300
2026-05-28 08:55:00,110483.0,110491.0,110433.0,110446.0,300
2026-05-28 09:00:00,110444.0,110453.0,110420.0,110423.0,300
2026-05-28 09:05:00,110421.0,110450.0,110396.0,110398.0,300
2026-05-28 09:10:00,110396.0,110412.0,110379.0,110406.0,300
2026-05-28 09:15:00,110408.0,110463.0,110399.0,110452.0,300
2026-05-28 09:20:00,110453.0,110458.0,110380.0,110396.0,300
2026-05-28 09:25:00,110394.0,110396.0,110325.0,110326.0,300
2026-05-28 09:30:00,110325.0,110334.0,110294.0,110306.0,300
2026-05-28 09:35:00,110305.0,110362.0,110304.0,110357.0,300
2026-05-28 09:40:00,110355.0,110369.0,110337.0,110343.0,300
2026-05-28 09:45:00,110342.0,110366.0,110333.0,110343.0,300
2026-05-28 09:50:00,110344.0,110357.0,110321.0,110322.0,300
2026-05-28 09:55:00,110323.0,110368.0,110321.0,110355.0,300
2026-05-28 10:00:00,110353.0,110353.0,110312.0,110344.0,300
2026-05-28 10:05:00,110342.0,110349.0,110295.0,110299.0,300
2026-05-28 10:10:00,110300.0,110306.0,110257.0,110267.0,300
2026-05-28 10:15:00,110268.0,110295.0,110253.0,110282.0,300
2026-05-28 10:20:00,110283.0,110296.0,110254.0,110268.0,300
2026-05-28 10:25:00,110267.0,110274.0,110228.0,110230.0,300
2026-05-28 10:30:00,110228.0,110295.0,110213.0,110279.0,300
2026-05-28 10:35:00,110281.0,110323.0,110276.0,110305.0,300
2026-05-28 10:40:00,110307.0,110344.0,110289.0,110342.0,300
2026-05-28 10:45:00,110340.0,110344.0,110291.0,110313.0,300
2026-05-28 10:50:00,110311.0,110343.0,110305.0,110334.0,300
2026-05-28 10:55:00,110336.0,110359.0,110329.0,110353.0,300
2026-05-28 11:00:00,110352.0,110355.0,110300.0,110303.0,300
2026-05-28 11:05:00,110301.0,110359.0,110301.0,110354.0,300
2026-05-28 11:10:00,110356.0,110365.0,110337.0,110351.0,300
2026-05-28 11:15:00,110349.0,110349.0,110310.0,110342.0,300
2026-05-28 11:20:00,110341.0,110354.0,110301.0,110301.0,300
2026-05-28 11:25:00,110302.0,110302.0,110253.0,110279.0,300
2026-05-28 11:30:00,110278.0,110294.0,110260.0,110263.0,300
2026-05-28 11:35:00,110262.0,110288.0,110251.0,110288.0,300
2026-05-28 11:40:00,110287.0,110326.0,110283.0,110326.0,300
2026-05-28 11:45:00,110328.0,110350.0,110321.0,110340.0,300
2026-05-28 11:50:00,110342.0,110347.0,110292.0,110292.0,300
2026-05-28 11:55:00,110294.0,110314.0,110269.0,110278.0,300
2026-05-28 12:00:00,110276.0,110310.0,110266.0,110305.0,300
2026-05-28 12:05:00,110303.0,110323.0,110284.0,110321.0,300
2026-05-28 12:10:00,110323.0,110342.0,110306.0,110309.0,300
2026-05-28 12:15:00,110311.0,110313.0,110287.0,110295.0,300
2026-05-28 12:20:00,110294.0,110313.0,110274.0,110294.0,300
2026-05-28 12:25:00,110295.0,110295.0,110270.0,110287.0,300
2026-05-28 12:30:00,110288.0,110326.0,110285.0,110289.0,300
2026-05-28 12:35:00,110287.0,110303.0,110269.0,110295.0,300
2026-05-28 12:40:00,110297.0,110332.0,110293.0,110312.0,300
2026-05-28 12:45:00,110311.0,110347.0,110306.0,110307.0,300
2026-05-28 12:50:00,110305.0,110323.0,110290.0,110308.0,300
2026-05-28 12:55:00,110309.0,110311.0,110271.0,110279.0,300
2026-05-28 13:00:00,110280.0,110294.0,110262.0,110289.0,300
2026-05-28 13:05:00,110290.0,110307.0,110281.0,110281.0,300
2026-05-28 13:10:00,110282.0,110314.0,110270.0,110310.0,300
2026-05-28 13:15:00,110312.0,110314.0,110277.0,110311.0,300
2026-05-28 13:20:00,110313.0,110343.0,110304.0,110309.0,300
2026-05-28 13:25:00,110308.0,110310.0,110272.0,110284.0,300
2026-05-28 13:30:00,110286.0,110295.0,110235.0,110246.0,300
2026-05-28 13:35:00,110247.0,110276.0,110247.0,110267.0,300
2026-05-28 13:40:00,110265.0,110279.0,110254.0,110268.0,300
2026-05-28 13:45:00,110270.0,110292.0,110263.0,110280.0,300
2026-05-28 13:50:00,110279.0,110300.0,110261.0,110279.0,300
2026-05-28 13:55:00,110280.0,110300.0,110269.0,110269.0,300
2026-05-28 14:00:00,110267.0,110279.0,110220.0,110231.0,300
2026-05-28 14:05:00,110229.0,110263.0,110228.0,110258.0,300
2026-05-28 14:10:00,110260.0,110270.0,110225.0,110236.0,300
2026-05-28 14:15:00,110234.0,110236.0,110203.0,110227.0,300
2026-05-28 14:20:00,110229.0,110290.0,110219.0,110280.0,300
2026-05-28 14:25:00,110282.0,110292.0,110244.0,110244.0,300
2026-05-28 14:30:00,110245.0,110246.0,110201.0,110227.0,300
2026-05-28 14:35:00,110228.0,110236.0,110193.0,110196.0,300
2026-05-28 14:40:00,110198.0,110236.0,110198.0,110232.0,300
2026-05-28 14:45:00,110230.0,110248.0,110224.0,110228.0,300
2026-05-28 14:50:00,110227.0,110231.0,110198.0,110224.0,300
2026-05-28 14:55:00,110226.0,110270.0,110224.0,110251.0,300
2026-05-28 15:00:00,110252.0,110258.0,110200.0,110204.0,300
2026-05-28 15:05:00,110205.0,110236.0,110200.0,110213.0,300
2026-05-28 15:10:00,110214.0,110238.0,110214.0,110217.0,300
2026-05-28 15:15:00,110216.0,110249.0,110198.0,110240.0,300
2026-05-28 15:20:00,110241.0,110248.0,110219.0,110219.0,300
2026-05-28 15:25:00,110217.0,110246.0,110217.0,110225.0,300
2026-05-28 15:30:00,110226.0,110254.0,110221.0,110252.0,300
2026-05-28 15:35:00,110251.0,110310.0,110247.0,110293.0,300
2026-05-28 15:40:00,110295.0,110309.0,110289.0,110306.0,300
2026-05-28 15:45:00,110307.0,110343.0,110304.0,110331.0,300
2026-05-28 15:50:00,110333.0,110382.0,110332.0,110382.0,300
2026-05-28 15:55:00,110381.0,110413.0,110373.0,110402.0,300
2026-05-28 16:00:00,110400.0,110454.0,110398.0,110449.0,300
2026-05-28 16:05:00,110450.0,110488.0,110445.0,110474.0,300
2026-05-28 16:10:00,110472.0,110508.0,110468.0,110488.0,300
2026-05-28 16:15:00,110486.0,110513.0,110484.0,110502.0,300
2026-05-28 16:20:00,110501.0,110583.0,110499.0,110575.0,300
2026-05-28 16:25:00,110577.0,110591.0,110541.0,110552.0,300
2026-05-28 16:30:00,110551.0,110573.0,110536.0,110544.0,300
2026-05-28 16:35:00,110546.0,110546.0,110493.0,110511.0,300
2026-05-28 16:40:00,110509.0,110545.0,110501.0,110521.0,300
2026-05-28 16:45:00,110520.0,110563.0,110518.0,110552.0,300
2026-05-28 16:50:00,110551.0,110618.0,110551.0,110618.0,300
2026-05-28 16:55:00,110616.0,110659.0,110609.0,110639.0,300
2026-05-28 17:00:00,110637.0,110689.0,110630.0,110687.0,300
2026-05-28 17:05:00,110685.0,110702.0,110670.0,110695.0,300
2026-05-28 17:10:00,110697.0,110724.0,110692.0,110709.0,300
2026-05-28 17:15:00,110710.0,110710.0,110681.0,110685.0,300
2026-05-28 17:20:00,110683.0,110706.0,110659.0,110661.0,300
2026-05-28 17:25:00,110659.0,110686.0,110645.0,110651.0,300
2026-05-28 17:30:00,110649.0,110654.0,110589.0,110616.0,300
2026-05-28 17:35:00,110614.0,110652.0,110604.0,110650.0,300
2026-05-28 17:40:00,110651.0,110666.0,110635.0,110639.0,300
2026-05-28 17:45:00,110640.0,110669.0,110635.0,110656.0,300
2026-05-28 17:50:00,110657.0,110665.0,110639.0,110662.0,300
2026-05-28 17:55:00,110663.0,110677.0,110652.0,110665.0,300
2026-05-28 18:00:00,110667.0,110670.0,110622.0,110645.0,300
2026-05-28 18:05:00,110643.0,110651.0,110605.0,110611.0,300
2026-05-28 18:10:00,110613.0,110629.0,110592.0,110599.0,300
2026-05-28 18:15:00,110600.0,110612.0,110559.0,110560.0,300
2026-05-28 18:20:00,110558.0,110593.0,110553.0,110589.0,300
2026-05-28 18:25:00,110591.0,110645.0,110581.0,110645.0,300
2026-05-28 18:30:00,110643.0,110662.0,110596.0,110602.0,300
2026-05-28 18:35:00,110600.0,110623.0,110584.0,110595.0,300
2026-05-28 18:40:00,110597.0,110609.0,110577.0,110600.0,300
2026-05-28 18:45:00,110599.0,110600.0,110559.0,110564.0,300
2026-05-28 18:50:00,110563.0,110579.0,110544.0,110547.0,300
2026-05-28 18:55:00,110546.0,110557.0,110526.0,110544.0,300
2026-05-28 19:00:00,110543.0,110567.0,110510.0,110528.0,300
2026-05-28 19:05:00,110526.0,110541.0,110489.0,110503.0,300
2026-05-28 19:10:00,110501.0,110512.0,110475.0,110482.0,300
2026-05-28 19:15:00,110484.0,110503.0,110462.0,110472.0,300
2026-05-28 19:20:00,110471.0,110485.0,110444.0,110465.0,300
2026-05-28 19:25:00,110467.0,110491.0,110464.0,110474.0,300
2026-05-28 19:30:00,110472.0,110501.0,110465.0,110487.0,300
2026-05-28 19:35:00,110488.0,110497.0,110474.0,110496.0,300
2026-05-28 19:40:00,110494.0,110538.0,110490.0,110515.0,300
2026-05-28 19:45:00,110513.0,110541.0,110507.0,110518.0,300
2026-05-28 19:50:00,110520.0,110546.0,110518.0,110521.0,300
2026-05-28 19:55:00,110519.0,110534.0,110504.0,110534.0,300
2026-05-28 20:00:00,110535.0,110555.0,110529.0,110541.0,300
2026-05-28 20:05:00,110542.0,110582.0,110534.0,110550.0,300
2026-05-28 20:10:00,110548.0,110555.0,110516.0,110551.0,300
2026-05-28 20:15:00,110549.0,110614.0,110542.0,110614.0,300
2026-05-28 20:20:00,110616.0,110616.0,110557.0,110564.0,300
2026-05-28 20:25:00,110563.0,110571.0,110532.0,110548.0,300
2026-05-28 20:30:00,110547.0,110582.0,110540.0,110545.0,300
2026-05-28 20:35:00,110544.0,110569.0,110531.0,110554.0,300
2026-05-28 20:40:00,110555.0,110555.0,110530.0,110549.0,300
2026-05-28 20:45:00,110550.0,110558.0,110512.0,110515.0,300
2026-05-28 20:50:00,110516.0,110552.0,110507.0,110548.0,300
2026-05-28 20:55:00,110547.0,110552.0,110503.0,110515.0,300
2026-05-28 21:00:00,110513.0,110536.0,110497.0,110512.0,300
2026-05-28 21:05:00,110514.0,110557.0,110507.0,110547.0,300
2026-05-28 21:10:00,110546.0,110572.0,110534.0,110572.0,300
2026-05-28 21:15:00,110571.0,110579.0,110529.0,110550.0,300
2026-05-28 21:20:00,110549.0,110560.0,110536.0,110545.0,300
2026-05-28 21:25:00,110543.0,110555.0,110514.0,110518.0,300
2026-05-28 21:30:00,110519.0,110541.0,110512.0,110525.0,300
2026-05-28 21:35:00,110526.0,110529.0,110475.0,110487.0,300
2026-05-28 21:40:00,110488.0,110488.0,110447.0,110447.0,300
2026-05-28 21:45:00,110448.0,110463.0,110387.0,110412.0,300
2026-05-28 21:50:00,110414.0,110452.0,110389.0,110408.0,300
2026-05-28 21:55:00,110410.0,110428.0,110399.0,110418.0,300
2026-05-28 22:00:00,110420.0,110436.0,110402.0,110427.0,300
2026-05-28 22:05:00,110425.0,110485.0,110418.0,110466.0,300
2026-05-28 22:10:00,110467.0,110490.0,110462.0,110469.0,300
2026-05-28 22:15:00,110468.0,110507.0,110463.0,110497.0,300
2026-05-28 22:20:00,110495.0,110506.0,110474.0,110500.0,300
2026-05-28 22:25:00,110501.0,110510.0,110460.0,110464.0,300
2026-05-28 22:30:00,110463.0,110488.0,110460.0,110484.0,300
2026-05-28 22:35:00,110483.0,110548.0,110477.0,110543.0,300
2026-05-28 22:40:00,110544.0,110544.0,110508.0,110530.0,300
2026-05-28 22:45:00,110532.0,110573.0,110530.0,110540.0,300
2026-05-28 22:50:00,110539.0,110604.0,110537.0,110587.0,300
2026-05-28 22:55:00,110588.0,110612.0,110559.0,110582.0,300
2026-05-28 23:00:00,110581.0,110620.0,110574.0,110578.0,300
2026-05-28 23:05:00,110576.0,110576.0,110514.0,110514.0,300
2026-05-28 23:10:00,110516.0,110538.0,110511.0,110538.0,300
2026-05-28 23:15:00,110540.0,110564.0,110529.0,110545.0,300
2026-05-28 23:20:00,110546.0,110554.0,110515.0,110529.0,300
2026-05-28 23:25:00,110531.0,110546.0,110513.0,110521.0,300
2026-05-28 23:30:00,110523.0,110575.0,110509.0,110575.0,300
2026-05-28 23:35:00,110576.0,110623.0,110552.0,110606.0,300
2026-05-28 23:40:00,110607.0,110630.0,110607.0,110622.0,300
2026-05-28 23:45:00,110621.0,110637.0,110608.0,110619.0,300
2026-05-28 23:50:00,110617.0,110633.0,110603.0,110611.0,300
2026-05-28 23:55:00,110613.0,110632.0,110600.0,110611.0,300
2026-05-29 00:00:00,110612.0,110628.0,110598.0,110600.0,300
2026-05-29 00:05:00,110601.0,110607.0,110568.0,110570.0,300
2026-05-29 00:10:00,110568.0,110588.0,110514.0,110518.0,300
2026-05-29 00:15:00,110520.0,110601.0,110516.0,110596.0,300
2026-05-29 00:20:00,110598.0,110630.0,110587.0,110602.0,300
2026-05-29 00:25:00,110600.0,110602.0,110567.0,110574.0,300
2026-05-29 00:30:00,110575.0,110584.0,110546.0,110546.0,300
2026-05-29 00:35:00,110547.0,110578.0,110547.0,110565.0,300
2026-05-29 00:40:00,110564.0,110589.0,110547.0,110559.0,300
2026-05-29 00:45:00,110557.0,110566.0,110505.0,110505.0,300
2026-05-29 00:50:00,110507.0,110543.0,110490.0,110536.0,300
2026-05-29 00:55:00,110534.0,110569.0,110526.0,110560.0,300
2026-05-29 01:00:00,110561.0,110582.0,110557.0,110573.0,300
2026-05-29 01:05:00,110572.0,110576.0,110509.0,110519.0,300
2026-05-29 01:10:00,110521.0,110529.0,110487.0,110497.0,300
2026-05-29 01:15:00,110496.0,110500.0,110463.0,110488.0,300
2026-05-29 01:20:00,110486.0,110489.0,110464.0,110488.0,300
2026-05-29 01:25:00,110487.0,110507.0,110474.0,110503.0,300
2026-05-29 01:30:00,110501.0,110512.0,110466.0,110487.0,300
2026-05-29 01:35:00,110488.0,110522.0,110471.0,110517.0,300
2026-05-29 01:40:00,110518.0,110531.0,110502.0,110502.0,300
2026-05-29 01:45:00,110500.0,110511.0,110471.0,110473.0,300
2026-05-29 01:50:00,110475.0,110484.0,110445.0,110445.0,300
2026-05-29 01:55:00,110447.0,110499.0,110447.0,110490.0,300
2026-05-29 02:00:00,110489.0,110536.0,110487.0,110494.0,300
2026-05-29 02:05:00,110492.0,110553.0,110484.0,110539.0,300
2026-05-29 02:10:00,110540.0,110549.0,110526.0,110531.0,300
2026-05-29 02:15:00,110530.0,110557.0,110519.0,110541.0,300
2026-05-29 02:20:00,110542.0,110548.0,110517.0,110531.0,300
2026-05-29 02:25:00,110530.0,110598.0,110522.0,110582.0,300
2026-05-29 02:30:00,110581.0,110605.0,110569.0,110570.0,300
2026-05-29 02:35:00,110571.0,110582.0,110537.0,110543.0,300
2026-05-29 02:40:00,110544.0,110560.0,110518.0,110520.0,300
2026-05-29 02:45:00,110521.0,110560.0,110519.0,110537.0,300
2026-05-29 02:50:00,110536.0,110542.0,110484.0,110495.0,300
2026-05-29 02:55:00,110497.0,110542.0,110472.0,110514.0,300
2026-05-29 03:00:00,110516.0,110521.0,110501.0,110519.0,300
2026-05-29 03:05:00,110517.0,110561.0,110517.0,110549.0,300
2026-05-29 03:10:00,110547.0,110554.0,110505.0,110519.0,300
2026-05-29 03:15:00,110520.0,110544.0,110499.0,110541.0,300
2026-05-29 03:20:00,110543.0,110562.0,110502.0,110511.0,300
2026-05-29 03:25:00,110513.0,110543.0,110512.0,110537.0,300
2026-05-29 03:30:00,110538.0,110563.0,110528.0,110528.0,300
2026-05-29 03:35:00,110526.0,110529.0,110489.0,110500.0,300
2026-05-29 03:40:00,110499.0,110504.0,110468.0,110488.0,300
2026-05-29 03:45:00,110487.0,110501.0,110470.0,110498.0,300
2026-05-29 03:50:00,110499.0,110528.0,110481.0,110489.0,300
2026-05-29 03:55:00,110491.0,110519.0,110486.0,110505.0,300
2026-05-29 04:00:00,110503.0,110552.0,110502.0,110517.0,300
2026-05-29 04:05:00,110519.0,110548.0,110506.0,110538.0,300
2026-05-29 04:10:00,110539.0,110548.0,110483.0,110491.0,300
2026-05-29 04:15:00,110490.0,110526.0,110484.0,110488.0,300
2026-05-29 04:20:00,110487.0,110487.0,110436.0,110454.0,300
2026-05-29 04:25:00,110453.0,110492.0,110449.0,110489.0,300
2026-05-29 04:30:00,110491.0,110528.0,110479.0,110516.0,300
2026-05-29 04:35:00,110517.0,110532.0,110501.0,110515.0,300
2026-05-29 04:40:00,110517.0,110534.0,110502.0,110520.0,300
2026-05-29 04:45:00,110522.0,110530.0,110504.0,110530.0,300
2026-05-29 04:50:00,110531.0,110567.0,110530.0,110555.0,300
2026-05-29 04:55:00,110556.0,110586.0,110541.0,110572.0,300
2026-05-29 05:00:00,110573.0,110575.0,110518.0,110522.0,300
2026-05-29 05:05:00,110523.0,110535.0,110482.0,110483.0,300
2026-05-29 05:10:00,110484.0,110495.0,110463.0,110469.0,300
2026-05-29 05:15:00,110470.0,110495.0,110461.0,110475.0,300
2026-05-29 05:20:00,110473.0,110482.0,110461.0,110482.0,300
2026-05-29 05:25:00,110480.0,110497.0,110471.0,110494.0,300
2026-05-29 05:30:00,110493.0,110503.0,110477.0,110488.0,300
2026-05-29 05:35:00,110490.0,110529.0,110489.0,110505.0,300
2026-05-29 05:40:00,110507.0,110511.0,110492.0,110509.0,300
2026-05-29 05:45:00,110507.0,110510.0,110447.0,110476.0,300
2026-05-29 05:50:00,110478.0,110508.0,110473.0,110501.0,300
2026-05-29 05:55:00,110499.0,110507.0,110458.0,110461.0,300
2026-05-29 06:00:00,110460.0,110465.0,110404.0,110411.0,300
2026-05-29 06:05:00,110413.0,110424.0,110368.0,110376.0,300
2026-05-29 06:10:00,110374.0,110404.0,110359.0,110397.0,300
2026-05-29 06:15:00,110398.0,110445.0,110387.0,110427.0,300
2026-05-29 06:20:00,110429.0,110438.0,110390.0,110398.0,300
2026-05-29 06:25:00,110397.0,110407.0,110382.0,110397.0,300
2026-05-29 06:30:00,110396.0,110421.0,110382.0,110419.0,300
2026-05-29 06:35:00,110420.0,110439.0,110418.0,110426.0,300
2026-05-29 06:40:00,110424.0,110428.0,110379.0,110412.0,300
2026-05-29 06:45:00,110414.0,110447.0,110405.0,110436.0,300
2026-05-29 06:50:00,110437.0,110444.0,110418.0,110437.0,300
2026-05-29 06:55:00,110436.0,110451.0,110418.0,110437.0,300
2026-05-29 07:00:00,110436.0,110446.0,110409.0,110413.0,300
2026-05-29 07:05:00,110412.0,110424.0,110380.0,110383.0,300
2026-05-29 07:10:00,110385.0,110394.0,110339.0,110353.0,300
2026-05-29 07:15:00,110354.0,110381.0,110341.0,110381.0,300
2026-05-29 07:20:00,110383.0,110436.0,110375.0,110432.0,300
2026-05-29 07:25:00,110430.0,110438.0,110392.0,110412.0,300
2026-05-29 07:30:00,110414.0,110447.0,110397.0,110402.0,300
2026-05-29 07:35:00,110401.0,110434.0,110400.0,110425.0,300
2026-05-29 07:40:00,110423.0,110459.0,110422.0,110436.0,300
2026-05-29 07:45:00,110435.0,110435.0,110404.0,110413.0,300
2026-05-29 07:50:00,110414.0,110439.0,110408.0,110410.0,300
2026-05-29 07:55:00,110408.0,110410.0,110373.0,110400.0,300
2026-05-29 08:00:00,110401.0,110407.0,110384.0,110406.0,300
2026-05-29 08:05:00,110404.0,110451.0,110398.0,110451.0,300
2026-05-29 08:10:00,110449.0,110470.0,110420.0,110425.0,300
2026-05-29 08:15:00,110426.0,110434.0,110389.0,110407.0,300
2026-05-29 08:20:00,110405.0,110434.0,110400.0,110420.0,300
2026-05-29 08:25:00,110419.0,110448.0,110416.0,110439.0,300
2026-05-29 08:30:00,110441.0,110456.0,110430.0,110434.0,300
2026-05-29 08:35:00,110436.0,110470.0,110435.0,110470.0,300
2026-05-29 08:40:00,110469.0,110483.0,110447.0,110453.0,300
2026-05-29 08:45:00,110452.0,110470.0,110430.0,110433.0,300
2026-05-29 08:50:00,110432.0,110457.0,110423.0,110451.0,300
2026-05-29 08:55:00,110452.0,110462.0,110406.0,110423.0,300
2026-05-29 09:00:00,110421.0,110429.0,110374.0,110377.0,300
2026-05-29 09:05:00,110375.0,110382.0,110359.0,110365.0,300
2026-05-29 09:10:00,110367.0,110379.0,110342.0,110362.0,300
2026-05-29 09:15:00,110363.0,110412.0,110359.0,110409.0,300
2026-05-29 09:20:00,110408.0,110434.0,110394.0,110425.0,300
2026-05-29 09:25:00,110423.0,110437.0,110397.0,110431.0,300
2026-05-29 09:30:00,110432.0,110433.0,110396.0,110416.0,300
2026-05-29 09:35:00,110415.0,110425.0,110386.0,110392.0,300
2026-05-29 09:40:00,110391.0,110468.0,110385.0,110465.0,300
2026-05-29 09:45:00,110467.0,110486.0,110445.0,110446.0,300
2026-05-29 09:50:00,110448.0,110467.0,110434.0,110463.0,300
2026-05-29 09:55:00,110462.0,110527.0,110453.0,110519.0,300
2026-05-29 10:00:00,110520.0,110541.0,110496.0,110496.0,300
2026-05-29 10:05:00,110497.0,110531.0,110494.0,110531.0,300
2026-05-29 10:10:00,110533.0,110582.0,110533.0,110580.0,300
2026-05-29 10:15:00,110579.0,110588.0,110554.0,110560.0,300
2026-05-29 10:20:00,110561.0,110584.0,110553.0,110573.0,300
2026-05-29 10:25:00,110574.0,110602.0,110559.0,110601.0,300
2026-05-29 10:30:00,110603.0,110620.0,110593.0,110619.0,300
2026-05-29 10:35:00,110618.0,110636.0,110604.0,110611.0,300
2026-05-29 10:40:00,110612.0,110637.0,110608.0,110632.0,300
2026-05-29 10:45:00,110634.0,110636.0,110578.0,110592.0,300
2026-05-29 10:50:00,110593.0,110601.0,110573.0,110583.0,300
2026-05-29 10:55:00,110582.0,110625.0,110572.0,110596.0,300
2026-05-29 11:00:00,110594.0,110636.0,110586.0,110632.0,300
2026-05-29 11:05:00,110634.0,110665.0,110632.0,110658.0,300
2026-05-29 11:10:00,110659.0,110678.0,110647.0,110661.0,300
2026-05-29 11:15:00,110660.0,110678.0,110649.0,110662.0,300
2026-05-29 11:20:00,110661.0,110684.0,110614.0,110622.0,300
2026-05-29 11:25:00,110620.0,110649.0,110618.0,110628.0,300
2026-05-29 11:30:00,110626.0,110640.0,110584.0,110599.0,300
2026-05-29 11:35:00,110597.0,110654.0,110595.0,110654.0,300
2026-05-29 11:40:00,110656.0,110731.0,110656.0,110729.0,300
2026-05-29 11:45:00,110731.0,110746.0,110707.0,110709.0,300
2026-05-29 11:50:00,110708.0,110716.0,110656.0,110665.0,300
2026-05-29 11:55:00,110663.0,110688.0,110656.0,110688.0,300
2026-05-29 12:00:00,110690.0,110714.0,110671.0,110699.0,300
2026-05-29 12:05:00,110700.0,110730.0,110689.0,110712.0,300
2026-05-29 12:10:00,110710.0,110742.0,110691.0,110739.0,300
2026-05-29 12:15:00,110740.0,110766.0,110732.0,110761.0,300
2026-05-29 12:20:00,110763.0,110787.0,110730.0,110738.0,300
2026-05-29 12:25:00,110740.0,110747.0,110720.0,110739.0,300
2026-05-29 12:30:00,110737.0,110759.0,110731.0,110752.0,300
2026-05-29 12:35:00,110754.0,110818.0,110753.0,110812.0,300
2026-05-29 12:40:00,110813.0,110817.0,110787.0,110805.0,300
2026-05-29 12:45:00,110806.0,110809.0,110772.0,110791.0,300
2026-05-29 12:50:00,110790.0,110802.0,110742.0,110742.0,300
2026-05-29 12:55:00,110741.0,110797.0,110741.0,110789.0,300
2026-05-29 13:00:00,110787.0,110791.0,110748.0,110762.0,300
2026-05-29 13:05:00,110761.0,110772.0,110736.0,110768.0,300
2026-05-29 13:10:00,110767.0,110769.0,110721.0,110728.0,300
2026-05-29 13:15:00,110726.0,110732.0,110688.0,110707.0,300
2026-05-29 13:20:00,110709.0,110714.0,110666.0,110698.0,300
2026-05-29 13:25:00,110697.0,110703.0,110647.0,110661.0,300
2026-05-29 13:30:00,110659.0,110681.0,110648.0,110674.0,300
2026-05-29 13:35:00,110672.0,110678.0,110611.0,110611.0,300
2026-05-29 13:40:00,110610.0,110610.0,110576.0,110596.0,300
2026-05-29 13:45:00,110598.0,110622.0,110587.0,110603.0,300
2026-05-29 13:50:00,110601.0,110614.0,110581.0,110598.0,300
2026-05-29 13:55:00,110597.0,110629.0,110593.0,110599.0,300
2026-05-29 14:00:00,110601.0,110607.0,110568.0,110591.0,300
2026-05-29 14:05:00,110589.0,110601.0,110556.0,110556.0,300
2026-05-29 14:10:00,110558.0,110572.0,110530.0,110534.0,300
2026-05-29 14:15:00,110532.0,110550.0,110520.0,110530.0,300
2026-05-29 14:20:00,110531.0,110540.0,110512.0,110525.0,300
2026-05-29 14:25:00,110524.0,110535.0,110506.0,110510.0,300
2026-05-29 14:30:00,110512.0,110531.0,110464.0,110465.0,300
2026-05-29 14:35:00,110464.0,110477.0,110444.0,110450.0,300
2026-05-29 14:40:00,110451.0,110481.0,110446.0,110459.0,300
2026-05-29 14:45:00,110461.0,110469.0,110436.0,110441.0,300
2026-05-29 14:50:00,110440.0,110447.0,110407.0,110407.0,300
2026-05-29 14:55:00,110406.0,110477.0,110390.0,110471.0,300
2026-05-29 15:00:00,110470.0,110496.0,110468.0,110473.0,300
2026-05-29 15:05:00,110472.0,110485.0,110454.0,110462.0,300
2026-05-29 15:10:00,110464.0,110480.0,110440.0,110476.0,300
2026-05-29 15:15:00,110475.0,110497.0,110463.0,110480.0,300
2026-05-29 15:20:00,110478.0,110503.0,110464.0,110494.0,300
2026-05-29 15:25:00,110496.0,110524.0,110491.0,110519.0,300
2026-05-29 15:30:00,110518.0,110521.0,110489.0,110508.0,300
2026-05-29 15:35:00,110506.0,110530.0,110501.0,110501.0,300
2026-05-29 15:40:00,110503.0,110514.0,110453.0,110456.0,300
2026-05-29 15:45:00,110457.0,110475.0,110453.0,110468.0,300
2026-05-29 15:50:00,110469.0,110506.0,110465.0,110496.0,300
2026-05-29 15:55:00,110498.0,110527.0,110496.0,110522.0,300
2026-05-29 16:00:00,110521.0,110521.0,110466.0,110466.0,300
2026-05-29 16:05:00,110464.0,110471.0,110444.0,110449.0,300
2026-05-29 16:10:00,110447.0,110457.0,110427.0,110447.0,300
2026-05-29 16:15:00,110446.0,110455.0,110414.0,110421.0,300
2026-05-29 16:20:00,110420.0,110451.0,110411.0,110436.0,300
2026-05-29 16:25:00,110437.0,110499.0,110423.0,110496.0,300
2026-05-29 16:30:00,110497.0,110525.0,110448.0,110461.0,300
2026-05-29 16:35:00,110459.0,110459.0,110422.0,110437.0,300
2026-05-29 16:40:00,110435.0,110439.0,110413.0,110415.0,300
2026-05-29 16:45:00,110413.0,110481.0,110412.0,110472.0,300
2026-05-29 16:50:00,110473.0,110510.0,110470.0,110496.0,300
2026-05-29 16:55:00,110494.0,110511.0,110469.0,110498.0,300
2026-05-29 17:00:00,110499.0,110517.0,110487.0,110494.0,300
2026-05-29 17:05:00,110493.0,110519.0,110476.0,110513.0,300
2026-05-29 17:10:00,110511.0,110520.0,110488.0,110518.0,300
2026-05-29 17:15:00,110519.0,110526.0,110481.0,110490.0,300
2026-05-29 17:20:00,110491.0,110508.0,110486.0,110500.0,300
2026-05-29 17:25:00,110499.0,110518.0,110458.0,110461.0,300
2026-05-29 17:30:00,110462.0,110469.0,110425.0,110443.0,300
2026-05-29 17:35:00,110441.0,110464.0,110425.0,110448.0,300
2026-05-29 17:40:00,110450.0,110461.0,110408.0,110431.0,300
2026-05-29 17:45:00,110429.0,110455.0,110419.0,110442.0,300
2026-05-29 17:50:00,110440.0,110462.0,110431.0,110432.0,300
2026-05-29 17:55:00,110434.0,110473.0,110418.0,110460.0,300
2026-05-29 18:00:00,110458.0,110497.0,110457.0,110470.0,300
2026-05-29 18:05:00,110471.0,110499.0,110455.0,110461.0,300
2026-05-29 18:10:00,110463.0,110473.0,110437.0,110447.0,300
2026-05-29 18:15:00,110449.0,110452.0,110428.0,110432.0,300
2026-05-29 18:20:00,110434.0,110450.0,110416.0,110417.0,300
2026-05-29 18:25:00,110415.0,110416.0,110367.0,110373.0,300
2026-05-29 18:30:00,110374.0,110388.0,110356.0,110381.0,300
2026-05-29 18:35:00,110382.0,110382.0,110318.0,110319.0,300
2026-05-29 18:40:00,110320.0,110332.0,110304.0,110329.0,300
2026-05-29 18:45:00,110331.0,110367.0,110317.0,110367.0,300
2026-05-29 18:50:00,110369.0,110379.0,110342.0,110358.0,300
2026-05-29 18:55:00,110357.0,110365.0,110317.0,110317.0,300
2026-05-29 19:00:00,110318.0,110358.0,110315.0,110331.0,300
2026-05-29 19:05:00,110329.0,110331.0,110286.0,110294.0,300
2026-05-29 19:10:00,110293.0,110322.0,110290.0,110322.0,300
2026-05-29 19:15:00,110324.0,110334.0,110288.0,110300.0,300
2026-05-29 19:20:00,110299.0,110307.0,110278.0,110292.0,300
2026-05-29 19:25:00,110294.0,110316.0,110285.0,110311.0,300
2026-05-29 19:30:00,110312.0,110320.0,110288.0,110299.0,300
2026-05-29 19:35:00,110300.0,110317.0,110277.0,110314.0,300
2026-05-29 19:40:00,110315.0,110354.0,110308.0,110317.0,300
2026-05-29 19:45:00,110318.0,110330.0,110298.0,110329.0,300
2026-05-29 19:50:00,110328.0,110334.0,110303.0,110317.0,300
2026-05-29 19:55:00,110315.0,110330.0,110295.0,110299.0,300
2026-05-29 20:00:00,110301.0,110303.0,110258.0,110267.0,300
2026-05-29 20:05:00,110266.0,110287.0,110246.0,110284.0,300
2026-05-29 20:10:00,110283.0,110288.0,110233.0,110272.0,300
2026-05-29 20:15:00,110271.0,110293.0,110259.0,110265.0,300
2026-05-29 20:20:00,110267.0,110282.0,110246.0,110254.0,300
2026-05-29 20:25:00,110253.0,110267.0,110228.0,110249.0,300
2026-05-29 20:30:00,110247.0,110281.0,110243.0,110281.0,300
2026-05-29 20:35:00,110279.0,110283.0,110215.0,110221.0,300
2026-05-29 20:40:00,110222.0,110234.0,110194.0,110216.0,300
2026-05-29 20:45:00,110217.0,110218.0,110174.0,110206.0,300
2026-05-29 20:50:00,110204.0,110239.0,110201.0,110222.0,300
2026-05-29 20:55:00,110220.0,110220.0,110182.0,110187.0,300
2026-05-29 21:00:00,110186.0,110194.0,110161.0,110193.0,300
2026-05-29 21:05:00,110191.0,110191.0,110164.0,110173.0,300
2026-05-29 21:10:00,110175.0,110217.0,110173.0,110197.0,300
2026-05-29 21:15:00,110196.0,110222.0,110187.0,110222.0,300
2026-05-29 21:20:00,110224.0,110237.0,110194.0,110196.0,300
2026-05-29 21:25:00,110194.0,110207.0,110180.0,110198.0,300
2026-05-29 21:30:00,110197.0,110228.0,110193.0,110225.0,300
2026-05-29 21:35:00,110223.0,110238.0,110198.0,110207.0,300
2026-05-29 21:40:00,110205.0,110209.0,110161.0,110164.0,300
2026-05-29 21:45:00,110165.0,110189.0,110155.0,110188.0,300
2026-05-29 21:50:00,110189.0,110195.0,110158.0,110181.0,300
2026-05-29 21:55:00,110179.0,110192.0,110166.0,110179.0,300
2026-05-29 22:00:00,110177.0,110219.0,110171.0,110207.0,300
2026-05-29 22:05:00,110209.0,110214.0,110186.0,110187.0,300
2026-05-29 22:10:00,110188.0,110196.0,110135.0,110173.0,300
2026-05-29 22:15:00,110174.0,110202.0,110145.0,110196.0,300
2026-05-29 22:20:00,110195.0,110221.0,110179.0,110187.0,300
2026-05-29 22:25:00,110185.0,110192.0,110165.0,110190.0,300
2026-05-29 22:30:00,110191.0,110192.0,110171.0,110178.0,300
2026-05-29 22:35:00,110179.0,110189.0,110146.0,110146.0,300
2026-05-29 22:40:00,110147.0,110157.0,110123.0,110131.0,300
2026-05-29 22:45:00,110129.0,110139.0,110090.0,110121.0,300
2026-05-29 22:50:00,110120.0,110171.0,110112.0,110132.0,300
2026-05-29 22:55:00,110131.0,110133.0,110093.0,110113.0,300
2026-05-29 23:00:00,110111.0,110152.0,110110.0,110139.0,300
2026-05-29 23:05:00,110140.0,110180.0,110136.0,110173.0,300
2026-05-29 23:10:00,110174.0,110183.0,110135.0,110145.0,300
2026-05-29 23:15:00,110147.0,110194.0,110140.0,110193.0,300
2026-05-29 23:20:00,110194.0,110257.0,110191.0,110251.0,300
2026-05-29 23:25:00,110252.0,110253.0,110204.0,110206.0,300
2026-05-29 23:30:00,110207.0,110207.0,110168.0,110170.0,300
2026-05-29 23:35:00,110172.0,110212.0,110163.0,110188.0,300
2026-05-29 23:40:00,110189.0,110215.0,110180.0,110212.0,300
2026-05-29 23:45:00,110210.0,110222.0,110188.0,110222.0,300
2026-05-29 23:50:00,110221.0,110272.0,110216.0,110270.0,300
2026-05-29 23:55:00,110271.0,110311.0,110264.0,110300.0,300
2026-05-30 00:00:00,110302.0,110310.0,110277.0,110290.0,300
2026-05-30 00:05:00,110292.0,110295.0,110251.0,110255.0,300
2026-05-30 00:10:00,110256.0,110301.0,110243.0,110274.0,300
2026-05-30 00:15:00,110273.0,110273.0,110233.0,110257.0,300
2026-05-30 00:20:00,110256.0,110262.0,110225.0,110225.0,300
2026-05-30 00:25:00,110223.0,110253.0,110223.0,110228.0,300
2026-05-30 00:30:00,110230.0,110243.0,110187.0,110191.0,300
2026-05-30 00:35:00,110193.0,110240.0,110190.0,110234.0,300
2026-05-30 00:40:00,110232.0,110255.0,110228.0,110251.0,300
2026-05-30 00:45:00,110250.0,110259.0,110208.0,110226.0,300
2026-05-30 00:50:00,110227.0,110230.0,110203.0,110219.0,300
2026-05-30 00:55:00,110218.0,110225.0,110177.0,110183.0,300
2026-05-30 01:00:00,110184.0,110223.0,110181.0,110206.0,300
2026-05-30 01:05:00,110205.0,110217.0,110181.0,110217.0,300
2026-05-30 01:10:00,110216.0,110301.0,110216.0,110289.0,300
2026-05-30 01:15:00,110288.0,110343.0,110282.0,110333.0,300
2026-05-30 01:20:00,110335.0,110372.0,110318.0,110367.0,300
2026-05-30 01:25:00,110366.0,110396.0,110351.0,110369.0,300
2026-05-30 01:30:00,110368.0,110371.0,110345.0,110364.0,300
2026-05-30 01:35:00,110366.0,110401.0,110354.0,110386.0,300
2026-05-30 01:40:00,110387.0,110393.0,110346.0,110348.0,300
2026-05-30 01:45:00,110346.0,110346.0,110288.0,110290.0,300
2026-05-30 01:50:00,110288.0,110351.0,110274.0,110351.0,300
2026-05-30 01:55:00,110350.0,110356.0,110326.0,110342.0,300
2026-05-30 02:00:00,110344.0,110387.0,110344.0,110387.0,300
2026-05-30 02:05:00,110386.0,110427.0,110380.0,110409.0,300
2026-05-30 02:10:00,110408.0,110417.0,110372.0,110390.0,300
2026-05-30 02:15:00,110392.0,110405.0,110362.0,110373.0,300
2026-05-30 02:20:00,110372.0,110383.0,110351.0,110375.0,300
2026-05-30 02:25:00,110374.0,110424.0,110364.0,110410.0,300
2026-05-30 02:30:00,110408.0,110441.0,110392.0,110439.0,300
2026-05-30 02:35:00,110441.0,110464.0,110432.0,110443.0,300
2026-05-30 02:40:00,110444.0,110460.0,110424.0,110433.0,300
2026-05-30 02:45:00,110431.0,110467.0,110430.0,110440.0,300
2026-05-30 02:50:00,110442.0,110449.0,110406.0,110435.0,300
2026-05-30 02:55:00,110434.0,110478.0,110415.0,110470.0,300
2026-05-30 03:00:00,110468.0,110525.0,110465.0,110517.0,300
2026-05-30 03:05:00,110515.0,110546.0,110512.0,110528.0,300
2026-05-30 03:10:00,110527.0,110533.0,110509.0,110519.0,300
2026-05-30 03:15:00,110520.0,110526.0,110486.0,110496.0,300
2026-05-30 03:20:00,110498.0,110523.0,110493.0,110518.0,300
2026-05-30 03:25:00,110516.0,110557.0,110507.0,110552.0,300
2026-05-30 03:30:00,110553.0,110557.0,110489.0,110498.0,300
2026-05-30 03:35:00,110497.0,110526.0,110496.0,110512.0,300
2026-05-30 03:40:00,110514.0,110535.0,110512.0,110513.0,300
2026-05-30 03:45:00,110512.0,110554.0,110512.0,110550.0,300
2026-05-30 03:50:00,110549.0,110559.0,110534.0,110536.0,300
2026-05-30 03:55:00,110537.0,110600.0,110531.0,110585.0,300
2026-05-30 04:00:00,110586.0,110592.0,110543.0,110547.0,300
2026-05-30 04:05:00,110549.0,110554.0,110525.0,110553.0,300
2026-05-30 04:10:00,110552.0,110616.0,110545.0,110611.0,300
2026-05-30 04:15:00,110610.0,110614.0,110583.0,110585.0,300
2026-05-30 04:20:00,110583.0,110585.0,110546.0,110564.0,300
2026-05-30 04:25:00,110562.0,110577.0,110540.0,110545.0,300
2026-05-30 04:30:00,110544.0,110566.0,110535.0,110543.0,300
2026-05-30 04:35:00,110542.0,110594.0,110542.0,110566.0,300
2026-05-30 04:40:00,110568.0,110586.0,110531.0,110536.0,300
2026-05-30 04:45:00,110537.0,110585.0,110532.0,110583.0,300
2026-05-30 04:50:00,110582.0,110619.0,110568.0,110614.0,300
2026-05-30 04:55:00,110612.0,110624.0,110593.0,110606.0,300
2026-05-30 05:00:00,110604.0,110619.0,110588.0,110601.0,300
2026-05-30 05:05:00,110600.0,110602.0,110531.0,110536.0,300
2026-05-30 05:10:00,110534.0,110561.0,110522.0,110528.0,300
2026-05-30 05:15:00,110526.0,110526.0,110479.0,110493.0,300
2026-05-30 05:20:00,110491.0,110497.0,110453.0,110495.0,300
2026-05-30 05:25:00,110493.0,110532.0,110492.0,110515.0,300
2026-05-30 05:30:00,110516.0,110531.0,110503.0,110512.0,300
2026-05-30 05:35:00,110514.0,110540.0,110499.0,110499.0,300
2026-05-30 05:40:00,110497.0,110541.0,110491.0,110538.0,300
2026-05-30 05:45:00,110540.0,110573.0,110535.0,110564.0,300
2026-05-30 05:50:00,110566.0,110633.0,110556.0,110629.0,300
2026-05-30 05:55:00,110630.0,110635.0,110580.0,110580.0,300
2026-05-30 06:00:00,110581.0,110625.0,110567.0,110614.0,300
2026-05-30 06:05:00,110616.0,110662.0,110613.0,110615.0,300
2026-05-30 06:10:00,110613.0,110626.0,110589.0,110614.0,300
2026-05-30 06:15:00,110613.0,110646.0,110601.0,110634.0,300
2026-05-30 06:20:00,110633.0,110659.0,110626.0,110626.0,300
2026-05-30 06:25:00,110624.0,110644.0,110607.0,110632.0,300
2026-05-30 06:30:00,110631.0,110646.0,110614.0,110638.0,300
2026-05-30 06:35:00,110639.0,110658.0,110617.0,110637.0,300
2026-05-30 06:40:00,110635.0,110673.0,110614.0,110657.0,300
2026-05-30 06:45:00,110655.0,110655.0,110613.0,110620.0,300
2026-05-30 06:50:00,110619.0,110619.0,110566.0,110581.0,300
2026-05-30 06:55:00,110582.0,110587.0,110547.0,110564.0,300
2026-05-30 07:00:00,110565.0,110582.0,110535.0,110552.0,300
2026-05-30 07:05:00,110550.0,110560.0,110498.0,110513.0,300
2026-05-30 07:10:00,110514.0,110523.0,110480.0,110480.0,300
2026-05-30 07:15:00,110479.0,110502.0,110476.0,110489.0,300
2026-05-30 07:20:00,110488.0,110523.0,110483.0,110495.0,300
2026-05-30 07:25:00,110493.0,110506.0,110458.0,110472.0,300
2026-05-30 07:30:00,110473.0,110501.0,110465.0,110487.0,300
2026-05-30 07:35:00,110488.0,110533.0,110485.0,110526.0,300
2026-05-30 07:40:00,110528.0,110565.0,110528.0,110558.0,300
2026-05-30 07:45:00,110559.0,110568.0,110540.0,110549.0,300
2026-05-30 07:50:00,110548.0,110591.0,110539.0,110585.0,300
2026-05-30 07:55:00,110587.0,110627.0,110571.0,110622.0,300
2026-05-30 08:00:00,110620.0,110624.0,110559.0,110559.0,300
2026-05-30 08:05:00,110560.0,110561.0,110499.0,110512.0,300
2026-05-30 08:10:00,110510.0,110531.0,110491.0,110501.0,300
2026-05-30 08:15:00,110503.0,110521.0,110490.0,110502.0,300
2026-05-30 08:20:00,110503.0,110532.0,110494.0,110531.0,300
2026-05-30 08:25:00,110530.0,110549.0,110522.0,110524.0,300
2026-05-30 08:30:00,110522.0,110532.0,110512.0,110530.0,300
2026-05-30 08:35:00,110529.0,110554.0,110523.0,110533.0,300
2026-05-30 08:40:00,110535.0,110552.0,110507.0,110509.0,300
2026-05-30 08:45:00,110508.0,110516.0,110492.0,110494.0,300
2026-05-30 08:50:00,110493.0,110499.0,110475.0,110492.0,300
2026-05-30 08:55:00,110490.0,110519.0,110483.0,110509.0,300
2026-05-30 09:00:00,110511.0,110542.0,110503.0,110520.0,300
2026-05-30 09:05:00,110518.0,110537.0,110482.0,110482.0,300
2026-05-30 09:10:00,110483.0,110505.0,110462.0,110503.0,300
2026-05-30 09:15:00,110505.0,110526.0,110498.0,110520.0,300
2026-05-30 09:20:00,110522.0,110558.0,110520.0,110550.0,300
2026-05-30 09:25:00,110552.0,110578.0,110525.0,110573.0,300
2026-05-30 09:30:00,110571.0,110614.0,110564.0,110610.0,300
2026-05-30 09:35:00,110609.0,110624.0,110599.0,110609.0,300
2026-05-30 09:40:00,110610.0,110688.0,110608.0,110672.0,300
2026-05-30 09:45:00,110671.0,110684.0,110643.0,110661.0,300
2026-05-30 09:50:00,110660.0,110672.0,110647.0,110663.0,300
2026-05-30 09:55:00,110662.0,110707.0,110662.0,110705.0,300
2026-05-30 10:00:00,110707.0,110720.0,110679.0,110679.0,300
2026-05-30 10:05:00,110677.0,110687.0,110633.0,110653.0,300
2026-05-30 10:10:00,110651.0,110654.0,110577.0,110586.0,300
2026-05-30 10:15:00,110584.0,110624.0,110579.0,110602.0,300
2026-05-30 10:20:00,110603.0,110633.0,110589.0,110624.0,300
2026-05-30 10:25:00,110625.0,110625.0,110547.0,110548.0,300
2026-05-30 10:30:00,110549.0,110566.0,110528.0,110546.0,300
2026-05-30 10:35:00,110544.0,110548.0,110504.0,110520.0,300
2026-05-30 10:40:00,110518.0,110518.0,110448.0,110455.0,300
2026-05-30 10:45:00,110453.0,110492.0,110443.0,110492.0,300
2026-05-30 10:50:00,110490.0,110495.0,110458.0,110473.0,300
2026-05-30 10:55:00,110471.0,110472.0,110427.0,110441.0,300
2026-05-30 11:00:00,110439.0,110464.0,110437.0,110463.0,300
2026-05-30 11:05:00,110462.0,110464.0,110427.0,110440.0,300
2026-05-30 11:10:00,110441.0,110460.0,110427.0,110432.0,300
2026-05-30 11:15:00,110431.0,110481.0,110407.0,110466.0,300
2026-05-30 11:20:00,110468.0,110491.0,110444.0,110453.0,300
2026-05-30 11:25:00,110452.0,110452.0,110429.0,110440.0,300
2026-05-30 11:30:00,110441.0,110442.0,110405.0,110438.0,300
2026-05-30 11:35:00,110436.0,110485.0,110429.0,110485.0,300
2026-05-30 11:40:00,110483.0,110496.0,110457.0,110460.0,300
2026-05-30 11:45:00,110458.0,110492.0,110441.0,110480.0,300
2026-05-30 11:50:00,110478.0,110506.0,110455.0,110506.0,300
2026-05-30 11:55:00,110504.0,110552.0,110500.0,110530.0,300
2026-05-30 12:00:00,110531.0,110564.0,110521.0,110537.0,300
2026-05-30 12:05:00,110538.0,110552.0,110527.0,110532.0,300
2026-05-30 12:10:00,110531.0,110546.0,110513.0,110544.0,300
2026-05-30 12:15:00,110542.0,110583.0,110542.0,110570.0,300
2026-05-30 12:20:00,110568.0,110578.0,110551.0,110563.0,300
2026-05-30 12:25:00,110565.0,110592.0,110561.0,110564.0,300
2026-05-30 12:30:00,110565.0,110575.0,110504.0,110504.0,300
2026-05-30 12:35:00,110502.0,110560.0,110502.0,110504.0,300
2026-05-30 12:40:00,110503.0,110515.0,110494.0,110499.0,300
2026-05-30 12:45:00,110501.0,110520.0,110446.0,110449.0,300
2026-05-30 12:50:00,110451.0,110468.0,110438.0,110446.0,300
2026-05-30 12:55:00,110448.0,110460.0,110391.0,110397.0,300
2026-05-30 13:00:00,110398.0,110404.0,110384.0,110390.0,300
2026-05-30 13:05:00,110388.0,110406.0,110374.0,110374.0,300
2026-05-30 13:10:00,110375.0,110417.0,110355.0,110417.0,300
2026-05-30 13:15:00,110419.0,110437.0,110409.0,110422.0,300
2026-05-30 13:20:00,110424.0,110452.0,110424.0,110433.0,300
2026-05-30 13:25:00,110432.0,110445.0,110422.0,110423.0,300
2026-05-30 13:30:00,110422.0,110438.0,110405.0,110429.0,300
2026-05-30 13:35:00,110427.0,110465.0,110424.0,110463.0,300
2026-05-30 13:40:00,110462.0,110468.0,110447.0,110455.0,300
2026-05-30 13:45:00,110457.0,110461.0,110404.0,110415.0,300
2026-05-30 13:50:00,110417.0,110421.0,110354.0,110364.0,300
2026-05-30 13:55:00,110365.0,110376.0,110342.0,110357.0,300
2026-05-30 14:00:00,110359.0,110384.0,110348.0,110362.0,300
2026-05-30 14:05:00,110363.0,110363.0,110269.0,110272.0,300
2026-05-30 14:10:00,110273.0,110276.0,110219.0,110243.0,300
2026-05-30 14:15:00,110241.0,110264.0,110240.0,110251.0,300
2026-05-30 14:20:00,110252.0,110259.0,110199.0,110200.0,300
2026-05-30 14:25:00,110199.0,110206.0,110150.0,110164.0,300
2026-05-30 14:30:00,110163.0,110201.0,110155.0,110196.0,300
2026-05-30 14:35:00,110195.0,110205.0,110172.0,110175.0,300
2026-05-30 14:40:00,110174.0,110185.0,110156.0,110168.0,300
2026-05-30 14:45:00,110169.0,110180.0,110147.0,110156.0,300
2026-05-30 14:50:00,110155.0,110159.0,110118.0,110149.0,300
2026-05-30 14:55:00,110151.0,110158.0,110122.0,110140.0,300
2026-05-30 15:00:00,110142.0,110150.0,110103.0,110116.0,300
2026-05-30 15:05:00,110115.0,110132.0,110101.0,110132.0,300
2026-05-30 15:10:00,110131.0,110134.0,110074.0,110076.0,300
2026-05-30 15:15:00,110074.0,110084.0,110063.0,110075.0,300
2026-05-30 15:20:00,110073.0,110100.0,110073.0,110087.0,300
2026-05-30 15:25:00,110085.0,110121.0,110067.0,110112.0,300
2026-05-30 15:30:00,110114.0,110138.0,110106.0,110123.0,300
2026-05-30 15:35:00,110124.0,110139.0,110108.0,110131.0,300
2026-05-30 15:40:00,110129.0,110163.0,110124.0,110154.0,300
2026-05-30 15:45:00,110155.0,110188.0,110137.0,110186.0,300
2026-05-30 15:50:00,110184.0,110195.0,110119.0,110119.0,300
2026-05-30 15:55:00,110118.0,110140.0,110107.0,110137.0,300
2026-05-30 16:00:00,110136.0,110137.0,110087.0,110133.0,300
2026-05-30 16:05:00,110132.0,110194.0,110123.0,110185.0,300
2026-05-30 16:10:00,110186.0,110213.0,110180.0,110192.0,300
2026-05-30 16:15:00,110190.0,110193.0,110157.0,110168.0,300
2026-05-30 16:20:00,110166.0,110188.0,110151.0,110181.0,300
2026-05-30 16:25:00,110180.0,110205.0,110162.0,110194.0,300
2026-05-30 16:30:00,110195.0,110225.0,110172.0,110222.0,300
2026-05-30 16:35:00,110220.0,110230.0,110175.0,110177.0,300
2026-05-30 16:40:00,110175.0,110175.0,110133.0,110133.0,300
2026-05-30 16:45:00,110132.0,110163.0,110123.0,110149.0,300
2026-05-30 16:50:00,110150.0,110163.0,110122.0,110122.0,300
2026-05-30 16:55:00,110120.0,110137.0,110103.0,110133.0,300
2026-05-30 17:00:00,110134.0,110160.0,110116.0,110142.0,300
2026-05-30 17:05:00,110144.0,110151.0,110105.0,110113.0,300
2026-05-30 17:10:00,110114.0,110133.0,110105.0,110105.0,300
2026-05-30 17:15:00,110107.0,110160.0,110105.0,110150.0,300
2026-05-30 17:20:00,110152.0,110174.0,110141.0,110146.0,300
2026-05-30 17:25:00,110148.0,110171.0,110141.0,110171.0,300
2026-05-30 17:30:00,110170.0,110182.0,110151.0,110161.0,300
2026-05-30 17:35:00,110160.0,110167.0,110139.0,110157.0,300
2026-05-30 17:40:00,110158.0,110207.0,110152.0,110192.0,300
2026-05-30 17:45:00,110190.0,110193.0,110159.0,110180.0,300
2026-05-30 17:50:00,110181.0,110214.0,110164.0,110172.0,300
2026-05-30 17:55:00,110173.0,110174.0,110140.0,110148.0,300
2026-05-30 18:00:00,110147.0,110186.0,110143.0,110163.0,300
2026-05-30 18:05:00,110165.0,110202.0,110148.0,110199.0,300
2026-05-30 18:10:00,110200.0,110228.0,110194.0,110204.0,300
2026-05-30 18:15:00,110206.0,110218.0,110187.0,110210.0,300
2026-05-30 18:20:00,110208.0,110215.0,110180.0,110180.0,300
2026-05-30 18:25:00,110179.0,110203.0,110169.0,110189.0,300
2026-05-30 18:30:00,110190.0,110200.0,110178.0,110198.0,300
2026-05-30 18:35:00,110196.0,110211.0,110189.0,110190.0,300
2026-05-30 18:40:00,110188.0,110232.0,110188.0,110205.0,300
2026-05-30 18:45:00,110204.0,110245.0,110194.0,110242.0,300
2026-05-30 18:50:00,110243.0,110264.0,110219.0,110250.0,300
2026-05-30 18:55:00,110251.0,110307.0,110243.0,110275.0,300
2026-05-30 19:00:00,110274.0,110318.0,110274.0,110313.0,300
2026-05-30 19:05:00,110315.0,110351.0,110305.0,110346.0,300
2026-05-30 19:10:00,110345.0,110351.0,110327.0,110329.0,300
2026-05-30 19:15:00,110330.0,110337.0,110275.0,110294.0,300
2026-05-30 19:20:00,110293.0,110320.0,110277.0,110305.0,300
2026-05-30 19:25:00,110307.0,110336.0,110303.0,110323.0,300
2026-05-30 19:30:00,110325.0,110334.0,110264.0,110268.0,300
2026-05-30 19:35:00,110270.0,110281.0,110225.0,110225.0,300
2026-05-30 19:40:00,110227.0,110237.0,110217.0,110234.0,300
2026-05-30 19:45:00,110233.0,110241.0,110191.0,110200.0,300
2026-05-30 19:50:00,110201.0,110201.0,110152.0,110168.0,300
2026-05-30 19:55:00,110170.0,110186.0,110152.0,110177.0,300
2026-05-30 20:00:00,110175.0,110196.0,110171.0,110180.0,300
2026-05-30 20:05:00,110182.0,110219.0,110179.0,110199.0,300
2026-05-30 20:10:00,110200.0,110246.0,110197.0,110228.0,300
2026-05-30 20:15:00,110230.0,110262.0,110220.0,110250.0,300
2026-05-30 20:20:00,110252.0,110273.0,110242.0,110262.0,300
2026-05-30 20:25:00,110263.0,110277.0,110230.0,110234.0,300
2026-05-30 20:30:00,110236.0,110244.0,110203.0,110229.0,300
2026-05-30 20:35:00,110231.0,110266.0,110225.0,110254.0,300
2026-05-30 20:40:00,110253.0,110267.0,110238.0,110250.0,300
2026-05-30 20:45:00,110248.0,110259.0,110238.0,110250.0,300
2026-05-30 20:50:00,110248.0,110273.0,110215.0,110217.0,300
2026-05-30 20:55:00,110219.0,110226.0,110191.0,110193.0,300
2026-05-30 21:00:00,110192.0,110203.0,110135.0,110142.0,300
2026-05-30 21:05:00,110140.0,110171.0,110127.0,110146.0,300
2026-05-30 21:10:00,110145.0,110153.0,110125.0,110139.0,300
2026-05-30 21:15:00,110138.0,110141.0,110097.0,110101.0,300
2026-05-30 21:20:00,110102.0,110113.0,110078.0,110080.0,300
2026-05-30 21:25:00,110082.0,110113.0,110074.0,110103.0,300
2026-05-30 21:30:00,110104.0,110119.0,110050.0,110050.0,300
2026-05-30 21:35:00,110048.0,110077.0,110026.0,110067.0,300
2026-05-30 21:40:00,110065.0,110110.0,110063.0,110078.0,300
2026-05-30 21:45:00,110080.0,110104.0,110070.0,110082.0,300
2026-05-30 21:50:00,110084.0,110154.0,110083.0,110139.0,300
2026-05-30 21:55:00,110141.0,110186.0,110134.0,110179.0,300
2026-05-30 22:00:00,110177.0,110177.0,110144.0,110152.0,300
2026-05-30 22:05:00,110150.0,110152.0,110090.0,110124.0,300
2026-05-30 22:10:00,110122.0,110126.0,110084.0,110103.0,299
2026-05-30 22:15:00,110101.0,110149.0,110090.0,110143.0,301
2026-05-30 22:20:00,110142.0,110172.0,110125.0,110140.0,299
2026-05-30 22:25:00,110138.0,110160.0,110125.0,110145.0,301
2026-05-30 22:30:00,110146.0,110166.0,110141.0,110142.0,299
2026-05-30 22:35:00,110143.0,110145.0,110119.0,110127.0,300
2026-05-30 22:40:00,110128.0,110165.0,110113.0,110160.0,300
2026-05-30 22:45:00,110161.0,110191.0,110160.0,110185.0,300
2026-05-30 22:50:00,110186.0,110210.0,110154.0,110181.0,300
2026-05-30 22:55:00,110180.0,110195.0,110167.0,110179.0,300
2026-05-30 23:00:00,110180.0,110186.0,110147.0,110157.0,300
2026-05-30 23:05:00,110156.0,110169.0,110145.0,110164.0,300
2026-05-30 23:10:00,110165.0,110174.0,110138.0,110154.0,300
2026-05-30 23:15:00,110156.0,110172.0,110117.0,110123.0,300
2026-05-30 23:20:00,110122.0,110129.0,110090.0,110097.0,300
2026-05-30 23:25:00,110096.0,110110.0,110083.0,110094.0,300
2026-05-30 23:30:00,110095.0,110133.0,110082.0,110123.0,300
2026-05-30 23:35:00,110124.0,110129.0,110096.0,110127.0,300
2026-05-30 23:40:00,110125.0,110168.0,110116.0,110168.0,300
2026-05-30 23:45:00,110167.0,110208.0,110159.0,110208.0,300
2026-05-30 23:50:00,110206.0,110217.0,110183.0,110203.0,300
2026-05-30 23:55:00,110204.0,110258.0,110203.0,110256.0,300
2026-05-31 00:00:00,110255.0,110276.0,110237.0,110254.0,300
2026-05-31 00:05:00,110252.0,110265.0,110245.0,110261.0,300
2026-05-31 00:10:00,110262.0,110281.0,110259.0,110270.0,300
2026-05-31 00:15:00,110272.0,110288.0,110268.0,110277.0,300
2026-05-31 00:20:00,110276.0,110278.0,110258.0,110261.0,300
2026-05-31 00:25:00,110262.0,110274.0,110239.0,110265.0,300
2026-05-31 00:30:00,110263.0,110272.0,110239.0,110253.0,300
2026-05-31 00:35:00,110254.0,110285.0,110243.0,110279.0,300
2026-05-31 00:40:00,110280.0,110300.0,110229.0,110239.0,300
2026-05-31 00:45:00,110238.0,110265.0,110222.0,110240.0,300
2026-05-31 00:50:00,110242.0,110277.0,110236.0,110273.0,300
2026-05-31 00:55:00,110272.0,110276.0,110250.0,110269.0,300
2026-05-31 01:00:00,110270.0,110279.0,110248.0,110258.0,300
2026-05-31 01:05:00,110259.0,110275.0,110242.0,110247.0,300
2026-05-31 01:10:00,110249.0,110258.0,110224.0,110227.0,300
2026-05-31 01:15:00,110229.0,110232.0,110187.0,110189.0,300
2026-05-31 01:20:00,110188.0,110191.0,110146.0,110146.0,300
2026-05-31 01:25:00,110145.0,110152.0,110115.0,110152.0,300
2026-05-31 01:30:00,110153.0,110197.0,110153.0,110163.0,300
2026-05-31 01:35:00,110161.0,110183.0,110152.0,110158.0,300
2026-05-31 01:40:00,110159.0,110204.0,110159.0,110193.0,300
2026-05-31 01:45:00,110191.0,110195.0,110163.0,110188.0,300
2026-05-31 01:50:00,110187.0,110189.0,110140.0,110143.0,300
2026-05-31 01:55:00,110145.0,110164.0,110131.0,110151.0,300
2026-05-31 02:00:00,110150.0,110156.0,110125.0,110134.0,300
2026-05-31 02:05:00,110135.0,110143.0,110109.0,110109.0,300
2026-05-31 02:10:00,110111.0,110153.0,110111.0,110126.0,300
2026-05-31 02:15:00,110124.0,110131.0,110111.0,110130.0,300
2026-05-31 02:20:00,110128.0,110189.0,110122.0,110177.0,300
2026-05-31 02:25:00,110175.0,110209.0,110171.0,110204.0,300
2026-05-31 02:30:00,110203.0,110222.0,110191.0,110222.0,300
2026-05-31 02:35:00,110220.0,110222.0,110182.0,110197.0,300
2026-05-31 02:40:00,110198.0,110210.0,110155.0,110155.0,300
2026-05-31 02:45:00,110157.0,110167.0,110141.0,110146.0,300
2026-05-31 02:50:00,110148.0,110181.0,110144.0,110173.0,300
2026-05-31 02:55:00,110175.0,110211.0,110171.0,110193.0,300
2026-05-31 03:00:00,110194.0,110234.0,110161.0,110222.0,300
2026-05-31 03:05:00,110221.0,110235.0,110166.0,110168.0,300
2026-05-31 03:10:00,110169.0,110172.0,110119.0,110145.0,300
2026-05-31 03:15:00,110144.0,110181.0,110134.0,110140.0,300
2026-05-31 03:20:00,110139.0,110191.0,110135.0,110191.0,300
2026-05-31 03:25:00,110193.0,110222.0,110192.0,110206.0,300
2026-05-31 03:30:00,110207.0,110233.0,110195.0,110199.0,300
2026-05-31 03:35:00,110201.0,110215.0,110175.0,110184.0,300
2026-05-31 03:40:00,110183.0,110191.0,110150.0,110170.0,300
2026-05-31 03:45:00,110171.0,110195.0,110137.0,110139.0,300
2026-05-31 03:50:00,110141.0,110156.0,110108.0,110149.0,300
2026-05-31 03:55:00,110150.0,110198.0,110143.0,110195.0,300
2026-05-31 04:00:00,110193.0,110245.0,110190.0,110232.0,300
2026-05-31 04:05:00,110234.0,110256.0,110229.0,110249.0,300
2026-05-31 04:10:00,110250.0,110274.0,110227.0,110271.0,300
2026-05-31 04:15:00,110270.0,110297.0,110267.0,110275.0,300
2026-05-31 04:20:00,110276.0,110292.0,110246.0,110246.0,300
2026-05-31 04:25:00,110247.0,110253.0,110212.0,110214.0,300
2026-05-31 04:30:00,110213.0,110219.0,110154.0,110163.0,300
2026-05-31 04:35:00,110165.0,110209.0,110162.0,110196.0,300
2026-05-31 04:40:00,110197.0,110244.0,110186.0,110244.0,300
2026-05-31 04:45:00,110245.0,110269.0,110236.0,110269.0,300
2026-05-31 04:50:00,110270.0,110300.0,110266.0,110270.0,300
2026-05-31 04:55:00,110269.0,110301.0,110258.0,110297.0,300
2026-05-31 05:00:00,110298.0,110316.0,110277.0,110280.0,300
2026-05-31 05:05:00,110281.0,110314.0,110273.0,110314.0,300
2026-05-31 05:10:00,110316.0,110328.0,110292.0,110304.0,300
2026-05-31 05:15:00,110306.0,110311.0,110271.0,110281.0,300
2026-05-31 05:20:00,110279.0,110297.0,110265.0,110277.0,300
2026-05-31 05:25:00,110279.0,110304.0,110263.0,110304.0,300
2026-05-31 05:30:00,110302.0,110344.0,110299.0,110335.0,300
2026-05-31 05:35:00,110333.0,110361.0,110324.0,110334.0,300
2026-05-31 05:40:00,110333.0,110408.0,110330.0,110404.0,300
2026-05-31 05:45:00,110402.0,110426.0,110390.0,110422.0,300
2026-05-31 05:50:00,110424.0,110490.0,110419.0,110455.0,300
2026-05-31 05:55:00,110454.0,110505.0,110450.0,110488.0,300
2026-05-31 06:00:00,110486.0,110524.0,110463.0,110524.0,300
2026-05-31 06:05:00,110526.0,110538.0,110487.0,110493.0,300
2026-05-31 06:10:00,110492.0,110510.0,110458.0,110464.0,300
2026-05-31 06:15:00,110462.0,110467.0,110441.0,110455.0,300
2026-05-31 06:20:00,110454.0,110458.0,110418.0,110437.0,300
2026-05-31 06:25:00,110438.0,110455.0,110434.0,110448.0,300
2026-05-31 06:30:00,110449.0,110467.0,110442.0,110447.0,300
2026-05-31 06:35:00,110449.0,110452.0,110426.0,110428.0,300
2026-05-31 06:40:00,110429.0,110441.0,110400.0,110418.0,300
2026-05-31 06:45:00,110417.0,110418.0,110375.0,110376.0,300
2026-05-31 07:00:00,110374.0,110386.0,110350.0,110366.0,300
2026-05-31 07:05:00,110367.0,110416.0,110357.0,110411.0,300
2026-05-31 07:10:00,110412.0,110457.0,110407.0,110442.0,300
2026-05-31 07:15:00,110440.0,110440.0,110377.0,110377.0,300
2026-05-31 07:20:00,110375.0,110378.0,110344.0,110344.0,300
2026-05-31 07:25:00,110346.0,110351.0,110273.0,110278.0,300
2026-05-31 07:30:00,110279.0,110305.0,110272.0,110291.0,300
2026-05-31 07:35:00,110292.0,110339.0,110291.0,110333.0,300
2026-05-31 07:40:00,110332.0,110334.0,110305.0,110331.0,300
2026-05-31 07:45:00,110329.0,110351.0,110296.0,110299.0,300
2026-05-31 07:50:00,110301.0,110335.0,110290.0,110327.0,300
2026-05-31 07:55:00,110328.0,110364.0,110326.0,110342.0,300
2026-05-31 08:00:00,110341.0,110356.0,110329.0,110345.0,298
2026-05-31 08:05:00,110347.0,110376.0,110344.0,110354.0,300
2026-05-31 08:10:00,110352.0,110390.0,110352.0,110382.0,300
2026-05-31 08:15:00,110384.0,110419.0,110374.0,110409.0,300
2026-05-31 08:20:00,110411.0,110432.0,110401.0,110411.0,300
2026-05-31 08:25:00,110409.0,110472.0,110409.0,110446.0,300
2026-05-31 08:30:00,110444.0,110479.0,110432.0,110473.0,300
2026-05-31 08:35:00,110471.0,110509.0,110464.0,110492.0,300
2026-05-31 08:40:00,110491.0,110516.0,110479.0,110513.0,300
2026-05-31 08:45:00,110515.0,110586.0,110515.0,110586.0,300
2026-05-31 08:50:00,110587.0,110620.0,110566.0,110618.0,300
2026-05-31 08:55:00,110616.0,110658.0,110612.0,110643.0,300
2026-05-31 09:00:00,110641.0,110645.0,110596.0,110596.0,300
2026-05-31 09:05:00,110597.0,110624.0,110573.0,110599.0,300
2026-05-31 09:10:00,110600.0,110607.0,110580.0,110602.0,300
2026-05-31 09:15:00,110603.0,110644.0,110601.0,110637.0,300
2026-05-31 09:20:00,110636.0,110675.0,110631.0,110644.0,300
2026-05-31 09:25:00,110645.0,110669.0,110623.0,110644.0,300
2026-05-31 09:30:00,110646.0,110675.0,110626.0,110641.0,300
2026-05-31 09:35:00,110639.0,110640.0,110611.0,110633.0,300
2026-05-31 09:40:00,110635.0,110636.0,110587.0,110621.0,300
2026-05-31 09:45:00,110623.0,110638.0,110605.0,110615.0,300
2026-05-31 09:50:00,110616.0,110655.0,110610.0,110641.0,300
2026-05-31 09:55:00,110640.0,110649.0,110604.0,110624.0,300
2026-05-31 10:00:00,110622.0,110647.0,110613.0,110637.0,300
2026-05-31 10:05:00,110636.0,110637.0,110603.0,110613.0,300
2026-05-31 10:10:00,110615.0,110657.0,110614.0,110652.0,300
2026-05-31 10:15:00,110653.0,110686.0,110651.0,110669.0,300
2026-05-31 10:20:00,110671.0,110681.0,110649.0,110652.0,300
2026-05-31 10:25:00,110650.0,110653.0,110599.0,110608.0,300
2026-05-31 10:30:00,110610.0,110621.0,110587.0,110592.0,300
2026-05-31 10:35:00,110590.0,110593.0,110571.0,110575.0,300
2026-05-31 10:40:00,110573.0,110600.0,110565.0,110577.0,300
2026-05-31 10:45:00,110575.0,110613.0,110568.0,110586.0,300
2026-05-31 10:50:00,110584.0,110592.0,110555.0,110557.0,300
2026-05-31 10:55:00,110559.0,110602.0,110543.0,110588.0,300
2026-05-31 11:00:00,110587.0,110640.0,110576.0,110629.0,300
2026-05-31 11:05:00,110631.0,110696.0,110626.0,110695.0,300
2026-05-31 11:10:00,110694.0,110696.0,110666.0,110677.0,300
2026-05-31 11:15:00,110679.0,110690.0,110655.0,110660.0,300
2026-05-31 11:20:00,110662.0,110675.0,110651.0,110674.0,300
2026-05-31 11:25:00,110676.0,110687.0,110640.0,110641.0,300
2026-05-31 11:30:00,110643.0,110647.0,110621.0,110634.0,300
2026-05-31 11:35:00,110636.0,110659.0,110630.0,110637.0,300
2026-05-31 11:40:00,110636.0,110650.0,110615.0,110629.0,300
2026-05-31 11:45:00,110631.0,110651.0,110612.0,110631.0,300
2026-05-31 11:50:00,110632.0,110668.0,110615.0,110662.0,300
2026-05-31 11:55:00,110661.0,110686.0,110654.0,110672.0,300
2026-05-31 12:00:00,110674.0,110680.0,110648.0,110672.0,300
2026-05-31 12:05:00,110673.0,110706.0,110668.0,110706.0,300
2026-05-31 12:10:00,110707.0,110710.0,110670.0,110699.0,300
2026-05-31 12:15:00,110701.0,110721.0,110690.0,110693.0,300
2026-05-31 12:20:00,110695.0,110726.0,110687.0,110719.0,300
2026-05-31 12:25:00,110720.0,110741.0,110711.0,110726.0,300
2026-05-31 12:30:00,110727.0,110730.0,110690.0,110701.0,300
2026-05-31 12:35:00,110702.0,110722.0,110700.0,110713.0,300
2026-05-31 12:40:00,110711.0,110722.0,110696.0,110696.0,300
2026-05-31 12:45:00,110698.0,110706.0,110675.0,110693.0,300
2026-05-31 12:50:00,110695.0,110735.0,110689.0,110716.0,300
2026-05-31 12:55:00,110718.0,110729.0,110698.0,110704.0,300
2026-05-31 13:00:00,110705.0,110743.0,110704.0,110724.0,300
2026-05-31 13:05:00,110726.0,110753.0,110717.0,110730.0,300
2026-05-31 13:10:00,110732.0,110737.0,110672.0,110686.0,300
2026-05-31 13:15:00,110685.0,110689.0,110628.0,110638.0,300
2026-05-31 13:20:00,110639.0,110645.0,110573.0,110608.0,300
2026-05-31 13:25:00,110607.0,110615.0,110586.0,110608.0,300
2026-05-31 13:30:00,110606.0,110633.0,110597.0,110630.0,300
2026-05-31 13:35:00,110629.0,110632.0,110587.0,110599.0,300
2026-05-31 13:40:00,110598.0,110631.0,110580.0,110582.0,300
2026-05-31 13:45:00,110584.0,110601.0,110566.0,110601.0,300
2026-05-31 13:50:00,110600.0,110660.0,110592.0,110659.0,300
2026-05-31 13:55:00,110661.0,110676.0,110645.0,110670.0,300
2026-05-31 14:00:00,110672.0,110674.0,110635.0,110659.0,300
2026-05-31 14:05:00,110657.0,110660.0,110611.0,110635.0,300
2026-05-31 14:10:00,110636.0,110642.0,110604.0,110633.0,300
2026-05-31 14:15:00,110631.0,110662.0,110605.0,110625.0,300
2026-05-31 14:20:00,110624.0,110643.0,110611.0,110627.0,300
2026-05-31 14:25:00,110625.0,110625.0,110525.0,110528.0,300
2026-05-31 14:30:00,110529.0,110541.0,110481.0,110504.0,300
2026-05-31 14:35:00,110506.0,110598.0,110500.0,110571.0,300
2026-05-31 14:40:00,110570.0,110585.0,110559.0,110577.0,300
2026-05-31 14:45:00,110579.0,110592.0,110532.0,110533.0,300
2026-05-31 14:50:00,110531.0,110540.0,110506.0,110540.0,300
2026-05-31 14:55:00,110539.0,110556.0,110507.0,110517.0,300
2026-05-31 15:00:00,110518.0,110561.0,110518.0,110561.0,300
2026-05-31 15:05:00,110562.0,110578.0,110519.0,110520.0,300
2026-05-31 15:10:00,110518.0,110541.0,110511.0,110528.0,300
2026-05-31 15:15:00,110526.0,110543.0,110520.0,110521.0,300
2026-05-31 15:20:00,110522.0,110534.0,110494.0,110499.0,300
2026-05-31 15:25:00,110500.0,110542.0,110494.0,110541.0,300
2026-05-31 15:30:00,110543.0,110589.0,110543.0,110583.0,300
2026-05-31 15:35:00,110582.0,110584.0,110554.0,110561.0,300
2026-05-31 15:40:00,110559.0,110587.0,110556.0,110579.0,300
2026-05-31 15:45:00,110581.0,110592.0,110542.0,110570.0,300
2026-05-31 15:50:00,110571.0,110608.0,110564.0,110603.0,300
2026-05-31 15:55:00,110604.0,110609.0,110588.0,110598.0,300
2026-05-31 16:00:00,110599.0,110610.0,110574.0,110583.0,300
2026-05-31 16:05:00,110585.0,110618.0,110561.0,110580.0,300
2026-05-31 16:10:00,110582.0,110592.0,110556.0,110580.0,300
2026-05-31 16:15:00,110582.0,110596.0,110551.0,110554.0,300
2026-05-31 16:20:00,110555.0,110555.0,110498.0,110519.0,300
2026-05-31 16:25:00,110518.0,110537.0,110479.0,110479.0,300
2026-05-31 16:30:00,110478.0,110510.0,110473.0,110483.0,300
2026-05-31 16:35:00,110482.0,110529.0,110480.0,110500.0,300
2026-05-31 16:40:00,110499.0,110499.0,110437.0,110437.0,300
2026-05-31 16:45:00,110439.0,110440.0,110395.0,110402.0,300
2026-05-31 16:50:00,110401.0,110401.0,110351.0,110374.0,300
2026-05-31 16:55:00,110372.0,110387.0,110357.0,110368.0,300
2026-05-31 17:00:00,110369.0,110369.0,110327.0,110331.0,300
2026-05-31 17:05:00,110332.0,110338.0,110287.0,110303.0,300
2026-05-31 17:10:00,110304.0,110350.0,110300.0,110349.0,300
2026-05-31 17:15:00,110347.0,110368.0,110334.0,110335.0,300
2026-05-31 17:20:00,110334.0,110351.0,110314.0,110326.0,300
2026-05-31 17:25:00,110327.0,110329.0,110300.0,110309.0,300
2026-05-31 17:30:00,110307.0,110315.0,110279.0,110294.0,300
2026-05-31 17:35:00,110295.0,110314.0,110289.0,110294.0,300
2026-05-31 17:40:00,110293.0,110312.0,110286.0,110300.0,300
2026-05-31 17:45:00,110302.0,110322.0,110297.0,110316.0,300
2026-05-31 17:50:00,110315.0,110320.0,110292.0,110300.0,300
2026-05-31 17:55:00,110302.0,110302.0,110269.0,110273.0,300
2026-05-31 18:00:00,110275.0,110291.0,110263.0,110286.0,300
2026-05-31 18:05:00,110284.0,110294.0,110229.0,110237.0,300
2026-05-31 18:10:00,110238.0,110248.0,110215.0,110242.0,300
2026-05-31 18:15:00,110243.0,110249.0,110216.0,110225.0,300
2026-05-31 18:20:00,110226.0,110244.0,110218.0,110232.0,300
2026-05-31 18:25:00,110234.0,110256.0,110228.0,110241.0,300
2026-05-31 18:30:00,110240.0,110262.0,110222.0,110260.0,300
2026-05-31 18:35:00,110258.0,110263.0,110215.0,110233.0,300
2026-05-31 18:40:00,110232.0,110274.0,110232.0,110266.0,300
2026-05-31 18:45:00,110267.0,110269.0,110241.0,110252.0,300
2026-05-31 18:50:00,110253.0,110266.0,110218.0,110226.0,300
2026-05-31 18:55:00,110228.0,110237.0,110136.0,110136.0,300
2026-05-31 19:00:00,110137.0,110138.0,110093.0,110104.0,300
2026-05-31 19:05:00,110105.0,110107.0,110053.0,110070.0,300
2026-05-31 19:10:00,110068.0,110084.0,110063.0,110074.0,300
2026-05-31 19:15:00,110073.0,110087.0,110050.0,110079.0,300
2026-05-31 19:20:00,110077.0,110119.0,110069.0,110111.0,300
2026-05-31 19:25:00,110113.0,110131.0,110099.0,110110.0,300
2026-05-31 19:30:00,110108.0,110117.0,110097.0,110103.0,300
2026-05-31 19:35:00,110102.0,110151.0,110101.0,110151.0,300
2026-05-31 19:40:00,110149.0,110189.0,110139.0,110188.0,300
2026-05-31 19:45:00,110186.0,110212.0,110178.0,110205.0,300
2026-05-31 19:50:00,110207.0,110207.0,110165.0,110169.0,300
2026-05-31 19:55:00,110168.0,110187.0,110163.0,110164.0,300
2026-05-31 20:00:00,110162.0,110164.0,110111.0,110112.0,300
2026-05-31 20:05:00,110113.0,110126.0,110100.0,110121.0,300
2026-05-31 20:10:00,110123.0,110142.0,110078.0,110086.0,300
2026-05-31 20:15:00,110085.0,110104.0,110063.0,110077.0,300
2026-05-31 20:20:00,110076.0,110082.0,110047.0,110067.0,300
2026-05-31 20:25:00,110066.0,110083.0,110043.0,110050.0,300
2026-05-31 20:30:00,110051.0,110077.0,110050.0,110060.0,300
2026-05-31 20:35:00,110062.0,110081.0,110046.0,110051.0,300
2026-05-31 20:40:00,110049.0,110052.0,109992.0,109996.0,300
2026-05-31 20:45:00,109995.0,110039.0,109980.0,110037.0,300
2026-05-31 20:50:00,110039.0,110066.0,110036.0,110038.0,300
2026-05-31 20:55:00,110040.0,110052.0,110025.0,110036.0,300
2026-05-31 21:00:00,110035.0,110049.0,110013.0,110026.0,300
2026-05-31 21:05:00,110028.0,110049.0,110023.0,110039.0,300
2026-05-31 21:10:00,110040.0,110064.0,110030.0,110040.0,300
2026-05-31 21:15:00,110039.0,110043.0,109996.0,110004.0,300
2026-05-31 21:20:00,110002.0,110009.0,109975.0,109993.0,300
2026-05-31 21:25:00,109992.0,109993.0,109946.0,109956.0,300
2026-05-31 21:30:00,109958.0,109977.0,109926.0,109946.0,300
2026-05-31 21:35:00,109945.0,109980.0,109943.0,109979.0,300
2026-05-31 21:40:00,109978.0,110014.0,109975.0,110008.0,300
2026-05-31 21:45:00,110006.0,110019.0,109990.0,110000.0,300
2026-05-31 21:50:00,110002.0,110057.0,109995.0,110052.0,300
2026-05-31 21:55:00,110054.0,110058.0,110020.0,110034.0,300
2026-05-31 22:00:00,110036.0,110064.0,110027.0,110040.0,300
2026-05-31 22:05:00,110041.0,110055.0,109988.0,109990.0,300
2026-05-31 22:10:00,109991.0,110007.0,109987.0,109996.0,300
2026-05-31 22:15:00,109998.0,110039.0,109991.0,110034.0,300
2026-05-31 22:20:00,110036.0,110042.0,110015.0,110028.0,300
2026-05-31 22:25:00,110027.0,110027.0,109995.0,110005.0,300
2026-05-31 22:30:00,110003.0,110052.0,110000.0,110045.0,300
2026-05-31 22:35:00,110047.0,110067.0,110025.0,110034.0,300
2026-05-31 22:40:00,110036.0,110037.0,109979.0,109984.0,300
2026-05-31 22:45:00,109983.0,109995.0,109968.0,109993.0,300
2026-05-31 22:50:00,109995.0,110043.0,109993.0,110022.0,300
2026-05-31 22:55:00,110020.0,110026.0,109958.0,109968.0,300
2026-05-31 23:00:00,109966.0,109998.0,109962.0,109995.0,300
2026-05-31 23:05:00,109994.0,110002.0,109979.0,109996.0,300
2026-05-31 23:10:00,109997.0,110062.0,109989.0,110061.0,300
2026-05-31 23:15:00,110060.0,110091.0,110054.0,110074.0,300
2026-05-31 23:20:00,110072.0,110107.0,110067.0,110076.0,300
2026-05-31 23:25:00,110078.0,110120.0,110076.0,110113.0,300
2026-05-31 23:30:00,110111.0,110133.0,110088.0,110090.0,300
2026-05-31 23:35:00,110091.0,110098.0,110073.0,110083.0,300
2026-05-31 23:40:00,110082.0,110130.0,110052.0,110128.0,300
2026-05-31 23:45:00,110127.0,110131.0,110104.0,110115.0,300
2026-05-31 23:50:00,110116.0,110134.0,110114.0,110127.0,300
2026-05-31 23:55:00,110128.0,110136.0,110103.0,110106.0,300
2026-06-01 00:00:00,110105.0,110139.0,110105.0,110139.0,300
2026-06-01 00:05:00,110138.0,110141.0,110118.0,110129.0,300
2026-06-01 00:10:00,110131.0,110151.0,110094.0,110132.0,300
2026-06-01 00:15:00,110130.0,110173.0,110129.0,110154.0,300
2026-06-01 00:20:00,110156.0,110158.0,110121.0,110128.0,300
2026-06-01 00:25:00,110129.0,110131.0,110090.0,110096.0,300
2026-06-01 00:30:00,110095.0,110109.0,110074.0,110108.0,300
2026-06-01 00:35:00,110109.0,110111.0,110081.0,110107.0,300
2026-06-01 00:40:00,110109.0,110143.0,110109.0,110122.0,300
2026-06-01 00:45:00,110120.0,110122.0,110080.0,110082.0,300
2026-06-01 00:50:00,110083.0,110138.0,110081.0,110111.0,300
2026-06-01 00:55:00,110110.0,110117.0,110089.0,110101.0,300
2026-06-01 01:00:00,110099.0,110154.0,110088.0,110124.0,300
2026-06-01 01:05:00,110125.0,110134.0,110102.0,110134.0,300
2026-06-01 01:10:00,110133.0,110159.0,110120.0,110147.0,300
2026-06-01 01:15:00,110148.0,110160.0,110131.0,110140.0,300
2026-06-01 01:20:00,110139.0,110160.0,110129.0,110140.0,300
2026-06-01 01:25:00,110139.0,110142.0,110116.0,110121.0,300
2026-06-01 01:30:00,110119.0,110132.0,110105.0,110111.0,300
2026-06-01 01:35:00,110113.0,110128.0,110086.0,110097.0,300
2026-06-01 01:40:00,110095.0,110134.0,110092.0,110108.0,300
2026-06-01 01:45:00,110107.0,110132.0,110103.0,110110.0,300
2026-06-01 01:50:00,110109.0,110137.0,110102.0,110126.0,300
2026-06-01 01:55:00,110128.0,110138.0,110112.0,110118.0,300
2026-06-01 02:00:00,110116.0,110164.0,110114.0,110142.0,300
2026-06-01 02:05:00,110141.0,110170.0,110115.0,110138.0,300
2026-06-01 02:10:00,110137.0,110138.0,110068.0,110072.0,300
2026-06-01 02:15:00,110071.0,110094.0,110050.0,110058.0,300
2026-06-01 02:20:00,110057.0,110079.0,110046.0,110076.0,300
2026-06-01 02:25:00,110078.0,110094.0,110072.0,110088.0,300
2026-06-01 02:30:00,110086.0,110089.0,110059.0,110073.0,300
2026-06-01 02:35:00,110072.0,110087.0,110050.0,110086.0,300
2026-06-01 02:40:00,110085.0,110118.0,110083.0,110114.0,300
2026-06-01 02:45:00,110112.0,110129.0,110097.0,110097.0,300
2026-06-01 02:50:00,110095.0,110134.0,110095.0,110098.0,300
2026-06-01 02:55:00,110099.0,110104.0,110058.0,110070.0,300
2026-06-01 03:00:00,110072.0,110126.0,110070.0,110113.0,300
2026-06-01 03:05:00,110114.0,110142.0,110109.0,110127.0,300
2026-06-01 03:10:00,110128.0,110145.0,110099.0,110101.0,300
2026-06-01 03:15:00,110099.0,110140.0,110088.0,110136.0,300
2026-06-01 03:20:00,110134.0,110177.0,110128.0,110161.0,300
2026-06-01 03:25:00,110163.0,110199.0,110151.0,110156.0,300
2026-06-01 03:30:00,110155.0,110160.0,110127.0,110142.0,300
2026-06-01 03:35:00,110140.0,110152.0,110127.0,110139.0,300
2026-06-01 03:40:00,110141.0,110154.0,110123.0,110145.0,300
2026-06-01 03:45:00,110146.0,110149.0,110115.0,110139.0,300
2026-06-01 03:50:00,110140.0,110160.0,110133.0,110135.0,300
2026-06-01 03:55:00,110133.0,110140.0,110114.0,110119.0,300
2026-06-01 04:00:00,110121.0,110140.0,110102.0,110121.0,300
2026-06-01 04:05:00,110123.0,110125.0,110100.0,110103.0,300
2026-06-01 04:10:00,110102.0,110160.0,110096.0,110147.0,300
2026-06-01 04:15:00,110148.0,110171.0,110137.0,110168.0,300
2026-06-01 04:20:00,110169.0,110211.0,110160.0,110209.0,300
2026-06-01 04:25:00,110208.0,110224.0,110193.0,110199.0,300
2026-06-01 04:30:00,110197.0,110225.0,110193.0,110212.0,300
2026-06-01 04:35:00,110211.0,110223.0,110188.0,110202.0,300
2026-06-01 04:40:00,110201.0,110260.0,110198.0,110257.0,300
2026-06-01 04:45:00,110259.0,110277.0,110212.0,110213.0,300
2026-06-01 04:50:00,110214.0,110224.0,110204.0,110214.0,300
2026-06-01 04:55:00,110215.0,110269.0,110215.0,110262.0,300
2026-06-01 05:00:00,110264.0,110320.0,110261.0,110308.0,300
2026-06-01 05:05:00,110310.0,110310.0,110277.0,110283.0,300
2026-06-01 05:10:00,110281.0,110289.0,110224.0,110238.0,300
2026-06-01 05:15:00,110240.0,110287.0,110240.0,110269.0,300
2026-06-01 05:20:00,110267.0,110285.0,110256.0,110259.0,300
2026-06-01 05:25:00,110261.0,110316.0,110254.0,110302.0,300
2026-06-01 05:30:00,110304.0,110319.0,110291.0,110302.0,300
2026-06-01 05:35:00,110300.0,110312.0,110274.0,110298.0,300
2026-06-01 05:40:00,110296.0,110312.0,110268.0,110268.0,300
2026-06-01 05:45:00,110269.0,110279.0,110235.0,110239.0,300
2026-06-01 05:50:00,110238.0,110245.0,110186.0,110192.0,300
2026-06-01 05:55:00,110191.0,110231.0,110183.0,110219.0,300
2026-06-01 06:00:00,110220.0,110245.0,110217.0,110239.0,300
2026-06-01 06:05:00,110238.0,110250.0,110188.0,110190.0,300
2026-06-01 06:10:00,110192.0,110197.0,110167.0,110168.0,300
2026-06-01 06:15:00,110166.0,110195.0,110146.0,110183.0,300
2026-06-01 06:20:00,110182.0,110230.0,110182.0,110220.0,300
2026-06-01 06:25:00,110222.0,110257.0,110222.0,110246.0,300
2026-06-01 06:30:00,110248.0,110248.0,110203.0,110203.0,300
2026-06-01 06:35:00,110201.0,110227.0,110192.0,110204.0,300
2026-06-01 06:40:00,110203.0,110205.0,110186.0,110203.0,300
2026-06-01 06:45:00,110202.0,110239.0,110188.0,110239.0,300
2026-06-01 06:50:00,110241.0,110259.0,110224.0,110226.0,300
2026-06-01 06:55:00,110228.0,110254.0,110205.0,110253.0,300
2026-06-01 07:00:00,110255.0,110309.0,110250.0,110301.0,300
2026-06-01 07:05:00,110303.0,110339.0,110286.0,110332.0,300
2026-06-01 07:10:00,110333.0,110365.0,110323.0,110357.0,300
2026-06-01 07:15:00,110356.0,110356.0,110325.0,110347.0,300
2026-06-01 07:20:00,110346.0,110379.0,110320.0,110379.0,300
2026-06-01 07:25:00,110378.0,110382.0,110337.0,110363.0,300
2026-06-01 07:30:00,110362.0,110400.0,110359.0,110385.0,300
2026-06-01 07:35:00,110384.0,110424.0,110383.0,110424.0,300
2026-06-01 07:40:00,110422.0,110462.0,110420.0,110441.0,300
2026-06-01 07:45:00,110440.0,110474.0,110423.0,110442.0,300
2026-06-01 07:50:00,110444.0,110471.0,110440.0,110460.0,300
2026-06-01 07:55:00,110462.0,110487.0,110432.0,110453.0,300
2026-06-01 08:00:00,110452.0,110462.0,110392.0,110395.0,300
2026-06-01 08:05:00,110397.0,110402.0,110367.0,110370.0,300
2026-06-01 08:10:00,110369.0,110396.0,110357.0,110371.0,300
2026-06-01 08:15:00,110373.0,110401.0,110371.0,110385.0,300
2026-06-01 08:20:00,110386.0,110401.0,110373.0,110399.0,300
2026-06-01 08:25:00,110401.0,110440.0,110397.0,110412.0,300
2026-06-01 08:30:00,110410.0,110443.0,110391.0,110429.0,300
2026-06-01 08:35:00,110430.0,110430.0,110364.0,110385.0,300
2026-06-01 08:40:00,110384.0,110400.0,110362.0,110363.0,300
2026-06-01 08:45:00,110361.0,110370.0,110335.0,110370.0,300
2026-06-01 08:50:00,110372.0,110382.0,110332.0,110348.0,300
2026-06-01 08:55:00,110350.0,110386.0,110339.0,110350.0,300
2026-06-01 09:00:00,110352.0,110381.0,110343.0,110372.0,300
2026-06-01 09:05:00,110370.0,110379.0,110319.0,110339.0,300
2026-06-01 09:10:00,110340.0,110348.0,110282.0,110286.0,300
2026-06-01 09:15:00,110288.0,110308.0,110271.0,110306.0,300
2026-06-01 09:20:00,110308.0,110312.0,110270.0,110270.0,300
2026-06-01 09:25:00,110271.0,110293.0,110265.0,110269.0,300
2026-06-01 09:30:00,110268.0,110316.0,110263.0,110315.0,300
2026-06-01 09:35:00,110313.0,110316.0,110272.0,110272.0,300
2026-06-01 09:40:00,110270.0,110311.0,110260.0,110300.0,300
2026-06-01 09:45:00,110298.0,110313.0,110269.0,110275.0,300
2026-06-01 09:50:00,110274.0,110285.0,110252.0,110279.0,300
2026-06-01 09:55:00,110277.0,110325.0,110277.0,110310.0,300
2026-06-01 10:00:00,110308.0,110321.0,110291.0,110306.0,300
2026-06-01 10:05:00,110304.0,110371.0,110302.0,110355.0,300
2026-06-01 10:10:00,110353.0,110392.0,110351.0,110376.0,300
2026-06-01 10:15:00,110377.0,110407.0,110376.0,110394.0,300
2026-06-01 10:20:00,110393.0,110395.0,110313.0,110314.0,300
2026-06-01 10:25:00,110315.0,110341.0,110274.0,110278.0,300
2026-06-01 10:30:00,110279.0,110300.0,110255.0,110264.0,300
2026-06-01 10:35:00,110266.0,110291.0,110253.0,110265.0,300
2026-06-01 10:40:00,110267.0,110316.0,110267.0,110288.0,300
2026-06-01 10:45:00,110290.0,110309.0,110275.0,110291.0,300
2026-06-01 10:50:00,110290.0,110295.0,110256.0,110285.0,300
2026-06-01 10:55:00,110286.0,110301.0,110248.0,110253.0,300
2026-06-01 11:00:00,110251.0,110255.0,110207.0,110226.0,300
2026-06-01 11:05:00,110225.0,110228.0,110134.0,110137.0,300
2026-06-01 11:10:00,110138.0,110150.0,110119.0,110128.0,300
2026-06-01 11:15:00,110129.0,110137.0,110112.0,110130.0,300
2026-06-01 11:20:00,110129.0,110136.0,110080.0,110081.0,300
2026-06-01 11:25:00,110079.0,110084.0,110023.0,110035.0,300
2026-06-01 11:30:00,110037.0,110056.0,109998.0,109998.0,300
2026-06-01 11:35:00,109996.0,110006.0,109949.0,109954.0,300
2026-06-01 11:40:00,109953.0,109958.0,109928.0,109928.0,300
2026-06-01 11:45:00,109929.0,109938.0,109907.0,109926.0,300
2026-06-01 11:50:00,109927.0,109937.0,109912.0,109923.0,300
2026-06-01 11:55:00,109925.0,109943.0,109912.0,109922.0,300
2026-06-01 12:00:00,109921.0,109946.0,109910.0,109939.0,300
2026-06-01 12:05:00,109938.0,109955.0,109902.0,109905.0,300
2026-06-01 12:10:00,109904.0,109945.0,109891.0,109937.0,300
2026-06-01 12:15:00,109939.0,109963.0,109909.0,109914.0,300
2026-06-01 12:20:00,109915.0,109917.0,109875.0,109888.0,300
2026-06-01 12:25:00,109886.0,109927.0,109886.0,109926.0,300
2026-06-01 12:30:00,109925.0,109926.0,109886.0,109912.0,300
2026-06-01 12:35:00,109913.0,109913.0,109875.0,109900.0,300
2026-06-01 12:40:00,109902.0,109917.0,109880.0,109913.0,300
2026-06-01 12:45:00,109912.0,109916.0,109881.0,109892.0,300
2026-06-01 12:50:00,109894.0,109894.0,109836.0,109845.0,300
2026-06-01 12:55:00,109844.0,109866.0,109837.0,109849.0,300
2026-06-01 13:00:00,109848.0,109866.0,109837.0,109844.0,300
2026-06-01 13:05:00,109842.0,109842.0,109811.0,109830.0,300
2026-06-01 13:10:00,109828.0,109834.0,109799.0,109812.0,300
2026-06-01 13:15:00,109814.0,109843.0,109793.0,109794.0,300
2026-06-01 13:20:00,109792.0,109821.0,109792.0,109813.0,300
2026-06-01 13:25:00,109811.0,109840.0,109799.0,109810.0,300
2026-06-01 13:30:00,109809.0,109834.0,109796.0,109834.0,300
2026-06-01 13:35:00,109833.0,109856.0,109831.0,109848.0,300
2026-06-01 13:40:00,109850.0,109850.0,109794.0,109823.0,300
2026-06-01 13:45:00,109822.0,109828.0,109792.0,109818.0,300
2026-06-01 13:50:00,109819.0,109823.0,109780.0,109798.0,300
2026-06-01 13:55:00,109797.0,109820.0,109779.0,109784.0,300
2026-06-01 14:00:00,109786.0,109807.0,109767.0,109787.0,300
2026-06-01 14:05:00,109789.0,109795.0,109755.0,109763.0,300
2026-06-01 14:10:00,109761.0,109784.0,109756.0,109767.0,300
2026-06-01 14:15:00,109768.0,109783.0,109750.0,109773.0,300
2026-06-01 14:20:00,109775.0,109798.0,109768.0,109771.0,300
2026-06-01 14:25:00,109772.0,109818.0,109762.0,109802.0,300
2026-06-01 14:30:00,109804.0,109824.0,109773.0,109777.0,300
2026-06-01 14:35:00,109775.0,109820.0,109771.0,109818.0,300
2026-06-01 14:40:00,109816.0,109823.0,109789.0,109792.0,300
2026-06-01 14:45:00,109793.0,109831.0,109791.0,109816.0,300
2026-06-01 14:50:00,109818.0,109850.0,109803.0,109849.0,300
2026-06-01 14:55:00,109851.0,109851.0,109808.0,109820.0,300
2026-06-01 15:00:00,109819.0,109822.0,109779.0,109780.0,300
2026-06-01 15:05:00,109779.0,109813.0,109774.0,109776.0,300
2026-06-01 15:10:00,109774.0,109779.0,109721.0,109750.0,300
2026-06-01 15:15:00,109751.0,109751.0,109715.0,109720.0,300
2026-06-01 15:20:00,109718.0,109744.0,109691.0,109704.0,300
2026-06-01 15:25:00,109706.0,109727.0,109675.0,109711.0,300
2026-06-01 15:30:00,109713.0,109738.0,109707.0,109710.0,300
2026-06-01 15:35:00,109708.0,109715.0,109672.0,109708.0,300
2026-06-01 15:40:00,109706.0,109747.0,109692.0,109740.0,300
2026-06-01 15:45:00,109741.0,109744.0,109706.0,109717.0,300
2026-06-01 15:50:00,109715.0,109747.0,109701.0,109703.0,300
2026-06-01 15:55:00,109704.0,109710.0,109688.0,109704.0,300
2026-06-01 16:00:00,109705.0,109755.0,109705.0,109748.0,300
2026-06-01 16:05:00,109749.0,109750.0,109709.0,109733.0,300
2026-06-01 16:10:00,109732.0,109738.0,109676.0,109681.0,300
2026-06-01 16:15:00,109680.0,109695.0,109617.0,109623.0,300
2026-06-01 16:20:00,109625.0,109672.0,109623.0,109653.0,300
2026-06-01 16:25:00,109652.0,109678.0,109647.0,109663.0,300
2026-06-01 16:30:00,109662.0,109670.0,109626.0,109632.0,300
2026-06-01 16:35:00,109634.0,109634.0,109590.0,109600.0,300
2026-06-01 16:40:00,109599.0,109645.0,109589.0,109640.0,300
2026-06-01 16:45:00,109642.0,109696.0,109642.0,109688.0,300
2026-06-01 16:50:00,109690.0,109764.0,109673.0,109764.0,300
2026-06-01 16:55:00,109762.0,109763.0,109736.0,109757.0,300
2026-06-01 17:00:00,109758.0,109772.0,109731.0,109737.0,300
2026-06-01 17:05:00,109738.0,109777.0,109729.0,109766.0,300
2026-06-01 17:10:00,109768.0,109792.0,109753.0,109772.0,300
2026-06-01 17:15:00,109771.0,109789.0,109756.0,109779.0,300
2026-06-01 17:20:00,109777.0,109788.0,109758.0,109773.0,300
2026-06-01 17:25:00,109772.0,109781.0,109739.0,109743.0,300
2026-06-01 17:30:00,109745.0,109790.0,109741.0,109776.0,300
2026-06-01 17:35:00,109778.0,109804.0,109769.0,109801.0,300
2026-06-01 17:40:00,109803.0,109847.0,109803.0,109831.0,300
2026-06-01 17:45:00,109832.0,109847.0,109805.0,109827.0,300
2026-06-01 17:50:00,109825.0,109839.0,109813.0,109829.0,300
2026-06-01 17:55:00,109827.0,109837.0,109784.0,109796.0,300
2026-06-01 18:00:00,109795.0,109810.0,109771.0,109786.0,300
2026-06-01 18:05:00,109787.0,109823.0,109780.0,109807.0,300
2026-06-01 18:10:00,109809.0,109834.0,109776.0,109834.0,300
2026-06-01 18:15:00,109833.0,109869.0,109818.0,109868.0,300
2026-06-01 18:20:00,109869.0,109901.0,109864.0,109895.0,300
2026-06-01 18:25:00,109893.0,109896.0,109857.0,109861.0,300
2026-06-01 18:30:00,109859.0,109876.0,109853.0,109857.0,300
2026-06-01 18:35:00,109858.0,109919.0,109851.0,109916.0,300
2026-06-01 18:40:00,109914.0,109950.0,109903.0,109950.0,300
2026-06-01 18:45:00,109949.0,109970.0,109931.0,109960.0,300
2026-06-01 18:50:00,109961.0,109972.0,109944.0,109944.0,300
2026-06-01 18:55:00,109943.0,109943.0,109878.0,109914.0,300
2026-06-01 19:00:00,109913.0,109924.0,109894.0,109924.0,300
2026-06-01 19:05:00,109926.0,109955.0,109916.0,109943.0,300
2026-06-01 19:10:00,109945.0,109961.0,109927.0,109961.0,300
2026-06-01 19:15:00,109962.0,110051.0,109953.0,110051.0,300
2026-06-01 19:20:00,110050.0,110058.0,110041.0,110046.0,300
2026-06-01 19:25:00,110047.0,110068.0,110035.0,110062.0,300
2026-06-01 19:30:00,110060.0,110065.0,110038.0,110042.0,300
2026-06-01 19:35:00,110043.0,110062.0,110005.0,110013.0,300
2026-06-01 19:40:00,110014.0,110089.0,110003.0,110060.0,300
2026-06-01 19:45:00,110058.0,110094.0,110044.0,110093.0,300
2026-06-01 19:50:00,110094.0,110114.0,110088.0,110093.0,300
2026-06-01 19:55:00,110094.0,110096.0,110056.0,110069.0,300
2026-06-01 20:00:00,110070.0,110073.0,110026.0,110060.0,300
2026-06-01 20:05:00,110059.0,110075.0,110043.0,110060.0,300
2026-06-01 20:10:00,110062.0,110065.0,110021.0,110040.0,300
2026-06-01 20:15:00,110038.0,110055.0,110015.0,110016.0,300
2026-06-01 20:20:00,110014.0,110016.0,109974.0,109989.0,300
2026-06-01 20:25:00,109991.0,110028.0,109990.0,110026.0,300
2026-06-01 20:30:00,110025.0,110027.0,109978.0,109985.0,300
2026-06-01 20:35:00,109986.0,109997.0,109940.0,109948.0,300
2026-06-01 20:40:00,109949.0,109972.0,109931.0,109947.0,300
2026-06-01 20:45:00,109945.0,109963.0,109925.0,109932.0,300
2026-06-01 20:50:00,109931.0,109953.0,109904.0,109944.0,300
2026-06-01 20:55:00,109943.0,109950.0,109885.0,109891.0,300
2026-06-01 21:00:00,109889.0,109891.0,109849.0,109867.0,300
2026-06-01 21:05:00,109868.0,109929.0,109863.0,109907.0,300
2026-06-01 21:10:00,109906.0,109942.0,109899.0,109942.0,300
2026-06-01 21:15:00,109944.0,109946.0,109895.0,109901.0,300
2026-06-01 21:20:00,109902.0,109919.0,109894.0,109897.0,300
2026-06-01 21:25:00,109899.0,109948.0,109895.0,109936.0,300
2026-06-01 21:30:00,109934.0,109954.0,109905.0,109915.0,300
2026-06-01 21:35:00,109917.0,109940.0,109902.0,109933.0,300
2026-06-01 21:40:00,109931.0,109964.0,109924.0,109955.0,300
2026-06-01 21:45:00,109956.0,109966.0,109901.0,109902.0,300
2026-06-01 21:50:00,109900.0,109928.0,109881.0,109921.0,300
2026-06-01 21:55:00,109923.0,109940.0,109906.0,109921.0,300
2026-06-01 22:00:00,109919.0,109973.0,109917.0,109953.0,300
2026-06-01 22:05:00,109955.0,109961.0,109914.0,109925.0,300
2026-06-01 22:10:00,109923.0,109934.0,109891.0,109894.0,300
2026-06-01 22:15:00,109895.0,109898.0,109863.0,109895.0,300
2026-06-01 22:20:00,109896.0,109907.0,109856.0,109858.0,300
2026-06-01 22:25:00,109856.0,109882.0,109850.0,109854.0,300
2026-06-01 22:30:00,109853.0,109898.0,109849.0,109890.0,300
2026-06-01 22:35:00,109889.0,109898.0,109866.0,109896.0,300
2026-06-01 22:40:00,109898.0,109918.0,109875.0,109903.0,300
2026-06-01 22:45:00,109901.0,109926.0,109887.0,109891.0,300
2026-06-01 22:50:00,109890.0,109893.0,109861.0,109865.0,300
2026-06-01 22:55:00,109863.0,109894.0,109851.0,109892.0,300
2026-06-01 23:00:00,109893.0,109895.0,109857.0,109879.0,300
2026-06-01 23:05:00,109877.0,109879.0,109846.0,109871.0,300
2026-06-01 23:10:00,109869.0,109913.0,109859.0,109899.0,300
2026-06-01 23:15:00,109897.0,109898.0,109864.0,109890.0,300
2026-06-01 23:20:00,109891.0,109895.0,109849.0,109852.0,300
2026-06-01 23:25:00,109853.0,109912.0,109853.0,109899.0,300
2026-06-01 23:30:00,109897.0,109907.0,109861.0,109872.0,300
2026-06-01 23:35:00,109874.0,109882.0,109845.0,109855.0,300
2026-06-01 23:40:00,109853.0,109855.0,109809.0,109822.0,300
2026-06-01 23:45:00,109820.0,109841.0,109807.0,109820.0,300
2026-06-01 23:50:00,109822.0,109831.0,109799.0,109817.0,300
2026-06-01 23:55:00,109818.0,109827.0,109789.0,109804.0,300
2026-06-02 00:00:00,109802.0,109836.0,109792.0,109831.0,300
2026-06-02 00:05:00,109832.0,109848.0,109803.0,109807.0,300
2026-06-02 00:10:00,109809.0,109822.0,109793.0,109811.0,300
2026-06-02 00:15:00,109813.0,109857.0,109799.0,109854.0,300
2026-06-02 00:20:00,109852.0,109875.0,109849.0,109868.0,300
2026-06-02 00:25:00,109867.0,109868.0,109792.0,109800.0,300
2026-06-02 00:30:00,109798.0,109834.0,109797.0,109822.0,300
2026-06-02 00:35:00,109820.0,109835.0,109797.0,109810.0,300
2026-06-02 00:40:00,109811.0,109825.0,109768.0,109777.0,300
2026-06-02 00:45:00,109779.0,109787.0,109754.0,109765.0,300
2026-06-02 00:50:00,109764.0,109778.0,109745.0,109763.0,300
2026-06-02 00:55:00,109764.0,109767.0,109699.0,109713.0,300
2026-06-02 01:00:00,109714.0,109716.0,109632.0,109632.0,300
2026-06-02 01:05:00,109634.0,109648.0,109609.0,109636.0,300
2026-06-02 01:10:00,109637.0,109638.0,109576.0,109584.0,300
2026-06-02 01:15:00,109586.0,109618.0,109577.0,109577.0,300
2026-06-02 01:20:00,109576.0,109594.0,109537.0,109539.0,300
2026-06-02 01:25:00,109537.0,109556.0,109527.0,109543.0,300
2026-06-02 01:30:00,109544.0,109568.0,109486.0,109487.0,300
2026-06-02 01:35:00,109486.0,109513.0,109463.0,109512.0,300
2026-06-02 01:40:00,109513.0,109550.0,109506.0,109534.0,300
2026-06-02 01:45:00,109535.0,109550.0,109519.0,109539.0,300
2026-06-02 01:50:00,109538.0,109548.0,109511.0,109537.0,300
2026-06-02 01:55:00,109539.0,109574.0,109537.0,109568.0,300
2026-06-02 02:00:00,109569.0,109602.0,109546.0,109601.0,300
2026-06-02 02:05:00,109599.0,109616.0,109590.0,109610.0,300
2026-06-02 02:10:00,109609.0,109630.0,109585.0,109627.0,300
2026-06-02 02:15:00,109628.0,109664.0,109628.0,109639.0,300
2026-06-02 02:20:00,109637.0,109639.0,109572.0,109573.0,300
2026-06-02 02:25:00,109575.0,109579.0,109539.0,109540.0,300
2026-06-02 02:30:00,109538.0,109576.0,109524.0,109567.0,300
2026-06-02 02:35:00,109566.0,109584.0,109543.0,109569.0,300
2026-06-02 02:40:00,109568.0,109604.0,109568.0,109588.0,300
2026-06-02 02:45:00,109590.0,109603.0,109564.0,109597.0,300
2026-06-02 02:50:00,109598.0,109618.0,109581.0,109618.0,300
2026-06-02 02:55:00,109619.0,109623.0,109588.0,109588.0,300
2026-06-02 03:00:00,109587.0,109616.0,109567.0,109569.0,300
2026-06-02 03:05:00,109567.0,109608.0,109552.0,109603.0,300
2026-06-02 03:10:00,109605.0,109635.0,109601.0,109611.0,300
2026-06-02 03:15:00,109612.0,109689.0,109611.0,109689.0,300
2026-06-02 03:20:00,109687.0,109708.0,109656.0,109668.0,300
2026-06-02 03:25:00,109669.0,109672.0,109642.0,109671.0,300
2026-06-02 03:30:00,109669.0,109693.0,109665.0,109667.0,300
2026-06-02 03:35:00,109668.0,109698.0,109663.0,109677.0,300
2026-06-02 03:40:00,109676.0,109683.0,109646.0,109663.0,300
2026-06-02 03:45:00,109664.0,109723.0,109656.0,109723.0,300
2026-06-02 03:50:00,109722.0,109743.0,109707.0,109725.0,300
2026-06-02 03:55:00,109723.0,109778.0,109722.0,109762.0,300
2026-06-02 04:00:00,109764.0,109764.0,109700.0,109700.0,300
2026-06-02 04:05:00,109698.0,109726.0,109695.0,109710.0,300
2026-06-02 04:10:00,109708.0,109713.0,109686.0,109696.0,300
2026-06-02 04:15:00,109695.0,109715.0,109690.0,109694.0,300
2026-06-02 04:20:00,109693.0,109704.0,109664.0,109683.0,300
2026-06-02 04:25:00,109682.0,109697.0,109669.0,109669.0,300
2026-06-02 04:30:00,109670.0,109677.0,109624.0,109632.0,300
2026-06-02 04:35:00,109634.0,109639.0,109591.0,109633.0,300
2026-06-02 04:40:00,109634.0,109643.0,109606.0,109638.0,300
2026-06-02 04:45:00,109640.0,109642.0,109612.0,109625.0,300
2026-06-02 04:50:00,109623.0,109632.0,109598.0,109632.0,300
2026-06-02 04:55:00,109634.0,109654.0,109621.0,109653.0,300
2026-06-02 05:00:00,109652.0,109671.0,109647.0,109662.0,300
2026-06-02 05:05:00,109664.0,109730.0,109662.0,109693.0,300
2026-06-02 05:10:00,109694.0,109704.0,109659.0,109673.0,300
2026-06-02 05:15:00,109672.0,109705.0,109672.0,109681.0,300
2026-06-02 05:20:00,109682.0,109707.0,109673.0,109701.0,300
2026-06-02 05:25:00,109703.0,109737.0,109691.0,109691.0,300
2026-06-02 05:30:00,109693.0,109702.0,109676.0,109691.0,300
2026-06-02 05:35:00,109689.0,109713.0,109673.0,109708.0,300
2026-06-02 05:40:00,109710.0,109731.0,109681.0,109730.0,300
2026-06-02 05:45:00,109728.0,109728.0,109697.0,109699.0,300
2026-06-02 05:50:00,109698.0,109704.0,109661.0,109671.0,300
2026-06-02 05:55:00,109669.0,109686.0,109637.0,109666.0,300
2026-06-02 06:00:00,109667.0,109667.0,109628.0,109644.0,300
2026-06-02 06:05:00,109646.0,109660.0,109640.0,109645.0,300
2026-06-02 06:10:00,109643.0,109656.0,109615.0,109625.0,300
2026-06-02 06:15:00,109623.0,109633.0,109594.0,109609.0,300
2026-06-02 06:20:00,109608.0,109624.0,109588.0,109612.0,300
2026-06-02 06:25:00,109611.0,109653.0,109611.0,109635.0,300
2026-06-02 06:30:00,109633.0,109662.0,109626.0,109657.0,300
2026-06-02 06:35:00,109655.0,109673.0,109651.0,109656.0,300
2026-06-02 06:40:00,109654.0,109659.0,109627.0,109652.0,300
2026-06-02 06:45:00,109653.0,109681.0,109635.0,109679.0,300
2026-06-02 06:50:00,109680.0,109695.0,109674.0,109689.0,300
2026-06-02 06:55:00,109690.0,109697.0,109661.0,109675.0,300
2026-06-02 07:00:00,109677.0,109706.0,109667.0,109681.0,300
2026-06-02 07:05:00,109682.0,109682.0,109646.0,109680.0,300
2026-06-02 07:10:00,109682.0,109701.0,109660.0,109664.0,300
2026-06-02 07:15:00,109663.0,109668.0,109624.0,109624.0,300
2026-06-02 07:20:00,109626.0,109635.0,109597.0,109624.0,300
2026-06-02 07:25:00,109625.0,109644.0,109611.0,109644.0,300
2026-06-02 07:30:00,109642.0,109688.0,109621.0,109675.0,300
2026-06-02 07:35:00,109673.0,109679.0,109643.0,109668.0,300
2026-06-02 07:40:00,109670.0,109717.0,109666.0,109699.0,300
2026-06-02 07:45:00,109700.0,109710.0,109641.0,109651.0,300
2026-06-02 07:50:00,109650.0,109671.0,109635.0,109665.0,300
2026-06-02 07:55:00,109666.0,109687.0,109620.0,109626.0,300
2026-06-02 08:00:00,109628.0,109655.0,109627.0,109651.0,300
2026-06-02 08:05:00,109652.0,109652.0,109615.0,109644.0,300
2026-06-02 08:10:00,109646.0,109659.0,109592.0,109617.0,300
2026-06-02 08:15:00,109618.0,109626.0,109601.0,109613.0,300
2026-06-02 08:20:00,109614.0,109620.0,109573.0,109603.0,300
2026-06-02 08:25:00,109601.0,109620.0,109593.0,109596.0,300
2026-06-02 08:30:00,109594.0,109615.0,109582.0,109610.0,300
2026-06-02 08:35:00,109611.0,109660.0,109607.0,109628.0,300
2026-06-02 08:40:00,109630.0,109645.0,109590.0,109593.0,300
2026-06-02 08:45:00,109591.0,109620.0,109591.0,109618.0,300
2026-06-02 08:50:00,109620.0,109620.0,109587.0,109589.0,300
2026-06-02 08:55:00,109588.0,109602.0,109551.0,109575.0,300
2026-06-02 09:00:00,109576.0,109607.0,109571.0,109601.0,300
2026-06-02 09:05:00,109599.0,109627.0,109589.0,109626.0,300
2026-06-02 09:10:00,109625.0,109634.0,109583.0,109603.0,300
2026-06-02 09:15:00,109602.0,109626.0,109584.0,109608.0,300
2026-06-02 09:20:00,109609.0,109664.0,109604.0,109660.0,300
2026-06-02 09:25:00,109658.0,109685.0,109635.0,109671.0,300
2026-06-02 09:30:00,109672.0,109697.0,109655.0,109695.0,300
2026-06-02 09:35:00,109696.0,109698.0,109659.0,109690.0,300
2026-06-02 09:40:00,109692.0,109693.0,109638.0,109658.0,300
2026-06-02 09:45:00,109656.0,109706.0,109653.0,109706.0,300
2026-06-02 09:50:00,109705.0,109734.0,109700.0,109731.0,300
2026-06-02 09:55:00,109733.0,109772.0,109726.0,109756.0,300
2026-06-02 10:00:00,109755.0,109779.0,109746.0,109775.0,300
2026-06-02 10:05:00,109774.0,109820.0,109769.0,109820.0,300
2026-06-02 10:10:00,109821.0,109827.0,109801.0,109806.0,300
2026-06-02 10:15:00,109808.0,109821.0,109783.0,109795.0,300
2026-06-02 10:20:00,109793.0,109847.0,109788.0,109847.0,300
2026-06-02 10:25:00,109849.0,109915.0,109844.0,109910.0,300
2026-06-02 10:30:00,109911.0,109945.0,109903.0,109935.0,300
2026-06-02 10:35:00,109936.0,109953.0,109913.0,109935.0,300
2026-06-02 10:40:00,109934.0,109945.0,109914.0,109936.0,300
2026-06-02 10:45:00,109938.0,109942.0,109913.0,109928.0,300
2026-06-02 10:50:00,109927.0,109976.0,109922.0,109947.0,300
2026-06-02 10:55:00,109946.0,109977.0,109946.0,109959.0,300
2026-06-02 11:00:00,109960.0,109982.0,109943.0,109976.0,300
2026-06-02 11:05:00,109975.0,109976.0,109938.0,109946.0,300
2026-06-02 11:10:00,109947.0,109979.0,109941.0,109974.0,300
2026-06-02 11:15:00,109973.0,109985.0,109942.0,109951.0,300
2026-06-02 11:20:00,109949.0,109972.0,109937.0,109970.0,300
2026-06-02 11:25:00,109969.0,109997.0,109964.0,109971.0,300
2026-06-02 11:30:00,109969.0,110019.0,109963.0,110018.0,300
2026-06-02 11:35:00,110016.0,110030.0,110010.0,110016.0,300
2026-06-02 11:40:00,110015.0,110042.0,110001.0,110001.0,300
2026-06-02 11:45:00,109999.0,110019.0,109986.0,110005.0,300
2026-06-02 11:50:00,110003.0,110061.0,110001.0,110056.0,300
2026-06-02 11:55:00,110054.0,110081.0,110040.0,110041.0,300
2026-06-02 12:00:00,110042.0,110048.0,110004.0,110039.0,300
2026-06-02 12:05:00,110040.0,110075.0,110020.0,110073.0,300
2026-06-02 12:10:00,110074.0,110101.0,110071.0,110100.0,300
2026-06-02 12:15:00,110099.0,110108.0,110086.0,110099.0,300
2026-06-02 12:20:00,110097.0,110101.0,110054.0,110077.0,300
2026-06-02 12:25:00,110076.0,110124.0,110076.0,110109.0,300
2026-06-02 12:30:00,110107.0,110138.0,110107.0,110135.0,300
2026-06-02 12:35:00,110133.0,110149.0,110127.0,110128.0,300
2026-06-02 12:40:00,110126.0,110162.0,110111.0,110160.0,300
2026-06-02 12:45:00,110162.0,110173.0,110149.0,110156.0,300
2026-06-02 12:50:00,110154.0,110157.0,110119.0,110144.0,300
2026-06-02 12:55:00,110146.0,110149.0,110119.0,110137.0,300
2026-06-02 13:00:00,110139.0,110168.0,110135.0,110166.0,300
2026-06-02 13:05:00,110165.0,110169.0,110122.0,110122.0,300
2026-06-02 13:10:00,110124.0,110162.0,110106.0,110147.0,300
2026-06-02 13:15:00,110145.0,110156.0,110133.0,110138.0,300
2026-06-02 13:20:00,110137.0,110149.0,110093.0,110103.0,300
2026-06-02 13:25:00,110105.0,110147.0,110104.0,110127.0,300
2026-06-02 13:30:00,110125.0,110157.0,110115.0,110144.0,300
2026-06-02 13:35:00,110145.0,110163.0,110114.0,110114.0,300
2026-06-02 13:40:00,110116.0,110150.0,110107.0,110150.0,300
2026-06-02 13:45:00,110149.0,110161.0,110102.0,110114.0,300
2026-06-02 13:50:00,110112.0,110131.0,110102.0,110126.0,300
2026-06-02 13:55:00,110127.0,110127.0,110079.0,110090.0,300
2026-06-02 14:00:00,110091.0,110127.0,110085.0,110124.0,300
2026-06-02 14:05:00,110122.0,110167.0,110112.0,110165.0,300
2026-06-02 14:10:00,110163.0,110234.0,110163.0,110214.0,300
2026-06-02 14:15:00,110216.0,110247.0,110214.0,110222.0,300
2026-06-02 14:20:00,110224.0,110242.0,110206.0,110212.0,300
2026-06-02 14:25:00,110213.0,110242.0,110186.0,110200.0,300
2026-06-02 14:30:00,110201.0,110229.0,110199.0,110214.0,300
2026-06-02 14:35:00,110213.0,110224.0,110184.0,110199.0,300
2026-06-02 14:40:00,110197.0,110249.0,110179.0,110242.0,300
2026-06-02 14:45:00,110241.0,110257.0,110230.0,110247.0,300
2026-06-02 14:50:00,110249.0,110258.0,110214.0,110220.0,300
2026-06-02 14:55:00,110222.0,110261.0,110222.0,110246.0,300
2026-06-02 15:00:00,110248.0,110251.0,110184.0,110187.0,300
2026-06-02 15:05:00,110186.0,110191.0,110160.0,110187.0,300
2026-06-02 15:10:00,110186.0,110190.0,110165.0,110188.0,300
2026-06-02 15:15:00,110187.0,110195.0,110158.0,110166.0,300
2026-06-02 15:20:00,110164.0,110194.0,110146.0,110156.0,300
2026-06-02 15:25:00,110155.0,110159.0,110128.0,110140.0,300
2026-06-02 15:30:00,110138.0,110147.0,110105.0,110146.0,300
2026-06-02 15:35:00,110148.0,110197.0,110133.0,110185.0,300
2026-06-02 15:40:00,110186.0,110216.0,110176.0,110206.0,300
2026-06-02 15:45:00,110204.0,110204.0,110179.0,110200.0,300
2026-06-02 15:50:00,110198.0,110207.0,110164.0,110168.0,300
2026-06-02 15:55:00,110170.0,110178.0,110130.0,110176.0,300
2026-06-02 16:00:00,110174.0,110196.0,110149.0,110156.0,300
2026-06-02 16:05:00,110158.0,110159.0,110130.0,110133.0,300
2026-06-02 16:10:00,110135.0,110165.0,110130.0,110154.0,300
2026-06-02 16:15:00,110153.0,110161.0,110127.0,110144.0,300
2026-06-02 16:20:00,110143.0,110186.0,110138.0,110180.0,300
2026-06-02 16:25:00,110179.0,110233.0,110178.0,110227.0,300
2026-06-02 16:30:00,110225.0,110228.0,110188.0,110206.0,300
2026-06-02 16:35:00,110208.0,110219.0,110192.0,110199.0,300
2026-06-02 16:40:00,110201.0,110238.0,110201.0,110234.0,300
2026-06-02 16:45:00,110235.0,110243.0,110207.0,110223.0,300
2026-06-02 16:50:00,110225.0,110245.0,110207.0,110232.0,300
2026-06-02 16:55:00,110234.0,110285.0,110230.0,110280.0,300
2026-06-02 17:00:00,110278.0,110283.0,110260.0,110278.0,300
2026-06-02 17:05:00,110280.0,110298.0,110258.0,110262.0,300
2026-06-02 17:10:00,110263.0,110265.0,110233.0,110237.0,300
2026-06-02 17:15:00,110236.0,110260.0,110225.0,110251.0,300
2026-06-02 17:20:00,110253.0,110267.0,110231.0,110264.0,300
2026-06-02 17:25:00,110266.0,110268.0,110212.0,110233.0,300
2026-06-02 17:30:00,110231.0,110244.0,110183.0,110198.0,300
2026-06-02 17:35:00,110199.0,110249.0,110198.0,110243.0,300
2026-06-02 17:40:00,110242.0,110254.0,110225.0,110229.0,300
2026-06-02 17:45:00,110227.0,110294.0,110227.0,110290.0,300
2026-06-02 17:50:00,110289.0,110300.0,110259.0,110266.0,300
2026-06-02 17:55:00,110265.0,110271.0,110242.0,110266.0,300
2026-06-02 18:00:00,110267.0,110281.0,110232.0,110236.0,300
2026-06-02 18:05:00,110237.0,110256.0,110225.0,110235.0,300
2026-06-02 18:10:00,110237.0,110260.0,110230.0,110255.0,300
2026-06-02 18:15:00,110253.0,110265.0,110219.0,110238.0,300
2026-06-02 18:20:00,110237.0,110239.0,110197.0,110204.0,300
2026-06-02 18:25:00,110205.0,110264.0,110203.0,110229.0,300
2026-06-02 18:30:00,110230.0,110233.0,110192.0,110209.0,300
2026-06-02 18:35:00,110210.0,110259.0,110206.0,110254.0,300
2026-06-02 18:40:00,110256.0,110296.0,110254.0,110288.0,300
2026-06-02 18:45:00,110287.0,110303.0,110264.0,110264.0,300
2026-06-02 18:50:00,110262.0,110308.0,110259.0,110275.0,300
2026-06-02 18:55:00,110273.0,110282.0,110191.0,110204.0,300
2026-06-02 19:00:00,110206.0,110220.0,110189.0,110193.0,300
2026-06-02 19:05:00,110195.0,110212.0,110167.0,110183.0,300
2026-06-02 19:10:00,110184.0,110188.0,110139.0,110149.0,300
2026-06-02 19:15:00,110150.0,110160.0,110105.0,110110.0,300
2026-06-02 19:20:00,110111.0,110111.0,110020.0,110028.0,300
2026-06-02 19:25:00,110030.0,110044.0,110013.0,110022.0,300
2026-06-02 19:30:00,110023.0,110029.0,109991.0,109993.0,300
2026-06-02 19:35:00,109992.0,110003.0,109966.0,109996.0,300
2026-06-02 19:40:00,109994.0,110019.0,109987.0,110002.0,300
2026-06-02 19:45:00,110001.0,110002.0,109975.0,109990.0,300
2026-06-02 19:50:00,109991.0,110008.0,109971.0,109973.0,300
2026-06-02 19:55:00,109974.0,109989.0,109965.0,109982.0,300
2026-06-02 20:00:00,109984.0,109985.0,109946.0,109976.0,300
2026-06-02 20:05:00,109974.0,110022.0,109967.0,110012.0,300
2026-06-02 20:10:00,110014.0,110018.0,109966.0,109975.0,300
2026-06-02 20:15:00,109973.0,109999.0,109965.0,109989.0,300
2026-06-02 20:20:00,109987.0,110016.0,109972.0,110010.0,300
2026-06-02 20:25:00,110008.0,110031.0,109991.0,110026.0,300
2026-06-02 20:30:00,110025.0,110032.0,109996.0,110006.0,300
2026-06-02 20:35:00,110008.0,110057.0,110008.0,110046.0,300
2026-06-02 20:40:00,110048.0,110085.0,110048.0,110081.0,300
2026-06-02 20:45:00,110079.0,110087.0,110044.0,110060.0,300
2026-06-02 20:50:00,110059.0,110107.0,110058.0,110106.0,300
2026-06-02 20:55:00,110104.0,110123.0,110095.0,110123.0,300
2026-06-02 21:00:00,110124.0,110126.0,110099.0,110108.0,300
2026-06-02 21:05:00,110106.0,110106.0,110055.0,110088.0,300
2026-06-02 21:10:00,110086.0,110093.0,110049.0,110064.0,300
2026-06-02 21:15:00,110063.0,110077.0,110053.0,110073.0,300
2026-06-02 21:20:00,110074.0,110127.0,110068.0,110126.0,300
2026-06-02 21:25:00,110128.0,110164.0,110126.0,110130.0,300
2026-06-02 21:30:00,110129.0,110153.0,110118.0,110153.0,300
2026-06-02 21:35:00,110151.0,110179.0,110141.0,110153.0,300
2026-06-02 21:40:00,110152.0,110152.0,110130.0,110141.0,300
2026-06-02 21:45:00,110142.0,110143.0,110105.0,110107.0,300
2026-06-02 21:50:00,110109.0,110111.0,110056.0,110070.0,300
2026-06-02 21:55:00,110072.0,110099.0,110057.0,110060.0,300
2026-06-02 22:00:00,110062.0,110096.0,110051.0,110086.0,300
2026-06-02 22:05:00,110087.0,110088.0,110020.0,110027.0,300
2026-06-02 22:10:00,110029.0,110037.0,109993.0,110011.0,300
2026-06-02 22:15:00,110013.0,110028.0,110003.0,110003.0,300
2026-06-02 22:20:00,110002.0,110013.0,109983.0,109993.0,300
2026-06-02 22:25:00,109995.0,109995.0,109961.0,109962.0,300
2026-06-02 22:30:00,109964.0,109981.0,109956.0,109975.0,300
2026-06-02 22:35:00,109973.0,109997.0,109965.0,109981.0,300
2026-06-02 22:40:00,109979.0,110045.0,109978.0,110022.0,300
2026-06-02 22:45:00,110024.0,110039.0,110010.0,110031.0,300
2026-06-02 22:50:00,110032.0,110048.0,110016.0,110039.0,300
2026-06-02 22:55:00,110037.0,110055.0,110007.0,110031.0,300
2026-06-02 23:00:00,110032.0,110098.0,110032.0,110095.0,300
2026-06-02 23:05:00,110097.0,110097.0,110045.0,110056.0,300
2026-06-02 23:10:00,110054.0,110070.0,110030.0,110032.0,300
2026-06-02 23:15:00,110030.0,110060.0,110024.0,110041.0,300
2026-06-02 23:20:00,110040.0,110050.0,110024.0,110040.0,300
2026-06-02 23:25:00,110042.0,110045.0,109994.0,110001.0,300
2026-06-02 23:30:00,110002.0,110008.0,109961.0,109972.0,300
2026-06-02 23:35:00,109973.0,110001.0,109942.0,109960.0,300
2026-06-02 23:40:00,109959.0,109975.0,109952.0,109963.0,300
2026-06-02 23:45:00,109962.0,109962.0,109927.0,109943.0,300
2026-06-02 23:50:00,109941.0,109962.0,109926.0,109931.0,300
2026-06-02 23:55:00,109932.0,109939.0,109882.0,109912.0,300
2026-06-03 00:00:00,109913.0,109926.0,109890.0,109915.0,300
2026-06-03 00:05:00,109914.0,109948.0,109909.0,109936.0,300
2026-06-03 00:10:00,109937.0,110000.0,109937.0,109986.0,300
2026-06-03 00:15:00,109988.0,110026.0,109978.0,110019.0,300
2026-06-03 00:20:00,110017.0,110037.0,110012.0,110030.0,300
2026-06-03 00:25:00,110032.0,110086.0,110018.0,110072.0,300
2026-06-03 00:30:00,110071.0,110073.0,110013.0,110017.0,300
2026-06-03 00:35:00,110019.0,110047.0,110000.0,110043.0,300
2026-06-03 00:40:00,110045.0,110078.0,110037.0,110072.0,300
2026-06-03 00:45:00,110070.0,110084.0,110037.0,110048.0,300
2026-06-03 00:50:00,110047.0,110076.0,110038.0,110076.0,300
2026-06-03 00:55:00,110077.0,110128.0,110075.0,110123.0,300
2026-06-03 01:00:00,110124.0,110178.0,110106.0,110177.0,300
2026-06-03 01:05:00,110178.0,110189.0,110149.0,110167.0,300
2026-06-03 01:10:00,110169.0,110209.0,110169.0,110202.0,300
2026-06-03 01:15:00,110203.0,110235.0,110200.0,110211.0,300
2026-06-03 01:20:00,110209.0,110223.0,110184.0,110221.0,300
2026-06-03 01:25:00,110223.0,110241.0,110207.0,110230.0,300
2026-06-03 01:30:00,110228.0,110240.0,110208.0,110237.0,300
2026-06-03 01:35:00,110235.0,110242.0,110211.0,110241.0,300
2026-06-03 01:40:00,110242.0,110281.0,110236.0,110279.0,300
2026-06-03 01:45:00,110280.0,110323.0,110277.0,110309.0,300
2026-06-03 01:50:00,110307.0,110386.0,110305.0,110372.0,300
2026-06-03 01:55:00,110373.0,110379.0,110342.0,110342.0,300
2026-06-03 02:00:00,110344.0,110375.0,110332.0,110375.0,300
2026-06-03 02:05:00,110376.0,110415.0,110369.0,110377.0,300
2026-06-03 02:10:00,110376.0,110387.0,110350.0,110351.0,300
2026-06-03 02:15:00,110350.0,110378.0,110337.0,110369.0,300
2026-06-03 02:20:00,110371.0,110392.0,110353.0,110388.0,300
2026-06-03 02:25:00,110390.0,110395.0,110362.0,110388.0,300
2026-06-03 02:30:00,110387.0,110391.0,110346.0,110353.0,300
2026-06-03 02:35:00,110351.0,110379.0,110338.0,110369.0,300
2026-06-03 02:40:00,110367.0,110374.0,110329.0,110337.0,300
2026-06-03 02:45:00,110336.0,110338.0,110298.0,110317.0,300
2026-06-03 02:50:00,110319.0,110373.0,110316.0,110367.0,300
2026-06-03 02:55:00,110366.0,110376.0,110336.0,110342.0,300
2026-06-03 03:00:00,110344.0,110396.0,110338.0,110394.0,300
2026-06-03 03:05:00,110392.0,110405.0,110373.0,110403.0,300
2026-06-03 03:10:00,110402.0,110419.0,110365.0,110379.0,300
2026-06-03 03:15:00,110378.0,110399.0,110363.0,110385.0,300
2026-06-03 03:20:00,110384.0,110390.0,110360.0,110374.0,300
2026-06-03 03:25:00,110372.0,110374.0,110335.0,110340.0,300
2026-06-03 03:30:00,110339.0,110351.0,110299.0,110299.0,300
2026-06-03 03:35:00,110301.0,110352.0,110297.0,110333.0,300
2026-06-03 03:40:00,110334.0,110368.0,110319.0,110358.0,300
2026-06-03 03:45:00,110356.0,110373.0,110340.0,110342.0,300
2026-06-03 03:50:00,110341.0,110349.0,110305.0,110305.0,300
2026-06-03 03:55:00,110303.0,110304.0,110273.0,110274.0,300
2026-06-03 04:00:00,110272.0,110281.0,110256.0,110266.0,300
2026-06-03 04:05:00,110265.0,110266.0,110237.0,110251.0,300
2026-06-03 04:10:00,110252.0,110304.0,110252.0,110303.0,299
2026-06-03 04:15:00,110305.0,110360.0,110302.0,110352.0,301
2026-06-03 04:20:00,110351.0,110363.0,110312.0,110312.0,299
2026-06-03 04:25:00,110310.0,110355.0,110302.0,110324.0,301
2026-06-03 04:30:00,110323.0,110389.0,110320.0,110381.0,299
2026-06-03 04:35:00,110379.0,110382.0,110361.0,110373.0,300
2026-06-03 04:40:00,110372.0,110376.0,110351.0,110363.0,300
2026-06-03 04:45:00,110361.0,110374.0,110348.0,110361.0,300
2026-06-03 04:50:00,110362.0,110367.0,110337.0,110355.0,300
2026-06-03 04:55:00,110354.0,110383.0,110348.0,110380.0,300
2026-06-03 05:00:00,110381.0,110396.0,110350.0,110366.0,300
2026-06-03 05:05:00,110368.0,110392.0,110357.0,110362.0,300
2026-06-03 05:10:00,110363.0,110365.0,110327.0,110338.0,300
2026-06-03 05:15:00,110339.0,110388.0,110319.0,110388.0,300
2026-06-03 05:20:00,110387.0,110390.0,110358.0,110369.0,300
2026-06-03 05:25:00,110368.0,110387.0,110360.0,110370.0,300
2026-06-03 05:30:00,110371.0,110384.0,110355.0,110365.0,300
2026-06-03 05:35:00,110366.0,110405.0,110361.0,110379.0,300
2026-06-03 05:40:00,110377.0,110382.0,110321.0,110324.0,300
2026-06-03 05:45:00,110325.0,110334.0,110292.0,110329.0,300
2026-06-03 05:50:00,110328.0,110333.0,110282.0,110308.0,300
2026-06-03 05:55:00,110310.0,110325.0,110287.0,110288.0,300
2026-06-03 06:00:00,110287.0,110328.0,110284.0,110325.0,300
2026-06-03 06:05:00,110327.0,110333.0,110297.0,110304.0,300
2026-06-03 06:10:00,110306.0,110330.0,110305.0,110310.0,300
2026-06-03 06:15:00,110308.0,110334.0,110302.0,110324.0,300
2026-06-03 06:20:00,110325.0,110333.0,110298.0,110298.0,300
2026-06-03 06:25:00,110299.0,110312.0,110285.0,110300.0,300
2026-06-03 06:30:00,110301.0,110333.0,110292.0,110324.0,300
2026-06-03 06:35:00,110323.0,110380.0,110318.0,110374.0,300
2026-06-03 06:40:00,110375.0,110437.0,110374.0,110422.0,300
2026-06-03 06:45:00,110421.0,110445.0,110418.0,110436.0,300
2026-06-03 06:50:00,110438.0,110438.0,110407.0,110413.0,300
2026-06-03 06:55:00,110415.0,110467.0,110415.0,110428.0,300
2026-06-03 07:00:00,110429.0,110452.0,110400.0,110449.0,300
2026-06-03 07:05:00,110451.0,110456.0,110418.0,110451.0,300
2026-06-03 07:10:00,110452.0,110529.0,110447.0,110525.0,300
2026-06-03 07:15:00,110527.0,110528.0,110491.0,110497.0,300
2026-06-03 07:20:00,110498.0,110509.0,110480.0,110481.0,300
2026-06-03 07:25:00,110479.0,110513.0,110463.0,110502.0,300
2026-06-03 07:30:00,110503.0,110512.0,110473.0,110480.0,300
2026-06-03 07:35:00,110478.0,110494.0,110446.0,110467.0,300
2026-06-03 07:40:00,110468.0,110476.0,110448.0,110464.0,300
2026-06-03 07:45:00,110466.0,110471.0,110410.0,110431.0,300
2026-06-03 07:50:00,110430.0,110439.0,110404.0,110429.0,300
2026-06-03 07:55:00,110427.0,110446.0,110413.0,110421.0,300
2026-06-03 08:00:00,110423.0,110488.0,110411.0,110486.0,300
2026-06-03 08:05:00,110484.0,110501.0,110466.0,110482.0,300
2026-06-03 08:10:00,110480.0,110507.0,110473.0,110497.0,300
2026-06-03 08:15:00,110496.0,110499.0,110464.0,110493.0,300
2026-06-03 08:20:00,110494.0,110553.0,110481.0,110546.0,300
2026-06-03 08:25:00,110547.0,110572.0,110535.0,110535.0,300
2026-06-03 08:30:00,110534.0,110534.0,110502.0,110534.0,300
2026-06-03 08:35:00,110533.0,110556.0,110520.0,110534.0,300
2026-06-03 08:40:00,110532.0,110566.0,110531.0,110537.0,300
2026-06-03 08:45:00,110536.0,110572.0,110533.0,110543.0,300
2026-06-03 08:50:00,110542.0,110556.0,110512.0,110521.0,300
2026-06-03 08:55:00,110523.0,110547.0,110523.0,110544.0,300
2026-06-03 09:00:00,110546.0,110583.0,110537.0,110577.0,300
2026-06-03 09:05:00,110576.0,110620.0,110572.0,110596.0,300
2026-06-03 09:10:00,110598.0,110624.0,110576.0,110599.0,300
2026-06-03 09:15:00,110600.0,110635.0,110596.0,110635.0,300
2026-06-03 09:20:00,110637.0,110663.0,110630.0,110657.0,300
2026-06-03 09:25:00,110659.0,110679.0,110638.0,110661.0,300
2026-06-03 09:30:00,110663.0,110691.0,110663.0,110683.0,300
2026-06-03 09:35:00,110685.0,110727.0,110683.0,110691.0,300
2026-06-03 09:40:00,110692.0,110703.0,110660.0,110669.0,300
2026-06-03 09:45:00,110667.0,110667.0,110607.0,110615.0,300
2026-06-03 09:50:00,110617.0,110645.0,110601.0,110613.0,300
2026-06-03 09:55:00,110615.0,110620.0,110565.0,110573.0,300
2026-06-03 10:00:00,110575.0,110594.0,110563.0,110587.0,300
2026-06-03 10:05:00,110588.0,110591.0,110563.0,110589.0,300
2026-06-03 10:10:00,110590.0,110601.0,110578.0,110585.0,300
2026-06-03 10:15:00,110586.0,110608.0,110568.0,110601.0,300
2026-06-03 10:20:00,110600.0,110606.0,110558.0,110566.0,300
2026-06-03 10:25:00,110564.0,110598.0,110564.0,110575.0,300
2026-06-03 10:30:00,110576.0,110576.0,110539.0,110551.0,300
2026-06-03 10:35:00,110549.0,110612.0,110548.0,110612.0,300
2026-06-03 10:40:00,110613.0,110648.0,110599.0,110634.0,300
2026-06-03 10:45:00,110633.0,110656.0,110614.0,110618.0,300
2026-06-03 10:50:00,110619.0,110636.0,110597.0,110598.0,300
2026-06-03 10:55:00,110597.0,110626.0,110592.0,110614.0,300
2026-06-03 11:00:00,110616.0,110618.0,110582.0,110593.0,300
2026-06-03 11:05:00,110594.0,110604.0,110545.0,110562.0,300
2026-06-03 11:10:00,110563.0,110566.0,110529.0,110541.0,300
2026-06-03 11:15:00,110540.0,110587.0,110528.0,110585.0,300
2026-06-03 11:20:00,110586.0,110593.0,110548.0,110548.0,300
2026-06-03 11:25:00,110550.0,110581.0,110540.0,110576.0,300
2026-06-03 11:30:00,110575.0,110604.0,110568.0,110588.0,300
2026-06-03 11:35:00,110587.0,110646.0,110581.0,110642.0,300
2026-06-03 11:40:00,110644.0,110675.0,110640.0,110668.0,300
2026-06-03 11:45:00,110667.0,110677.0,110645.0,110673.0,300
2026-06-03 11:50:00,110675.0,110683.0,110635.0,110640.0,300
2026-06-03 11:55:00,110642.0,110667.0,110625.0,110653.0,300
2026-06-03 12:00:00,110652.0,110705.0,110647.0,110703.0,300
2026-06-03 12:05:00,110702.0,110713.0,110670.0,110685.0,300
2026-06-03 12:10:00,110687.0,110712.0,110682.0,110695.0,300
2026-06-03 12:15:00,110697.0,110701.0,110641.0,110647.0,300
2026-06-03 12:20:00,110649.0,110666.0,110628.0,110642.0,300
2026-06-03 12:25:00,110640.0,110673.0,110638.0,110662.0,300
2026-06-03 12:30:00,110660.0,110677.0,110642.0,110663.0,300
2026-06-03 12:35:00,110661.0,110675.0,110642.0,110645.0,300
2026-06-03 12:40:00,110644.0,110649.0,110609.0,110639.0,300
2026-06-03 12:45:00,110641.0,110655.0,110595.0,110595.0,300
2026-06-03 12:50:00,110597.0,110597.0,110553.0,110566.0,300
2026-06-03 12:55:00,110565.0,110590.0,110562.0,110573.0,300
2026-06-03 13:00:00,110571.0,110572.0,110532.0,110535.0,300
2026-06-03 13:05:00,110533.0,110565.0,110527.0,110560.0,300
2026-06-03 13:10:00,110561.0,110561.0,110528.0,110531.0,300
2026-06-03 13:15:00,110529.0,110548.0,110516.0,110542.0,300
2026-06-03 13:20:00,110543.0,110569.0,110518.0,110569.0,300
2026-06-03 13:25:00,110570.0,110578.0,110540.0,110541.0,300
2026-06-03 13:30:00,110540.0,110560.0,110512.0,110516.0,300
2026-06-03 13:35:00,110517.0,110537.0,110508.0,110518.0,300
2026-06-03 13:40:00,110516.0,110533.0,110476.0,110503.0,300
2026-06-03 13:45:00,110504.0,110529.0,110485.0,110508.0,300
2026-06-03 13:50:00,110506.0,110522.0,110491.0,110495.0,300
2026-06-03 13:55:00,110496.0,110503.0,110476.0,110487.0,300
2026-06-03 14:00:00,110488.0,110498.0,110439.0,110445.0,300
2026-06-03 14:05:00,110446.0,110469.0,110426.0,110431.0,300
2026-06-03 14:10:00,110429.0,110437.0,110410.0,110436.0,300
2026-06-03 14:15:00,110435.0,110456.0,110417.0,110438.0,300
2026-06-03 14:20:00,110439.0,110476.0,110417.0,110422.0,300
2026-06-03 14:25:00,110421.0,110428.0,110388.0,110394.0,300
2026-06-03 14:30:00,110395.0,110409.0,110374.0,110393.0,300
2026-06-03 14:35:00,110394.0,110394.0,110363.0,110367.0,300
2026-06-03 14:40:00,110368.0,110382.0,110351.0,110360.0,300
2026-06-03 14:45:00,110361.0,110363.0,110329.0,110351.0,300
2026-06-03 14:50:00,110353.0,110357.0,110311.0,110314.0,300
2026-06-03 14:55:00,110312.0,110315.0,110293.0,110307.0,300
2026-06-03 15:00:00,110309.0,110338.0,110305.0,110324.0,300
2026-06-03 15:05:00,110326.0,110346.0,110319.0,110323.0,300
2026-06-03 15:10:00,110325.0,110362.0,110308.0,110361.0,300
2026-06-03 15:15:00,110359.0,110397.0,110347.0,110390.0,300
2026-06-03 15:20:00,110392.0,110392.0,110354.0,110366.0,300
2026-06-03 15:25:00,110364.0,110384.0,110335.0,110338.0,300
2026-06-03 15:30:00,110339.0,110352.0,110319.0,110348.0,300
2026-06-03 15:35:00,110346.0,110353.0,110311.0,110332.0,300
2026-06-03 15:40:00,110330.0,110338.0,110288.0,110309.0,300
2026-06-03 15:45:00,110308.0,110327.0,110283.0,110298.0,300
2026-06-03 15:50:00,110300.0,110322.0,110274.0,110320.0,300
2026-06-03 15:55:00,110319.0,110343.0,110309.0,110318.0,300
2026-06-03 16:00:00,110320.0,110323.0,110273.0,110276.0,300
2026-06-03 16:05:00,110278.0,110291.0,110265.0,110286.0,300
2026-06-03 16:10:00,110285.0,110303.0,110258.0,110264.0,300
2026-06-03 16:15:00,110265.0,110293.0,110257.0,110270.0,300
2026-06-03 16:20:00,110271.0,110279.0,110241.0,110256.0,300
2026-06-03 16:25:00,110255.0,110279.0,110237.0,110270.0,300
2026-06-03 16:30:00,110269.0,110295.0,110250.0,110289.0,300
2026-06-03 16:35:00,110291.0,110297.0,110264.0,110268.0,300
2026-06-03 16:40:00,110266.0,110271.0,110217.0,110230.0,300
2026-06-03 16:45:00,110231.0,110259.0,110221.0,110235.0,300
2026-06-03 16:50:00,110237.0,110251.0,110225.0,110237.0,300
2026-06-03 16:55:00,110236.0,110256.0,110223.0,110245.0,300
2026-06-03 17:00:00,110244.0,110252.0,110224.0,110232.0,300
2026-06-03 17:05:00,110233.0,110256.0,110227.0,110251.0,300
2026-06-03 17:10:00,110250.0,110271.0,110229.0,110235.0,300
2026-06-03 17:15:00,110233.0,110292.0,110233.0,110287.0,300
2026-06-03 17:20:00,110289.0,110320.0,110284.0,110303.0,300
2026-06-03 17:25:00,110305.0,110345.0,110302.0,110327.0,300
2026-06-03 17:30:00,110328.0,110346.0,110317.0,110346.0,300
2026-06-03 17:35:00,110347.0,110384.0,110347.0,110378.0,300
2026-06-03 17:40:00,110380.0,110383.0,110347.0,110375.0,300
2026-06-03 17:45:00,110374.0,110423.0,110368.0,110409.0,300
2026-06-03 17:50:00,110408.0,110437.0,110400.0,110434.0,300
2026-06-03 17:55:00,110436.0,110446.0,110418.0,110432.0,300
2026-06-03 18:00:00,110430.0,110442.0,110403.0,110439.0,300
2026-06-03 18:05:00,110437.0,110499.0,110434.0,110499.0,300
2026-06-03 18:10:00,110501.0,110513.0,110485.0,110487.0,300
2026-06-03 18:15:00,110485.0,110510.0,110485.0,110496.0,300
2026-06-03 18:20:00,110494.0,110501.0,110457.0,110467.0,300
2026-06-03 18:25:00,110465.0,110520.0,110463.0,110520.0,300
2026-06-03 18:30:00,110519.0,110521.0,110475.0,110495.0,300
2026-06-03 18:35:00,110496.0,110498.0,110454.0,110469.0,300
2026-06-03 18:40:00,110468.0,110475.0,110435.0,110449.0,300
2026-06-03 18:45:00,110450.0,110453.0,110412.0,110415.0,300
2026-06-03 18:50:00,110416.0,110470.0,110395.0,110460.0,300
2026-06-03 18:55:00,110458.0,110464.0,110431.0,110439.0,300
2026-06-03 19:00:00,110441.0,110454.0,110410.0,110411.0,300
2026-06-03 19:05:00,110413.0,110419.0,110384.0,110407.0,300
2026-06-03 19:10:00,110408.0,110441.0,110402.0,110441.0,300
2026-06-03 19:15:00,110443.0,110447.0,110427.0,110434.0,300
2026-06-03 19:20:00,110432.0,110448.0,110423.0,110424.0,300
2026-06-03 19:25:00,110426.0,110442.0,110400.0,110407.0,300
2026-06-03 19:30:00,110406.0,110417.0,110392.0,110403.0,300
2026-06-03 19:35:00,110405.0,110422.0,110396.0,110409.0,300
2026-06-03 19:40:00,110408.0,110457.0,110407.0,110456.0,300
2026-06-03 19:45:00,110455.0,110460.0,110416.0,110420.0,300
2026-06-03 19:50:00,110421.0,110434.0,110381.0,110381.0,300
2026-06-03 19:55:00,110382.0,110407.0,110366.0,110407.0,300
2026-06-03 20:00:00,110408.0,110414.0,110376.0,110396.0,300
2026-06-03 20:05:00,110395.0,110425.0,110369.0,110421.0,300
2026-06-03 20:10:00,110422.0,110490.0,110420.0,110465.0,300
2026-06-03 20:15:00,110463.0,110473.0,110440.0,110451.0,300
2026-06-03 20:20:00,110450.0,110484.0,110447.0,110469.0,300
2026-06-03 20:25:00,110468.0,110481.0,110453.0,110456.0,300
2026-06-03 20:30:00,110454.0,110459.0,110424.0,110427.0,300
2026-06-03 20:35:00,110429.0,110429.0,110383.0,110387.0,300
2026-06-03 20:40:00,110386.0,110393.0,110370.0,110374.0,300
2026-06-03 20:45:00,110372.0,110394.0,110362.0,110388.0,300
2026-06-03 20:50:00,110389.0,110393.0,110360.0,110365.0,300
2026-06-03 20:55:00,110367.0,110373.0,110339.0,110354.0,300
2026-06-03 21:00:00,110355.0,110399.0,110353.0,110381.0,300
2026-06-03 21:05:00,110383.0,110417.0,110379.0,110405.0,300
2026-06-03 21:10:00,110404.0,110406.0,110349.0,110356.0,300
2026-06-03 21:15:00,110355.0,110376.0,110337.0,110371.0,300
2026-06-03 21:20:00,110369.0,110386.0,110354.0,110379.0,300
2026-06-03 21:25:00,110378.0,110413.0,110368.0,110413.0,300
2026-06-03 21:30:00,110411.0,110446.0,110409.0,110424.0,300
2026-06-03 21:35:00,110426.0,110430.0,110374.0,110381.0,300
2026-06-03 21:40:00,110382.0,110389.0,110318.0,110329.0,300
2026-06-03 21:45:00,110327.0,110333.0,110258.0,110277.0,300
2026-06-03 21:50:00,110278.0,110280.0,110241.0,110247.0,300
2026-06-03 21:55:00,110249.0,110281.0,110249.0,110271.0,300
2026-06-03 22:00:00,110269.0,110272.0,110222.0,110227.0,300
2026-06-03 22:05:00,110225.0,110227.0,110200.0,110213.0,300
2026-06-03 22:10:00,110214.0,110254.0,110210.0,110232.0,300
2026-06-03 22:15:00,110233.0,110249.0,110201.0,110201.0,300
2026-06-03 22:20:00,110200.0,110208.0,110175.0,110180.0,300
2026-06-03 22:25:00,110179.0,110206.0,110169.0,110185.0,300
2026-06-03 22:30:00,110187.0,110222.0,110177.0,110220.0,300
2026-06-03 22:35:00,110219.0,110219.0,110153.0,110161.0,300
2026-06-03 22:40:00,110162.0,110206.0,110161.0,110206.0,300
2026-06-03 22:45:00,110208.0,110217.0,110181.0,110192.0,300
2026-06-03 22:50:00,110190.0,110264.0,110185.0,110230.0,300
2026-06-03 22:55:00,110232.0,110241.0,110197.0,110211.0,300
2026-06-03 23:00:00,110210.0,110226.0,110200.0,110218.0,300
2026-06-03 23:05:00,110216.0,110224.0,110184.0,110188.0,300
2026-06-03 23:10:00,110186.0,110187.0,110094.0,110094.0,300
2026-06-03 23:15:00,110093.0,110137.0,110086.0,110128.0,300
2026-06-03 23:20:00,110126.0,110152.0,110105.0,110119.0,300
2026-06-03 23:25:00,110118.0,110151.0,110116.0,110138.0,300
2026-06-03 23:30:00,110137.0,110159.0,110095.0,110104.0,300
2026-06-03 23:35:00,110106.0,110116.0,110084.0,110103.0,300
2026-06-03 23:40:00,110102.0,110140.0,110095.0,110105.0,300
2026-06-03 23:45:00,110107.0,110121.0,110084.0,110096.0,300
2026-06-03 23:50:00,110098.0,110126.0,110089.0,110089.0,300
2026-06-03 23:55:00,110087.0,110115.0,110076.0,110113.0,300
2026-06-04 00:00:00,110111.0,110116.0,110083.0,110090.0,300
2026-06-04 00:05:00,110091.0,110108.0,110074.0,110088.0,300
2026-06-04 00:10:00,110086.0,110088.0,110057.0,110070.0,300
2026-06-04 00:15:00,110072.0,110094.0,110053.0,110080.0,300
2026-06-04 00:20:00,110081.0,110117.0,110067.0,110068.0,300
2026-06-04 00:25:00,110070.0,110085.0,110033.0,110033.0,300
2026-06-04 00:30:00,110034.0,110075.0,110025.0,110070.0,300
2026-06-04 00:35:00,110072.0,110091.0,110059.0,110071.0,300
2026-06-04 00:40:00,110072.0,110076.0,110040.0,110048.0,300
2026-06-04 00:45:00,110047.0,110080.0,110044.0,110063.0,300
2026-06-04 00:50:00,110064.0,110129.0,110064.0,110126.0,300
2026-06-04 00:55:00,110128.0,110156.0,110124.0,110144.0,300
2026-06-04 01:00:00,110142.0,110149.0,110104.0,110106.0,300
2026-06-04 01:05:00,110108.0,110166.0,110108.0,110158.0,300
2026-06-04 01:10:00,110160.0,110187.0,110158.0,110166.0,300
2026-06-04 01:15:00,110167.0,110194.0,110158.0,110167.0,300
2026-06-04 01:20:00,110169.0,110216.0,110164.0,110193.0,300
2026-06-04 01:25:00,110191.0,110191.0,110147.0,110183.0,300
2026-06-04 01:30:00,110181.0,110187.0,110144.0,110146.0,300
2026-06-04 01:35:00,110148.0,110160.0,110115.0,110121.0,300
2026-06-04 01:40:00,110122.0,110195.0,110107.0,110195.0,300
2026-06-04 01:45:00,110194.0,110201.0,110117.0,110117.0,300
2026-06-04 01:50:00,110116.0,110130.0,110090.0,110110.0,300
2026-06-04 01:55:00,110112.0,110168.0,110112.0,110135.0,300
2026-06-04 02:00:00,110134.0,110180.0,110132.0,110170.0,300
2026-06-04 02:05:00,110172.0,110181.0,110144.0,110149.0,300
2026-06-04 02:10:00,110148.0,110178.0,110129.0,110167.0,300
2026-06-04 02:15:00,110169.0,110169.0,110122.0,110134.0,300
2026-06-04 02:20:00,110133.0,110164.0,110131.0,110164.0,300
2026-06-04 02:25:00,110166.0,110178.0,110149.0,110152.0,300
2026-06-04 02:30:00,110150.0,110156.0,110101.0,110107.0,300
2026-06-04 02:35:00,110106.0,110129.0,110096.0,110107.0,300
2026-06-04 02:40:00,110109.0,110136.0,110088.0,110120.0,300
2026-06-04 02:45:00,110121.0,110139.0,110105.0,110109.0,300
2026-06-04 02:50:00,110107.0,110124.0,110092.0,110101.0,300
2026-06-04 02:55:00,110099.0,110110.0,110077.0,110094.0,300
2026-06-04 03:00:00,110096.0,110177.0,110094.0,110172.0,300
2026-06-04 03:05:00,110171.0,110191.0,110163.0,110191.0,300
2026-06-04 03:10:00,110192.0,110200.0,110163.0,110188.0,300
2026-06-04 03:15:00,110189.0,110219.0,110188.0,110212.0,300
2026-06-04 03:20:00,110213.0,110238.0,110189.0,110190.0,300
2026-06-04 03:25:00,110188.0,110210.0,110176.0,110193.0,300
2026-06-04 03:30:00,110192.0,110216.0,110192.0,110201.0,300
2026-06-04 03:35:00,110203.0,110218.0,110192.0,110205.0,300
2026-06-04 03:40:00,110206.0,110215.0,110156.0,110167.0,300
2026-06-04 03:45:00,110166.0,110166.0,110113.0,110132.0,300
2026-06-04 03:50:00,110130.0,110154.0,110124.0,110154.0,300
2026-06-04 03:55:00,110156.0,110178.0,110149.0,110167.0,300
2026-06-04 04:00:00,110169.0,110200.0,110162.0,110178.0,300
2026-06-04 04:05:00,110176.0,110196.0,110163.0,110167.0,300
2026-06-04 04:10:00,110169.0,110183.0,110117.0,110123.0,300
2026-06-04 04:15:00,110124.0,110144.0,110105.0,110139.0,300
2026-06-04 04:20:00,110141.0,110156.0,110124.0,110129.0,300
2026-06-04 04:25:00,110128.0,110193.0,110122.0,110187.0,300
2026-06-04 04:30:00,110186.0,110229.0,110186.0,110202.0,300
2026-06-04 04:35:00,110200.0,110205.0,110169.0,110197.0,300
2026-06-04 04:40:00,110198.0,110213.0,110157.0,110157.0,300
2026-06-04 04:45:00,110158.0,110175.0,110148.0,110172.0,300
2026-06-04 04:50:00,110173.0,110199.0,110168.0,110188.0,300
2026-06-04 04:55:00,110189.0,110204.0,110168.0,110189.0,300
2026-06-04 05:00:00,110188.0,110194.0,110166.0,110186.0,300
2026-06-04 05:05:00,110184.0,110192.0,110155.0,110173.0,300
2026-06-04 05:10:00,110171.0,110197.0,110159.0,110184.0,300
2026-06-04 05:15:00,110186.0,110219.0,110173.0,110181.0,300
2026-06-04 05:20:00,110180.0,110203.0,110149.0,110163.0,300
2026-06-04 05:25:00,110161.0,110176.0,110115.0,110116.0,300
2026-06-04 05:30:00,110118.0,110118.0,110082.0,110105.0,300
2026-06-04 05:35:00,110107.0,110147.0,110107.0,110136.0,300
2026-06-04 05:40:00,110137.0,110137.0,110108.0,110132.0,300
2026-06-04 05:45:00,110133.0,110150.0,110112.0,110149.0,300
2026-06-04 05:50:00,110148.0,110176.0,110135.0,110157.0,300
2026-06-04 05:55:00,110156.0,110180.0,110136.0,110137.0,300
2026-06-04 06:00:00,110138.0,110194.0,110138.0,110189.0,300
2026-06-04 06:05:00,110190.0,110234.0,110187.0,110224.0,300
2026-06-04 06:10:00,110226.0,110255.0,110213.0,110253.0,300
2026-06-04 06:15:00,110252.0,110304.0,110252.0,110274.0,300
2026-06-04 06:20:00,110276.0,110310.0,110255.0,110300.0,300
2026-06-04 06:25:00,110302.0,110308.0,110255.0,110269.0,300
2026-06-04 06:30:00,110267.0,110296.0,110250.0,110251.0,300
2026-06-04 06:35:00,110249.0,110263.0,110234.0,110248.0,300
2026-06-04 06:40:00,110246.0,110271.0,110240.0,110265.0,300
2026-06-04 06:45:00,110266.0,110293.0,110251.0,110251.0,300
2026-06-04 06:50:00,110253.0,110280.0,110240.0,110269.0,300
2026-06-04 06:55:00,110271.0,110287.0,110263.0,110266.0,300
2026-06-04 07:00:00,110268.0,110286.0,110251.0,110281.0,300
2026-06-04 07:05:00,110280.0,110301.0,110273.0,110301.0,300
2026-06-04 07:10:00,110300.0,110304.0,110256.0,110270.0,300
2026-06-04 07:15:00,110269.0,110269.0,110218.0,110222.0,300
2026-06-04 07:20:00,110221.0,110244.0,110169.0,110169.0,300
2026-06-04 07:25:00,110171.0,110226.0,110169.0,110192.0,300
2026-06-04 07:30:00,110193.0,110210.0,110164.0,110193.0,300
2026-06-04 07:35:00,110192.0,110195.0,110151.0,110154.0,300
2026-06-04 07:40:00,110152.0,110194.0,110136.0,110146.0,300
2026-06-04 07:45:00,110144.0,110151.0,110114.0,110124.0,300
2026-06-04 07:50:00,110123.0,110132.0,110107.0,110117.0,300
2026-06-04 07:55:00,110115.0,110149.0,110096.0,110132.0,300
2026-06-04 08:00:00,110134.0,110158.0,110128.0,110148.0,300
2026-06-04 08:05:00,110147.0,110161.0,110127.0,110130.0,300
2026-06-04 08:10:00,110128.0,110139.0,110085.0,110098.0,300
2026-06-04 08:15:00,110097.0,110132.0,110090.0,110124.0,300
2026-06-04 08:20:00,110125.0,110160.0,110125.0,110144.0,300
2026-06-04 08:25:00,110142.0,110192.0,110137.0,110187.0,300
2026-06-04 08:30:00,110186.0,110222.0,110185.0,110190.0,300
2026-06-04 08:35:00,110189.0,110202.0,110176.0,110179.0,300
2026-06-04 08:40:00,110178.0,110191.0,110162.0,110170.0,300
2026-06-04 08:45:00,110168.0,110176.0,110127.0,110127.0,300
2026-06-04 08:50:00,110126.0,110132.0,110067.0,110078.0,300
2026-06-04 08:55:00,110077.0,110118.0,110045.0,110109.0,300
2026-06-04 09:00:00,110111.0,110116.0,110089.0,110105.0,300
2026-06-04 09:05:00,110107.0,110112.0,110058.0,110062.0,300
2026-06-04 09:10:00,110061.0,110063.0,110037.0,110056.0,300
2026-06-04 09:15:00,110054.0,110071.0,110043.0,110045.0,300
2026-06-04 09:20:00,110047.0,110108.0,110043.0,110100.0,300
2026-06-04 09:25:00,110098.0,110122.0,110096.0,110112.0,300
2026-06-04 09:30:00,110113.0,110129.0,110090.0,110102.0,300
2026-06-04 09:35:00,110101.0,110125.0,110098.0,110112.0,300
2026-06-04 09:40:00,110110.0,110162.0,110107.0,110154.0,300
2026-06-04 09:45:00,110156.0,110163.0,110138.0,110143.0,300
2026-06-04 09:50:00,110142.0,110153.0,110120.0,110151.0,300
2026-06-04 09:55:00,110149.0,110156.0,110123.0,110140.0,300
2026-06-04 10:00:00,110138.0,110158.0,110116.0,110151.0,300
2026-06-04 10:05:00,110153.0,110192.0,110141.0,110188.0,300
2026-06-04 10:10:00,110187.0,110225.0,110176.0,110214.0,300
2026-06-04 10:15:00,110213.0,110238.0,110192.0,110224.0,300
2026-06-04 10:20:00,110223.0,110261.0,110208.0,110261.0,300
2026-06-04 10:25:00,110259.0,110278.0,110245.0,110247.0,300
2026-06-04 10:30:00,110248.0,110256.0,110218.0,110222.0,300
2026-06-04 10:35:00,110224.0,110247.0,110219.0,110235.0,300
2026-06-04 10:40:00,110234.0,110277.0,110230.0,110261.0,300
2026-06-04 10:45:00,110260.0,110287.0,110247.0,110275.0,300
2026-06-04 10:50:00,110273.0,110305.0,110273.0,110299.0,300
2026-06-04 10:55:00,110300.0,110312.0,110285.0,110305.0,300
2026-06-04 11:00:00,110304.0,110324.0,110291.0,110319.0,300
2026-06-04 11:05:00,110321.0,110340.0,110274.0,110290.0,300
2026-06-04 11:10:00,110292.0,110300.0,110274.0,110299.0,300
2026-06-04 11:15:00,110298.0,110303.0,110273.0,110294.0,300
2026-06-04 11:20:00,110295.0,110302.0,110265.0,110269.0,300
2026-06-04 11:25:00,110268.0,110296.0,110252.0,110278.0,300
2026-06-04 11:30:00,110280.0,110280.0,110225.0,110249.0,300
2026-06-04 11:35:00,110250.0,110250.0,110218.0,110247.0,300
2026-06-04 11:40:00,110246.0,110269.0,110231.0,110257.0,300
2026-06-04 11:45:00,110259.0,110306.0,110259.0,110299.0,300
2026-06-04 11:50:00,110301.0,110338.0,110285.0,110334.0,300
2026-06-04 11:55:00,110335.0,110381.0,110332.0,110380.0,300
2026-06-04 12:00:00,110379.0,110388.0,110350.0,110374.0,300
2026-06-04 12:05:00,110375.0,110386.0,110343.0,110386.0,300
2026-06-04 12:10:00,110388.0,110405.0,110378.0,110398.0,300
2026-06-04 12:15:00,110396.0,110423.0,110383.0,110392.0,300
2026-06-04 12:20:00,110390.0,110408.0,110379.0,110403.0,300
2026-06-04 12:25:00,110402.0,110407.0,110362.0,110389.0,300
2026-06-04 12:30:00,110388.0,110399.0,110352.0,110352.0,300
2026-06-04 12:35:00,110350.0,110394.0,110350.0,110356.0,300
2026-06-04 12:40:00,110354.0,110396.0,110348.0,110385.0,300
2026-06-04 12:45:00,110387.0,110389.0,110365.0,110370.0,300
2026-06-04 12:50:00,110369.0,110377.0,110345.0,110360.0,300
2026-06-04 12:55:00,110358.0,110360.0,110329.0,110346.0,300
2026-06-04 13:00:00,110347.0,110386.0,110324.0,110332.0,300
2026-06-04 13:05:00,110331.0,110362.0,110318.0,110355.0,300
2026-06-04 13:10:00,110354.0,110365.0,110329.0,110343.0,300
2026-06-04 13:15:00,110342.0,110345.0,110320.0,110337.0,300
2026-06-04 13:20:00,110338.0,110361.0,110332.0,110348.0,300
2026-06-04 13:25:00,110346.0,110351.0,110316.0,110316.0,300
2026-06-04 13:30:00,110314.0,110350.0,110312.0,110339.0,300
2026-06-04 13:35:00,110337.0,110337.0,110268.0,110280.0,300
2026-06-04 13:40:00,110279.0,110319.0,110279.0,110294.0,300
2026-06-04 13:45:00,110296.0,110304.0,110260.0,110302.0,300
2026-06-04 13:50:00,110303.0,110349.0,110300.0,110344.0,300
2026-06-04 13:55:00,110346.0,110346.0,110275.0,110281.0,300
2026-06-04 14:00:00,110283.0,110318.0,110259.0,110317.0,300
2026-06-04 14:05:00,110319.0,110381.0,110305.0,110363.0,300
2026-06-04 14:10:00,110361.0,110408.0,110359.0,110408.0,300
2026-06-04 14:15:00,110409.0,110432.0,110398.0,110423.0,300
2026-06-04 14:20:00,110424.0,110464.0,110415.0,110415.0,300
2026-06-04 14:25:00,110413.0,110442.0,110410.0,110422.0,300
2026-06-04 14:30:00,110420.0,110420.0,110379.0,110387.0,300
2026-06-04 14:35:00,110385.0,110426.0,110379.0,110407.0,300
2026-06-04 14:40:00,110405.0,110438.0,110401.0,110415.0,300
2026-06-04 14:45:00,110414.0,110437.0,110402.0,110432.0,300
2026-06-04 14:50:00,110430.0,110435.0,110389.0,110389.0,300
2026-06-04 14:55:00,110388.0,110405.0,110362.0,110370.0,300
2026-06-04 15:00:00,110371.0,110384.0,110347.0,110375.0,300
2026-06-04 15:05:00,110373.0,110381.0,110358.0,110367.0,300
2026-06-04 15:10:00,110366.0,110371.0,110333.0,110338.0,300
2026-06-04 15:15:00,110337.0,110351.0,110322.0,110337.0,300
2026-06-04 15:20:00,110338.0,110355.0,110329.0,110342.0,300
2026-06-04 15:25:00,110340.0,110342.0,110292.0,110307.0,300
2026-06-04 15:30:00,110305.0,110305.0,110259.0,110272.0,300
2026-06-04 15:35:00,110274.0,110278.0,110230.0,110232.0,300
2026-06-04 15:40:00,110234.0,110256.0,110198.0,110256.0,300
2026-06-04 15:45:00,110254.0,110279.0,110221.0,110221.0,300
2026-06-04 15:50:00,110219.0,110252.0,110209.0,110252.0,300
2026-06-04 15:55:00,110254.0,110291.0,110226.0,110291.0,300
2026-06-04 16:00:00,110290.0,110302.0,110272.0,110276.0,300
2026-06-04 16:05:00,110277.0,110287.0,110259.0,110284.0,300
2026-06-04 16:10:00,110283.0,110315.0,110273.0,110312.0,300
2026-06-04 16:15:00,110313.0,110319.0,110281.0,110292.0,300
2026-06-04 16:20:00,110293.0,110319.0,110258.0,110263.0,300
2026-06-04 16:25:00,110264.0,110271.0,110206.0,110209.0,300
2026-06-04 16:30:00,110210.0,110234.0,110200.0,110234.0,300
2026-06-04 16:35:00,110233.0,110266.0,110224.0,110243.0,300
2026-06-04 16:40:00,110242.0,110269.0,110231.0,110268.0,300
2026-06-04 16:45:00,110270.0,110295.0,110262.0,110277.0,300
2026-06-04 16:50:00,110276.0,110316.0,110260.0,110306.0,300
2026-06-04 16:55:00,110305.0,110328.0,110290.0,110322.0,300
2026-06-04 17:00:00,110324.0,110344.0,110304.0,110312.0,300
2026-06-04 17:05:00,110314.0,110316.0,110291.0,110291.0,300
2026-06-04 17:10:00,110289.0,110296.0,110230.0,110244.0,300
2026-06-04 17:15:00,110242.0,110262.0,110213.0,110227.0,300
2026-06-04 17:20:00,110229.0,110237.0,110207.0,110220.0,300
2026-06-04 17:25:00,110218.0,110238.0,110198.0,110232.0,300
2026-06-04 17:30:00,110230.0,110250.0,110223.0,110236.0,300
2026-06-04 17:35:00,110235.0,110260.0,110224.0,110258.0,300
2026-06-04 17:40:00,110257.0,110270.0,110233.0,110248.0,300
2026-06-04 17:45:00,110247.0,110259.0,110216.0,110243.0,300
2026-06-04 17:50:00,110241.0,110254.0,110214.0,110230.0,300
2026-06-04 17:55:00,110231.0,110251.0,110211.0,110226.0,300
2026-06-04 18:00:00,110228.0,110276.0,110227.0,110269.0,300
2026-06-04 18:05:00,110267.0,110272.0,110213.0,110224.0,300
2026-06-04 18:10:00,110222.0,110237.0,110198.0,110204.0,300
2026-06-04 18:15:00,110203.0,110221.0,110184.0,110221.0,300
2026-06-04 18:20:00,110222.0,110237.0,110216.0,110229.0,300
2026-06-04 18:25:00,110228.0,110235.0,110195.0,110210.0,300
2026-06-04 18:30:00,110212.0,110217.0,110190.0,110209.0,300
2026-06-04 18:35:00,110211.0,110240.0,110191.0,110228.0,300
2026-06-04 18:40:00,110226.0,110239.0,110184.0,110188.0,300
2026-06-04 18:45:00,110189.0,110189.0,110116.0,110116.0,300
2026-06-04 18:50:00,110117.0,110131.0,110096.0,110119.0,300
2026-06-04 18:55:00,110118.0,110127.0,110078.0,110122.0,300
2026-06-04 19:00:00,110120.0,110124.0,110093.0,110104.0,300
2026-06-04 19:05:00,110103.0,110134.0,110079.0,110082.0,300
2026-06-04 19:10:00,110081.0,110108.0,110068.0,110075.0,300
2026-06-04 19:15:00,110073.0,110107.0,110056.0,110107.0,300
2026-06-04 19:20:00,110109.0,110120.0,110086.0,110096.0,300
2026-06-04 19:25:00,110095.0,110096.0,110050.0,110080.0,300
2026-06-04 19:30:00,110081.0,110136.0,110081.0,110130.0,300
2026-06-04 19:35:00,110131.0,110180.0,110119.0,110165.0,300
2026-06-04 19:40:00,110166.0,110172.0,110127.0,110165.0,300
2026-06-04 19:45:00,110163.0,110163.0,110103.0,110103.0,300
2026-06-04 19:50:00,110102.0,110106.0,110054.0,110062.0,300
2026-06-04 19:55:00,110064.0,110085.0,110045.0,110064.0,300
2026-06-04 20:00:00,110066.0,110070.0,110013.0,110051.0,300
2026-06-04 20:05:00,110052.0,110066.0,110034.0,110037.0,300
2026-06-04 20:10:00,110038.0,110100.0,110037.0,110095.0,300
2026-06-04 20:15:00,110093.0,110136.0,110085.0,110088.0,300
2026-06-04 20:20:00,110090.0,110097.0,110065.0,110096.0,300
2026-06-04 20:25:00,110095.0,110109.0,110072.0,110086.0,300
2026-06-04 20:30:00,110087.0,110088.0,110048.0,110072.0,300
2026-06-04 20:35:00,110074.0,110078.0,110019.0,110020.0,300
2026-06-04 20:40:00,110019.0,110021.0,109972.0,109995.0,300
2026-06-04 20:45:00,109996.0,110005.0,109976.0,109979.0,300
2026-06-04 20:50:00,109980.0,109997.0,109963.0,109974.0,300
2026-06-04 20:55:00,109972.0,110010.0,109954.0,110001.0,300
2026-06-04 21:00:00,110002.0,110019.0,109996.0,110011.0,300
2026-06-04 21:05:00,110012.0,110012.0,109984.0,109999.0,300
2026-06-04 21:10:00,110001.0,110025.0,109994.0,110003.0,300
2026-06-04 21:15:00,110002.0,110035.0,109987.0,110031.0,300
2026-06-04 21:20:00,110029.0,110064.0,110024.0,110045.0,300
2026-06-04 21:25:00,110044.0,110068.0,110021.0,110062.0,300
2026-06-04 21:30:00,110061.0,110093.0,110051.0,110089.0,300
2026-06-04 21:35:00,110090.0,110094.0,110068.0,110072.0,300
2026-06-04 21:40:00,110071.0,110096.0,110053.0,110071.0,300
2026-06-04 21:45:00,110069.0,110105.0,110059.0,110098.0,300
2026-06-04 21:50:00,110096.0,110122.0,110066.0,110118.0,300
2026-06-04 21:55:00,110120.0,110147.0,110109.0,110139.0,300
2026-06-04 22:00:00,110141.0,110175.0,110141.0,110164.0,300
2026-06-04 22:05:00,110166.0,110175.0,110123.0,110141.0,300
2026-06-04 22:10:00,110143.0,110148.0,110113.0,110115.0,300
2026-06-04 22:15:00,110117.0,110121.0,110082.0,110101.0,300
2026-06-04 22:20:00,110102.0,110153.0,110102.0,110150.0,300
2026-06-04 22:25:00,110148.0,110205.0,110148.0,110169.0,300
2026-06-04 22:30:00,110168.0,110207.0,110168.0,110194.0,300
2026-06-04 22:35:00,110192.0,110212.0,110188.0,110191.0,300
2026-06-04 22:40:00,110190.0,110232.0,110189.0,110220.0,300
2026-06-04 22:45:00,110221.0,110254.0,110217.0,110223.0,300
2026-06-04 22:50:00,110225.0,110243.0,110205.0,110228.0,300
2026-06-04 22:55:00,110226.0,110226.0,110191.0,110199.0,300
2026-06-04 23:00:00,110200.0,110200.0,110139.0,110139.0,300
2026-06-04 23:05:00,110138.0,110147.0,110087.0,110087.0,300
2026-06-04 23:10:00,110088.0,110108.0,110066.0,110066.0,300
2026-06-04 23:15:00,110064.0,110083.0,110048.0,110080.0,300
2026-06-04 23:20:00,110081.0,110133.0,110079.0,110128.0,300
2026-06-04 23:25:00,110130.0,110180.0,110128.0,110178.0,300
2026-06-04 23:30:00,110180.0,110182.0,110153.0,110163.0,300
2026-06-04 23:35:00,110162.0,110196.0,110161.0,110196.0,300
2026-06-04 23:40:00,110198.0,110198.0,110131.0,110150.0,300
2026-06-04 23:45:00,110151.0,110160.0,110128.0,110144.0,300
2026-06-04 23:50:00,110146.0,110180.0,110135.0,110174.0,300
2026-06-04 23:55:00,110173.0,110196.0,110162.0,110165.0,300
2026-06-05 00:00:00,110166.0,110180.0,110150.0,110164.0,300
2026-06-05 00:05:00,110162.0,110180.0,110150.0,110169.0,300
2026-06-05 00:10:00,110171.0,110186.0,110158.0,110158.0,300
2026-06-05 00:15:00,110157.0,110169.0,110136.0,110158.0,300
2026-06-05 00:20:00,110156.0,110190.0,110143.0,110178.0,300
2026-06-05 00:25:00,110179.0,110189.0,110163.0,110185.0,300
2026-06-05 00:30:00,110187.0,110215.0,110181.0,110196.0,300
2026-06-05 00:35:00,110194.0,110200.0,110176.0,110187.0,300
2026-06-05 00:40:00,110186.0,110240.0,110171.0,110234.0,300
2026-06-05 00:45:00,110236.0,110259.0,110233.0,110250.0,300
2026-06-05 00:50:00,110249.0,110251.0,110208.0,110231.0,300
2026-06-05 00:55:00,110229.0,110239.0,110210.0,110214.0,300
2026-06-05 01:00:00,110215.0,110239.0,110207.0,110237.0,300
2026-06-05 01:05:00,110236.0,110254.0,110209.0,110237.0,300
2026-06-05 01:10:00,110235.0,110262.0,110228.0,110228.0,300
2026-06-05 01:15:00,110226.0,110233.0,110168.0,110209.0,300
2026-06-05 01:20:00,110211.0,110216.0,110188.0,110190.0,300
2026-06-05 01:25:00,110192.0,110207.0,110165.0,110199.0,300
2026-06-05 01:30:00,110201.0,110230.0,110190.0,110230.0,300
2026-06-05 01:35:00,110229.0,110239.0,110194.0,110200.0,300
2026-06-05 01:40:00,110199.0,110243.0,110198.0,110243.0,300
2026-06-05 01:45:00,110242.0,110283.0,110234.0,110259.0,300
2026-06-05 01:50:00,110257.0,110259.0,110228.0,110244.0,300
2026-06-05 01:55:00,110243.0,110276.0,110239.0,110269.0,300
2026-06-05 02:00:00,110268.0,110280.0,110249.0,110278.0,300
2026-06-05 02:05:00,110277.0,110311.0,110263.0,110305.0,300
2026-06-05 02:10:00,110306.0,110324.0,110290.0,110299.0,300
2026-06-05 02:15:00,110297.0,110305.0,110280.0,110285.0,300
2026-06-05 02:20:00,110286.0,110296.0,110268.0,110275.0,300
2026-06-05 02:25:00,110277.0,110279.0,110216.0,110216.0,300
2026-06-05 02:30:00,110215.0,110252.0,110210.0,110241.0,300
2026-06-05 02:35:00,110242.0,110247.0,110204.0,110213.0,300
2026-06-05 02:40:00,110214.0,110242.0,110204.0,110242.0,300
2026-06-05 02:45:00,110244.0,110246.0,110222.0,110222.0,300
2026-06-05 02:50:00,110224.0,110250.0,110209.0,110237.0,300
2026-06-05 02:55:00,110235.0,110238.0,110195.0,110196.0,300
2026-06-05 03:00:00,110194.0,110209.0,110170.0,110204.0,300
2026-06-05 03:05:00,110202.0,110216.0,110188.0,110210.0,300
2026-06-05 03:10:00,110209.0,110220.0,110165.0,110205.0,300
2026-06-05 03:15:00,110206.0,110238.0,110182.0,110216.0,300
2026-06-05 03:20:00,110218.0,110269.0,110216.0,110246.0,300
2026-06-05 03:25:00,110245.0,110289.0,110241.0,110288.0,300
2026-06-05 03:30:00,110289.0,110297.0,110267.0,110279.0,300
2026-06-05 03:35:00,110278.0,110333.0,110278.0,110318.0,300
2026-06-05 03:40:00,110317.0,110372.0,110317.0,110366.0,300
2026-06-05 03:45:00,110368.0,110375.0,110327.0,110332.0,300
2026-06-05 03:50:00,110334.0,110349.0,110315.0,110320.0,300
2026-06-05 03:55:00,110318.0,110333.0,110311.0,110311.0,300
2026-06-05 04:00:00,110310.0,110351.0,110286.0,110351.0,300
2026-06-05 04:05:00,110352.0,110365.0,110333.0,110341.0,300
2026-06-05 04:10:00,110342.0,110378.0,110338.0,110373.0,300
2026-06-05 04:15:00,110374.0,110380.0,110348.0,110378.0,300
2026-06-05 04:20:00,110379.0,110395.0,110367.0,110367.0,300
2026-06-05 04:25:00,110368.0,110380.0,110350.0,110380.0,300
2026-06-05 04:30:00,110379.0,110379.0,110334.0,110337.0,300
2026-06-05 04:35:00,110338.0,110368.0,110333.0,110365.0,300
2026-06-05 04:40:00,110363.0,110373.0,110323.0,110355.0,300
2026-06-05 04:45:00,110356.0,110377.0,110333.0,110367.0,300
2026-06-05 04:50:00,110368.0,110374.0,110338.0,110341.0,300
2026-06-05 04:55:00,110343.0,110371.0,110341.0,110366.0,300
2026-06-05 05:00:00,110367.0,110394.0,110331.0,110333.0,300
2026-06-05 05:05:00,110335.0,110373.0,110327.0,110365.0,300
2026-06-05 05:10:00,110363.0,110369.0,110314.0,110326.0,300
2026-06-05 05:15:00,110324.0,110335.0,110289.0,110302.0,300
2026-06-05 05:20:00,110301.0,110342.0,110296.0,110339.0,300
2026-06-05 05:25:00,110337.0,110371.0,110337.0,110371.0,300
2026-06-05 05:30:00,110370.0,110377.0,110346.0,110353.0,300
2026-06-05 05:35:00,110351.0,110353.0,110289.0,110290.0,300
2026-06-05 05:40:00,110288.0,110310.0,110278.0,110287.0,300
2026-06-05 05:45:00,110285.0,110352.0,110285.0,110318.0,300
2026-06-05 05:50:00,110316.0,110389.0,110316.0,110387.0,300
2026-06-05 05:55:00,110388.0,110407.0,110378.0,110378.0,300
2026-06-05 06:00:00,110379.0,110394.0,110344.0,110345.0,300
2026-06-05 06:05:00,110346.0,110346.0,110305.0,110313.0,300
2026-06-05 06:10:00,110314.0,110335.0,110296.0,110313.0,300
2026-06-05 06:15:00,110314.0,110356.0,110308.0,110349.0,300
2026-06-05 06:20:00,110351.0,110396.0,110343.0,110393.0,300
2026-06-05 06:25:00,110395.0,110415.0,110377.0,110400.0,300
2026-06-05 06:30:00,110398.0,110407.0,110383.0,110395.0,300
2026-06-05 06:35:00,110393.0,110445.0,110390.0,110420.0,300
2026-06-05 06:40:00,110418.0,110446.0,110410.0,110426.0,300
2026-06-05 06:45:00,110424.0,110426.0,110388.0,110403.0,300
2026-06-05 06:50:00,110402.0,110419.0,110390.0,110405.0,300
2026-06-05 06:55:00,110407.0,110417.0,110382.0,110408.0,300
2026-06-05 07:00:00,110407.0,110414.0,110385.0,110392.0,300
2026-06-05 07:05:00,110393.0,110435.0,110373.0,110428.0,300
2026-06-05 07:10:00,110430.0,110432.0,110408.0,110425.0,300
2026-06-05 07:15:00,110426.0,110451.0,110375.0,110377.0,300
2026-06-05 07:20:00,110375.0,110385.0,110335.0,110345.0,300
2026-06-05 07:25:00,110346.0,110360.0,110330.0,110349.0,300
2026-06-05 07:30:00,110348.0,110351.0,110320.0,110341.0,300
2026-06-05 07:35:00,110343.0,110349.0,110272.0,110272.0,300
2026-06-05 07:40:00,110271.0,110296.0,110261.0,110266.0,300
2026-06-05 07:45:00,110264.0,110310.0,110254.0,110300.0,300
2026-06-05 07:50:00,110301.0,110330.0,110288.0,110323.0,300
2026-06-05 07:55:00,110324.0,110334.0,110306.0,110312.0,300
2026-06-05 08:00:00,110313.0,110343.0,110291.0,110334.0,300
2026-06-05 08:05:00,110333.0,110349.0,110327.0,110343.0,300
2026-06-05 08:10:00,110342.0,110391.0,110338.0,110381.0,300
2026-06-05 08:15:00,110380.0,110389.0,110360.0,110369.0,300
2026-06-05 08:20:00,110368.0,110383.0,110348.0,110360.0,300
2026-06-05 08:25:00,110361.0,110379.0,110345.0,110364.0,300
2026-06-05 08:30:00,110365.0,110367.0,110339.0,110367.0,300
2026-06-05 08:35:00,110365.0,110366.0,110321.0,110338.0,300
2026-06-05 08:40:00,110336.0,110342.0,110307.0,110325.0,300
2026-06-05 08:45:00,110323.0,110351.0,110314.0,110334.0,300
2026-06-05 08:50:00,110332.0,110343.0,110310.0,110321.0,300
2026-06-05 08:55:00,110323.0,110334.0,110305.0,110312.0,300
2026-06-05 09:00:00,110314.0,110364.0,110312.0,110359.0,300
2026-06-05 09:05:00,110360.0,110409.0,110345.0,110397.0,300
2026-06-05 09:10:00,110396.0,110416.0,110384.0,110393.0,300
2026-06-05 09:15:00,110395.0,110397.0,110367.0,110390.0,300
2026-06-05 09:20:00,110389.0,110430.0,110388.0,110400.0,300
2026-06-05 09:25:00,110401.0,110436.0,110387.0,110402.0,300
2026-06-05 09:30:00,110404.0,110429.0,110380.0,110418.0,300
2026-06-05 09:35:00,110416.0,110431.0,110394.0,110407.0,300
2026-06-05 09:40:00,110408.0,110419.0,110385.0,110393.0,300
2026-06-05 09:45:00,110392.0,110399.0,110348.0,110350.0,300
2026-06-05 09:50:00,110351.0,110360.0,110318.0,110319.0,300
2026-06-05 09:55:00,110320.0,110347.0,110305.0,110345.0,300
2026-06-05 10:00:00,110344.0,110357.0,110309.0,110315.0,300
2026-06-05 10:05:00,110314.0,110358.0,110300.0,110318.0,300
2026-06-05 10:10:00,110316.0,110367.0,110315.0,110363.0,300
2026-06-05 10:15:00,110362.0,110364.0,110341.0,110356.0,300
2026-06-05 10:20:00,110354.0,110379.0,110352.0,110379.0,300
2026-06-05 10:25:00,110377.0,110382.0,110336.0,110352.0,300
2026-06-05 10:30:00,110351.0,110365.0,110328.0,110345.0,300
2026-06-05 10:35:00,110347.0,110366.0,110342.0,110357.0,300
2026-06-05 10:40:00,110359.0,110422.0,110353.0,110420.0,300
2026-06-05 10:45:00,110418.0,110424.0,110403.0,110412.0,300
2026-06-05 10:50:00,110410.0,110428.0,110388.0,110392.0,300
2026-06-05 10:55:00,110394.0,110403.0,110364.0,110385.0,300
2026-06-05 11:00:00,110384.0,110410.0,110366.0,110379.0,300
2026-06-05 11:05:00,110377.0,110381.0,110337.0,110351.0,300
2026-06-05 11:10:00,110349.0,110370.0,110332.0,110332.0,300
2026-06-05 11:15:00,110334.0,110365.0,110329.0,110350.0,300
2026-06-05 11:20:00,110349.0,110374.0,110345.0,110370.0,300
2026-06-05 11:25:00,110372.0,110396.0,110367.0,110380.0,300
2026-06-05 11:30:00,110381.0,110392.0,110354.0,110382.0,300
2026-06-05 11:35:00,110380.0,110402.0,110362.0,110401.0,300
2026-06-05 11:40:00,110399.0,110411.0,110366.0,110382.0,300
2026-06-05 11:45:00,110380.0,110385.0,110326.0,110333.0,300
2026-06-05 11:50:00,110331.0,110407.0,110326.0,110406.0,300
2026-06-05 11:55:00,110404.0,110410.0,110378.0,110394.0,300
2026-06-05 12:00:00,110392.0,110393.0,110365.0,110381.0,300
2026-06-05 12:05:00,110383.0,110387.0,110328.0,110344.0,300
2026-06-05 12:10:00,110346.0,110366.0,110339.0,110339.0,300
2026-06-05 12:15:00,110337.0,110337.0,110281.0,110292.0,300
2026-06-05 12:20:00,110291.0,110306.0,110269.0,110285.0,300
2026-06-05 12:25:00,110284.0,110346.0,110283.0,110320.0,300
2026-06-05 12:30:00,110321.0,110321.0,110272.0,110283.0,300
2026-06-05 12:35:00,110285.0,110287.0,110245.0,110258.0,300
2026-06-05 12:40:00,110259.0,110275.0,110218.0,110227.0,300
2026-06-05 12:45:00,110226.0,110243.0,110209.0,110229.0,300
2026-06-05 12:50:00,110231.0,110241.0,110204.0,110232.0,300
2026-06-05 12:55:00,110230.0,110238.0,110202.0,110234.0,300
2026-06-05 13:00:00,110236.0,110249.0,110198.0,110204.0,300
2026-06-05 13:05:00,110205.0,110217.0,110178.0,110178.0,300
2026-06-05 13:10:00,110177.0,110178.0,110142.0,110170.0,300
2026-06-05 13:15:00,110172.0,110172.0,110099.0,110100.0,300
2026-06-05 13:20:00,110098.0,110117.0,110082.0,110107.0,300
2026-06-05 13:25:00,110108.0,110128.0,110099.0,110126.0,300
2026-06-05 13:30:00,110125.0,110170.0,110122.0,110164.0,300
2026-06-05 13:35:00,110163.0,110193.0,110154.0,110171.0,300
2026-06-05 13:40:00,110173.0,110173.0,110134.0,110136.0,300
2026-06-05 13:45:00,110135.0,110153.0,110103.0,110131.0,300
2026-06-05 13:50:00,110132.0,110149.0,110121.0,110139.0,300
2026-06-05 13:55:00,110137.0,110174.0,110132.0,110149.0,300
2026-06-05 14:00:00,110147.0,110159.0,110120.0,110135.0,300
2026-06-05 14:05:00,110136.0,110152.0,110121.0,110152.0,300
2026-06-05 14:10:00,110153.0,110155.0,110121.0,110129.0,300
2026-06-05 14:15:00,110130.0,110146.0,110076.0,110077.0,300
2026-06-05 14:20:00,110078.0,110125.0,110068.0,110125.0,300
2026-06-05 14:25:00,110126.0,110159.0,110111.0,110139.0,300
2026-06-05 14:30:00,110137.0,110161.0,110133.0,110144.0,300
2026-06-05 14:35:00,110145.0,110177.0,110144.0,110171.0,300
2026-06-05 14:40:00,110169.0,110175.0,110084.0,110088.0,300
2026-06-05 14:45:00,110090.0,110139.0,110089.0,110129.0,300
2026-06-05 14:50:00,110127.0,110157.0,110120.0,110147.0,300
2026-06-05 14:55:00,110145.0,110159.0,110137.0,110150.0,300
2026-06-05 15:00:00,110152.0,110164.0,110118.0,110124.0,300
2026-06-05 15:05:00,110125.0,110130.0,110106.0,110120.0,300
2026-06-05 15:10:00,110122.0,110123.0,110076.0,110082.0,300
2026-06-05 15:15:00,110083.0,110105.0,110068.0,110081.0,300
2026-06-05 15:20:00,110080.0,110127.0,110073.0,110085.0,300
2026-06-05 15:25:00,110084.0,110093.0,110056.0,110060.0,300
2026-06-05 15:30:00,110062.0,110090.0,110061.0,110077.0,300
2026-06-05 15:35:00,110078.0,110087.0,110028.0,110042.0,300
2026-06-05 15:40:00,110044.0,110082.0,110036.0,110060.0,300
2026-06-05 15:45:00,110058.0,110071.0,110045.0,110064.0,300
2026-06-05 15:50:00,110066.0,110073.0,110040.0,110049.0,300
2026-06-05 15:55:00,110047.0,110067.0,110026.0,110067.0,300
2026-06-05 16:00:00,110065.0,110070.0,110004.0,110004.0,300
2026-06-05 16:05:00,110006.0,110027.0,109990.0,109995.0,300
2026-06-05 16:10:00,109994.0,109995.0,109951.0,109986.0,300
2026-06-05 16:15:00,109987.0,109989.0,109947.0,109961.0,300
2026-06-05 16:20:00,109963.0,109975.0,109948.0,109955.0,300
2026-06-05 16:25:00,109953.0,109962.0,109914.0,109934.0,300
2026-06-05 16:30:00,109932.0,109987.0,109930.0,109964.0,300
2026-06-05 16:35:00,109963.0,109979.0,109943.0,109944.0,300
2026-06-05 16:40:00,109946.0,109952.0,109923.0,109945.0,300
2026-06-05 16:45:00,109943.0,109943.0,109902.0,109914.0,300
2026-06-05 16:50:00,109912.0,109913.0,109867.0,109887.0,300
2026-06-05 16:55:00,109889.0,109918.0,109888.0,109904.0,300
2026-06-05 17:00:00,109902.0,109935.0,109882.0,109896.0,300
2026-06-05 17:05:00,109895.0,109931.0,109894.0,109921.0,300
2026-06-05 17:10:00,109923.0,109957.0,109920.0,109952.0,300
2026-06-05 17:15:00,109953.0,109972.0,109943.0,109946.0,300
2026-06-05 17:20:00,109944.0,109955.0,109892.0,109898.0,300
2026-06-05 17:25:00,109900.0,109915.0,109874.0,109885.0,300
2026-06-05 17:30:00,109886.0,109916.0,109874.0,109905.0,300
2026-06-05 17:35:00,109903.0,109926.0,109898.0,109902.0,300
2026-06-05 17:40:00,109904.0,109983.0,109904.0,109977.0,300
2026-06-05 17:45:00,109975.0,109990.0,109947.0,109974.0,300
2026-06-05 17:50:00,109975.0,109988.0,109949.0,109974.0,300
2026-06-05 17:55:00,109973.0,110020.0,109965.0,110000.0,300
2026-06-05 18:00:00,109998.0,110065.0,109994.0,110065.0,300
2026-06-05 18:05:00,110063.0,110063.0,110027.0,110053.0,300
2026-06-05 18:10:00,110055.0,110066.0,110032.0,110049.0,300
2026-06-05 18:15:00,110050.0,110075.0,110036.0,110069.0,300
2026-06-05 18:20:00,110067.0,110111.0,110065.0,110098.0,300
2026-06-05 18:25:00,110099.0,110104.0,110066.0,110090.0,300
2026-06-05 18:30:00,110092.0,110135.0,110086.0,110115.0,300
2026-06-05 18:35:00,110117.0,110127.0,110094.0,110114.0,300
2026-06-05 18:40:00,110115.0,110127.0,110085.0,110094.0,300
2026-06-05 18:45:00,110095.0,110104.0,110075.0,110098.0,300
2026-06-05 18:50:00,110099.0,110104.0,110056.0,110073.0,300
2026-06-05 18:55:00,110071.0,110086.0,110056.0,110079.0,300
2026-06-05 19:00:00,110081.0,110105.0,110075.0,110092.0,300
2026-06-05 19:05:00,110094.0,110118.0,110090.0,110112.0,300
2026-06-05 19:10:00,110114.0,110122.0,110084.0,110085.0,300
2026-06-05 19:15:00,110084.0,110089.0,110049.0,110068.0,300
2026-06-05 19:20:00,110066.0,110068.0,110026.0,110042.0,300
2026-06-05 19:25:00,110043.0,110076.0,110038.0,110051.0,300
2026-06-05 19:30:00,110050.0,110065.0,110016.0,110036.0,300
2026-06-05 19:35:00,110034.0,110057.0,110018.0,110051.0,300
2026-06-05 19:40:00,110053.0,110098.0,110047.0,110084.0,300
2026-06-05 19:45:00,110085.0,110091.0,110056.0,110077.0,300
2026-06-05 19:50:00,110078.0,110146.0,110078.0,110118.0,300
2026-06-05 19:55:00,110116.0,110126.0,110082.0,110091.0,300
2026-06-05 20:00:00,110092.0,110094.0,110044.0,110066.0,300
2026-06-05 20:05:00,110068.0,110085.0,110047.0,110069.0,300
2026-06-05 20:10:00,110071.0,110135.0,110059.0,110134.0,300
2026-06-05 20:15:00,110133.0,110139.0,110087.0,110109.0,300
2026-06-05 20:20:00,110110.0,110116.0,110082.0,110111.0,300
2026-06-05 20:25:00,110112.0,110165.0,110106.0,110148.0,300
2026-06-05 20:30:00,110146.0,110146.0,110100.0,110102.0,300
2026-06-05 20:35:00,110100.0,110124.0,110077.0,110119.0,300
2026-06-05 20:40:00,110121.0,110141.0,110105.0,110133.0,300
2026-06-05 20:45:00,110131.0,110140.0,110116.0,110130.0,300
2026-06-05 20:50:00,110131.0,110138.0,110109.0,110118.0,300
2026-06-05 20:55:00,110116.0,110123.0,110079.0,110101.0,300
2026-06-05 21:00:00,110102.0,110139.0,110102.0,110124.0,300
2026-06-05 21:05:00,110125.0,110157.0,110125.0,110125.0,300
2026-06-05 21:10:00,110127.0,110163.0,110122.0,110147.0,300
2026-06-05 21:15:00,110146.0,110202.0,110126.0,110201.0,300
2026-06-05 21:20:00,110199.0,110238.0,110192.0,110235.0,300
2026-06-05 21:25:00,110233.0,110257.0,110226.0,110232.0,300
2026-06-05 21:30:00,110233.0,110240.0,110205.0,110234.0,300
2026-06-05 21:35:00,110232.0,110278.0,110223.0,110273.0,300
2026-06-05 21:40:00,110275.0,110304.0,110275.0,110293.0,300
2026-06-05 21:45:00,110295.0,110301.0,110259.0,110265.0,300
2026-06-05 21:50:00,110263.0,110295.0,110250.0,110265.0,300
2026-06-05 21:55:00,110266.0,110275.0,110239.0,110266.0,300
2026-06-05 22:00:00,110264.0,110272.0,110234.0,110240.0,300
2026-06-05 22:05:00,110238.0,110253.0,110225.0,110228.0,300
2026-06-05 22:10:00,110230.0,110245.0,110194.0,110197.0,300
2026-06-05 22:15:00,110196.0,110201.0,110155.0,110170.0,300
2026-06-05 22:20:00,110172.0,110206.0,110164.0,110182.0,300
2026-06-05 22:25:00,110181.0,110228.0,110181.0,110219.0,300
2026-06-05 22:30:00,110221.0,110242.0,110211.0,110239.0,300
2026-06-05 22:35:00,110241.0,110260.0,110222.0,110236.0,300
2026-06-05 22:40:00,110234.0,110248.0,110215.0,110221.0,300
2026-06-05 22:45:00,110223.0,110269.0,110218.0,110262.0,300
2026-06-05 22:50:00,110263.0,110278.0,110238.0,110238.0,300
2026-06-05 22:55:00,110237.0,110250.0,110225.0,110241.0,300
2026-06-05 23:00:00,110239.0,110248.0,110198.0,110205.0,300
2026-06-05 23:05:00,110204.0,110204.0,110124.0,110144.0,300
2026-06-05 23:10:00,110146.0,110151.0,110105.0,110132.0,300
2026-06-05 23:15:00,110133.0,110138.0,110084.0,110100.0,300
2026-06-05 23:20:00,110102.0,110110.0,110058.0,110068.0,300
2026-06-05 23:25:00,110066.0,110102.0,110054.0,110098.0,300
2026-06-05 23:30:00,110096.0,110097.0,110042.0,110050.0,300
2026-06-05 23:35:00,110051.0,110059.0,109995.0,109995.0,300
2026-06-05 23:40:00,109996.0,109996.0,109951.0,109965.0,300
2026-06-05 23:45:00,109967.0,109996.0,109960.0,109984.0,300
2026-06-05 23:50:00,109985.0,109993.0,109967.0,109968.0,300
2026-06-05 23:55:00,109967.0,109984.0,109957.0,109958.0,300
2026-06-06 00:00:00,109957.0,109976.0,109943.0,109954.0,300
2026-06-06 00:05:00,109955.0,109980.0,109942.0,109952.0,300
2026-06-06 00:10:00,109953.0,109975.0,109936.0,109960.0,300
2026-06-06 00:15:00,109958.0,109998.0,109957.0,109984.0,300
2026-06-06 00:20:00,109986.0,110015.0,109956.0,109957.0,300
2026-06-06 00:25:00,109958.0,109987.0,109958.0,109976.0,300
2026-06-06 00:30:00,109974.0,109980.0,109912.0,109917.0,300
2026-06-06 00:35:00,109915.0,109935.0,109906.0,109933.0,300
2026-06-06 00:40:00,109934.0,109958.0,109902.0,109902.0,300
2026-06-06 00:45:00,109903.0,109903.0,109865.0,109885.0,300
2026-06-06 00:50:00,109884.0,109901.0,109854.0,109890.0,300
2026-06-06 00:55:00,109892.0,109926.0,109882.0,109924.0,300
2026-06-06 01:00:00,109922.0,109940.0,109908.0,109925.0,300
2026-06-06 01:05:00,109923.0,109951.0,109910.0,109942.0,300
2026-06-06 01:10:00,109944.0,109985.0,109942.0,109978.0,300
2026-06-06 01:15:00,109977.0,109990.0,109966.0,109967.0,300
2026-06-06 01:20:00,109966.0,109984.0,109933.0,109958.0,300
2026-06-06 01:25:00,109957.0,109999.0,109947.0,109999.0,300
2026-06-06 01:30:00,110001.0,110009.0,109957.0,109966.0,300
2026-06-06 01:35:00,109965.0,109966.0,109929.0,109964.0,300
2026-06-06 01:40:00,109966.0,109989.0,109958.0,109968.0,300
2026-06-06 01:45:00,109969.0,109970.0,109915.0,109918.0,300
2026-06-06 01:50:00,109917.0,109918.0,109888.0,109906.0,300
2026-06-06 01:55:00,109908.0,109936.0,109896.0,109927.0,300
2026-06-06 02:00:00,109925.0,109962.0,109919.0,109959.0,300
2026-06-06 02:05:00,109957.0,109964.0,109916.0,109919.0,300
2026-06-06 02:10:00,109917.0,109945.0,109901.0,109920.0,300
2026-06-06 02:15:00,109919.0,109954.0,109911.0,109911.0,300
2026-06-06 02:20:00,109913.0,109914.0,109882.0,109891.0,300
2026-06-06 02:25:00,109892.0,109900.0,109866.0,109885.0,300
2026-06-06 02:30:00,109887.0,109924.0,109863.0,109921.0,300
2026-06-06 02:35:00,109920.0,109920.0,109858.0,109867.0,300
2026-06-06 02:40:00,109866.0,109884.0,109840.0,109867.0,300
2026-06-06 02:45:00,109866.0,109871.0,109846.0,109859.0,300
2026-06-06 02:50:00,109860.0,109872.0,109848.0,109854.0,300
2026-06-06 02:55:00,109855.0,109869.0,109840.0,109866.0,300
2026-06-06 03:00:00,109865.0,109869.0,109812.0,109847.0,300
2026-06-06 03:05:00,109849.0,109850.0,109813.0,109817.0,300
2026-06-06 03:10:00,109816.0,109835.0,109802.0,109819.0,300
2026-06-06 03:15:00,109817.0,109819.0,109785.0,109789.0,300
2026-06-06 03:20:00,109787.0,109817.0,109772.0,109805.0,300
2026-06-06 03:25:00,109806.0,109812.0,109775.0,109805.0,300
2026-06-06 03:30:00,109804.0,109838.0,109801.0,109830.0,300
2026-06-06 03:35:00,109832.0,109866.0,109830.0,109855.0,300
2026-06-06 03:40:00,109857.0,109895.0,109837.0,109878.0,300
2026-06-06 03:45:00,109876.0,109884.0,109802.0,109802.0,300
2026-06-06 03:50:00,109800.0,109802.0,109735.0,109737.0,300
2026-06-06 03:55:00,109736.0,109758.0,109726.0,109731.0,300
2026-06-06 04:00:00,109733.0,109754.0,109713.0,109746.0,300
2026-06-06 04:05:00,109744.0,109770.0,109730.0,109737.0,300
2026-06-06 04:10:00,109735.0,109762.0,109720.0,109725.0,300
2026-06-06 04:15:00,109723.0,109747.0,109715.0,109728.0,300
2026-06-06 04:20:00,109726.0,109742.0,109696.0,109740.0,300
2026-06-06 04:25:00,109742.0,109762.0,109733.0,109758.0,300
2026-06-06 04:30:00,109756.0,109778.0,109735.0,109770.0,300
2026-06-06 04:35:00,109772.0,109779.0,109739.0,109739.0,300
2026-06-06 04:40:00,109740.0,109743.0,109720.0,109720.0,300
2026-06-06 04:45:00,109718.0,109723.0,109681.0,109692.0,300
2026-06-06 04:50:00,109693.0,109711.0,109673.0,109705.0,300
2026-06-06 04:55:00,109704.0,109723.0,109691.0,109693.0,300
2026-06-06 05:00:00,109691.0,109706.0,109675.0,109678.0,300
2026-06-06 05:05:00,109679.0,109698.0,109669.0,109696.0,300
2026-06-06 05:10:00,109697.0,109727.0,109692.0,109725.0,300
2026-06-06 05:15:00,109723.0,109762.0,109712.0,109762.0,300
2026-06-06 05:20:00,109763.0,109804.0,109740.0,109802.0,300
2026-06-06 05:25:00,109801.0,109807.0,109761.0,109779.0,300
2026-06-06 05:30:00,109777.0,109808.0,109764.0,109791.0,300
2026-06-06 05:35:00,109790.0,109807.0,109784.0,109793.0,300
2026-06-06 05:40:00,109791.0,109834.0,109782.0,109834.0,300
2026-06-06 05:45:00,109835.0,109869.0,109812.0,109869.0,300
2026-06-06 05:50:00,109867.0,109908.0,109864.0,109894.0,300
2026-06-06 05:55:00,109893.0,109922.0,109880.0,109909.0,300
2026-06-06 06:00:00,109911.0,109932.0,109902.0,109926.0,300
2026-06-06 06:05:00,109927.0,109974.0,109927.0,109954.0,300
2026-06-06 06:10:00,109956.0,109974.0,109926.0,109964.0,300
2026-06-06 06:15:00,109963.0,109970.0,109938.0,109969.0,300
2026-06-06 06:20:00,109971.0,109994.0,109953.0,109965.0,300
2026-06-06 06:25:00,109967.0,109974.0,109936.0,109964.0,300
2026-06-06 06:30:00,109962.0,109967.0,109941.0,109962.0,300
2026-06-06 06:35:00,109960.0,110002.0,109956.0,109963.0,300
2026-06-06 06:40:00,109961.0,109970.0,109939.0,109968.0,300
2026-06-06 06:45:00,109969.0,109989.0,109962.0,109969.0,300
2026-06-06 06:50:00,109967.0,109969.0,109935.0,109959.0,300
2026-06-06 06:55:00,109960.0,109963.0,109929.0,109961.0,300
2026-06-06 07:00:00,109960.0,110006.0,109958.0,109982.0,300
2026-06-06 07:05:00,109980.0,110001.0,109970.0,109976.0,300
2026-06-06 07:10:00,109978.0,109987.0,109937.0,109941.0,300
2026-06-06 07:15:00,109943.0,109943.0,109893.0,109927.0,300
2026-06-06 07:20:00,109928.0,109973.0,109910.0,109965.0,300
2026-06-06 07:25:00,109966.0,109970.0,109940.0,109956.0,300
2026-06-06 07:30:00,109954.0,109959.0,109929.0,109935.0,300
2026-06-06 07:35:00,109936.0,109943.0,109906.0,109914.0,300
2026-06-06 07:40:00,109913.0,109916.0,109881.0,109892.0,300
2026-06-06 07:45:00,109890.0,109910.0,109870.0,109870.0,300
2026-06-06 07:50:00,109871.0,109904.0,109864.0,109873.0,300
2026-06-06 07:55:00,109871.0,109884.0,109816.0,109817.0,300
2026-06-06 08:00:00,109819.0,109837.0,109805.0,109830.0,300
2026-06-06 08:05:00,109829.0,109839.0,109807.0,109827.0,300
2026-06-06 08:10:00,109825.0,109848.0,109802.0,109844.0,300
2026-06-06 08:15:00,109845.0,109853.0,109816.0,109820.0,300
2026-06-06 08:20:00,109821.0,109857.0,109808.0,109854.0,300
2026-06-06 08:25:00,109856.0,109892.0,109852.0,109867.0,300
2026-06-06 08:30:00,109868.0,109882.0,109859.0,109873.0,300
2026-06-06 08:35:00,109875.0,109899.0,109863.0,109890.0,300
2026-06-06 08:40:00,109891.0,109906.0,109873.0,109879.0,300
2026-06-06 08:45:00,109878.0,109900.0,109868.0,109896.0,300
2026-06-06 08:50:00,109898.0,109915.0,109887.0,109892.0,300
2026-06-06 08:55:00,109890.0,109901.0,109853.0,109853.0,300
2026-06-06 09:00:00,109851.0,109884.0,109839.0,109848.0,299
2026-06-06 09:05:00,109846.0,109848.0,109806.0,109806.0,301
2026-06-06 09:10:00,109804.0,109832.0,109803.0,109820.0,299
2026-06-06 09:15:00,109821.0,109836.0,109810.0,109823.0,301
2026-06-06 09:20:00,109824.0,109833.0,109803.0,109805.0,299
2026-06-06 09:25:00,109806.0,109809.0,109775.0,109788.0,301
2026-06-06 09:30:00,109790.0,109800.0,109761.0,109798.0,299
2026-06-06 09:35:00,109799.0,109872.0,109799.0,109841.0,300
2026-06-06 09:40:00,109840.0,109849.0,109821.0,109845.0,300
2026-06-06 09:45:00,109844.0,109877.0,109836.0,109850.0,300
2026-06-06 09:50:00,109849.0,109883.0,109843.0,109879.0,300
2026-06-06 09:55:00,109878.0,109894.0,109865.0,109894.0,300
2026-06-06 10:00:00,109892.0,109903.0,109850.0,109850.0,300
2026-06-06 10:05:00,109849.0,109856.0,109798.0,109819.0,300
2026-06-06 10:10:00,109821.0,109836.0,109812.0,109827.0,300
2026-06-06 10:15:00,109825.0,109827.0,109798.0,109826.0,300
2026-06-06 10:20:00,109827.0,109841.0,109811.0,109819.0,300
2026-06-06 10:25:00,109818.0,109874.0,109813.0,109857.0,300
2026-06-06 10:30:00,109858.0,109864.0,109831.0,109838.0,300
2026-06-06 10:35:00,109836.0,109845.0,109809.0,109837.0,300
2026-06-06 10:40:00,109839.0,109851.0,109799.0,109813.0,300
2026-06-06 10:45:00,109815.0,109823.0,109763.0,109763.0,300
2026-06-06 10:50:00,109761.0,109777.0,109747.0,109762.0,300
2026-06-06 10:55:00,109760.0,109775.0,109743.0,109763.0,300
2026-06-06 11:00:00,109764.0,109810.0,109760.0,109809.0,300
2026-06-06 11:05:00,109807.0,109845.0,109801.0,109829.0,300
2026-06-06 11:10:00,109827.0,109862.0,109825.0,109843.0,300
2026-06-06 11:15:00,109844.0,109854.0,109824.0,109839.0,300
2026-06-06 11:20:00,109838.0,109848.0,109799.0,109812.0,300
2026-06-06 11:25:00,109814.0,109848.0,109803.0,109830.0,300
2026-06-06 11:30:00,109829.0,109898.0,109826.0,109886.0,300
2026-06-06 11:35:00,109885.0,109922.0,109868.0,109921.0,300
2026-06-06 11:40:00,109923.0,109929.0,109880.0,109903.0,300
2026-06-06 11:45:00,109905.0,109910.0,109879.0,109891.0,300
2026-06-06 11:50:00,109890.0,109893.0,109865.0,109893.0,300
2026-06-06 11:55:00,109895.0,109912.0,109881.0,109886.0,300
2026-06-06 12:00:00,109888.0,109906.0,109884.0,109898.0,300
2026-06-06 12:05:00,109896.0,109931.0,109895.0,109909.0,300
2026-06-06 12:10:00,109907.0,109927.0,109866.0,109876.0,300
2026-06-06 12:15:00,109878.0,109880.0,109814.0,109815.0,300
2026-06-06 12:20:00,109816.0,109830.0,109801.0,109817.0,300
2026-06-06 12:25:00,109816.0,109838.0,109809.0,109833.0,300
2026-06-06 12:30:00,109834.0,109840.0,109807.0,109826.0,300
2026-06-06 12:35:00,109824.0,109830.0,109811.0,109818.0,300
2026-06-06 12:40:00,109819.0,109831.0,109810.0,109819.0,300
2026-06-06 12:45:00,109818.0,109823.0,109785.0,109792.0,300
2026-06-06 12:50:00,109790.0,109803.0,109781.0,109803.0,300
2026-06-06 12:55:00,109805.0,109840.0,109794.0,109820.0,300
2026-06-06 13:00:00,109818.0,109858.0,109800.0,109852.0,300
2026-06-06 13:05:00,109854.0,109863.0,109834.0,109856.0,300
2026-06-06 13:10:00,109858.0,109926.0,109857.0,109915.0,300
2026-06-06 13:15:00,109916.0,109918.0,109856.0,109857.0,300
2026-06-06 13:20:00,109859.0,109879.0,109857.0,109858.0,300
2026-06-06 13:25:00,109859.0,109886.0,109847.0,109866.0,300
2026-06-06 13:30:00,109868.0,109890.0,109860.0,109879.0,300
2026-06-06 13:35:00,109881.0,109922.0,109881.0,109917.0,300
2026-06-06 13:40:00,109919.0,109934.0,109908.0,109929.0,300
2026-06-06 13:45:00,109927.0,109933.0,109908.0,109916.0,300
2026-06-06 13:50:00,109918.0,109952.0,109903.0,109952.0,300
2026-06-06 13:55:00,109954.0,109961.0,109916.0,109921.0,300
2026-06-06 14:00:00,109920.0,109955.0,109913.0,109931.0,266
2026-06-06 14:05:00,109933.0,109942.0,109923.0,109939.0,186
2026-06-06 14:10:00,109938.0,109954.0,109923.0,109950.0,300
2026-06-06 14:15:00,109952.0,109965.0,109902.0,109950.0,300
2026-06-06 14:20:00,109952.0,109961.0,109918.0,109933.0,300
2026-06-06 14:25:00,109931.0,109933.0,109888.0,109899.0,300
2026-06-06 14:30:00,109900.0,109930.0,109889.0,109920.0,300
2026-06-06 14:35:00,109922.0,109947.0,109913.0,109934.0,300
2026-06-06 14:40:00,109936.0,109936.0,109887.0,109897.0,300
2026-06-06 14:45:00,109896.0,109933.0,109890.0,109923.0,300
2026-06-06 14:50:00,109925.0,109943.0,109911.0,109928.0,300
2026-06-06 14:55:00,109930.0,109930.0,109853.0,109854.0,300
2026-06-06 15:00:00,109856.0,109887.0,109846.0,109879.0,300
2026-06-06 15:05:00,109877.0,109894.0,109856.0,109877.0,300
2026-06-06 15:10:00,109879.0,109922.0,109877.0,109889.0,300
2026-06-06 15:15:00,109887.0,109889.0,109862.0,109874.0,300
2026-06-06 15:20:00,109875.0,109908.0,109871.0,109903.0,300
2026-06-06 15:25:00,109902.0,109914.0,109888.0,109909.0,300
2026-06-06 15:30:00,109910.0,109959.0,109907.0,109938.0,300
2026-06-06 15:35:00,109939.0,109965.0,109925.0,109954.0,300
2026-06-06 15:40:00,109956.0,109975.0,109901.0,109901.0,300
2026-06-06 15:45:00,109903.0,109911.0,109876.0,109880.0,300
2026-06-06 15:50:00,109882.0,109905.0,109869.0,109875.0,300
2026-06-06 15:55:00,109877.0,109898.0,109858.0,109886.0,300
2026-06-06 16:00:00,109885.0,109910.0,109863.0,109891.0,300
2026-06-06 16:05:00,109892.0,109919.0,109882.0,109914.0,300
2026-06-06 16:10:00,109912.0,109912.0,109866.0,109906.0,300
2026-06-06 16:15:00,109904.0,109928.0,109889.0,109915.0,300
2026-06-06 16:20:00,109916.0,109920.0,109882.0,109893.0,300
2026-06-06 16:25:00,109892.0,109927.0,109891.0,109907.0,300
2026-06-06 16:30:00,109905.0,109950.0,109905.0,109939.0,300
2026-06-06 16:35:00,109937.0,109937.0,109856.0,109858.0,300
2026-06-06 16:40:00,109856.0,109856.0,109802.0,109817.0,300
2026-06-06 16:45:00,109816.0,109841.0,109811.0,109823.0,300
2026-06-06 16:50:00,109821.0,109847.0,109803.0,109843.0,300
2026-06-06 16:55:00,109845.0,109849.0,109807.0,109825.0,300
2026-06-06 17:00:00,109826.0,109849.0,109809.0,109827.0,300
2026-06-06 17:05:00,109825.0,109844.0,109818.0,109842.0,300
2026-06-06 17:10:00,109843.0,109843.0,109789.0,109821.0,300
2026-06-06 17:15:00,109823.0,109849.0,109816.0,109836.0,300
2026-06-06 17:20:00,109837.0,109846.0,109788.0,109802.0,300
2026-06-06 17:25:00,109804.0,109816.0,109777.0,109796.0,300
2026-06-06 17:30:00,109794.0,109806.0,109773.0,109800.0,300
2026-06-06 17:35:00,109798.0,109805.0,109783.0,109792.0,300
2026-06-06 17:40:00,109791.0,109800.0,109745.0,109752.0,300
2026-06-06 17:45:00,109753.0,109763.0,109731.0,109733.0,300
2026-06-06 17:50:00,109731.0,109803.0,109726.0,109794.0,300
2026-06-06 17:55:00,109792.0,109793.0,109712.0,109714.0,300
2026-06-06 18:00:00,109712.0,109715.0,109692.0,109703.0,300
2026-06-06 18:05:00,109702.0,109707.0,109681.0,109682.0,300
2026-06-06 18:10:00,109680.0,109707.0,109670.0,109684.0,300
2026-06-06 18:15:00,109683.0,109683.0,109641.0,109676.0,300
2026-06-06 18:20:00,109677.0,109708.0,109676.0,109697.0,300
2026-06-06 18:25:00,109696.0,109715.0,109686.0,109705.0,300
2026-06-06 18:30:00,109706.0,109715.0,109656.0,109658.0,300
2026-06-06 18:35:00,109657.0,109661.0,109595.0,109607.0,300
2026-06-06 18:40:00,109606.0,109614.0,109573.0,109576.0,300
2026-06-06 18:45:00,109574.0,109596.0,109557.0,109558.0,300
2026-06-06 18:50:00,109559.0,109591.0,109549.0,109581.0,300
2026-06-06 18:55:00,109582.0,109587.0,109541.0,109561.0,300
2026-06-06 19:00:00,109560.0,109581.0,109529.0,109539.0,300
2026-06-06 19:05:00,109541.0,109558.0,109531.0,109550.0,300
2026-06-06 19:10:00,109551.0,109566.0,109502.0,109509.0,300
2026-06-06 19:15:00,109507.0,109538.0,109505.0,109534.0,300
2026-06-06 19:20:00,109533.0,109549.0,109501.0,109533.0,300
2026-06-06 19:25:00,109535.0,109535.0,109477.0,109490.0,300
2026-06-06 19:30:00,109488.0,109524.0,109477.0,109519.0,300
2026-06-06 19:35:00,109517.0,109520.0,109461.0,109462.0,300
2026-06-06 19:40:00,109460.0,109469.0,109436.0,109450.0,300
2026-06-06 19:45:00,109451.0,109463.0,109417.0,109458.0,300
2026-06-06 19:50:00,109460.0,109511.0,109456.0,109504.0,300
2026-06-06 19:55:00,109506.0,109541.0,109478.0,109541.0,300
2026-06-06 20:00:00,109539.0,109548.0,109503.0,109505.0,300
2026-06-06 20:05:00,109507.0,109509.0,109451.0,109453.0,300
2026-06-06 20:10:00,109454.0,109469.0,109441.0,109444.0,300
2026-06-06 20:15:00,109443.0,109451.0,109418.0,109439.0,300
2026-06-06 20:20:00,109440.0,109459.0,109422.0,109455.0,300
2026-06-06 20:25:00,109457.0,109463.0,109416.0,109417.0,300
2026-06-06 20:30:00,109418.0,109428.0,109399.0,109420.0,300
2026-06-06 20:35:00,109422.0,109427.0,109385.0,109400.0,300
2026-06-06 20:40:00,109402.0,109402.0,109358.0,109372.0,300
2026-06-06 20:45:00,109371.0,109390.0,109358.0,109379.0,300
2026-06-06 20:50:00,109378.0,109390.0,109361.0,109373.0,300
2026-06-06 20:55:00,109374.0,109374.0,109323.0,109332.0,300
2026-06-06 21:00:00,109330.0,109341.0,109302.0,109329.0,300
2026-06-06 21:05:00,109327.0,109375.0,109322.0,109369.0,300
2026-06-06 21:10:00,109368.0,109398.0,109351.0,109398.0,300
2026-06-06 21:15:00,109400.0,109410.0,109369.0,109375.0,300
2026-06-06 21:20:00,109374.0,109377.0,109348.0,109359.0,300
2026-06-06 21:25:00,109361.0,109379.0,109344.0,109374.0,300
2026-06-06 21:30:00,109375.0,109378.0,109348.0,109356.0,300
2026-06-06 21:35:00,109358.0,109372.0,109333.0,109339.0,300
2026-06-06 21:40:00,109341.0,109370.0,109331.0,109366.0,300
2026-06-06 21:45:00,109368.0,109386.0,109355.0,109355.0,300
2026-06-06 21:50:00,109354.0,109368.0,109342.0,109344.0,300
2026-06-06 21:55:00,109343.0,109374.0,109336.0,109368.0,300
2026-06-06 22:00:00,109366.0,109375.0,109323.0,109332.0,300
2026-06-06 22:05:00,109330.0,109337.0,109286.0,109293.0,300
2026-06-06 22:10:00,109295.0,109296.0,109231.0,109233.0,300
2026-06-06 22:15:00,109235.0,109273.0,109223.0,109252.0,300
2026-06-06 22:20:00,109250.0,109299.0,109250.0,109285.0,300
2026-06-06 22:25:00,109283.0,109333.0,109282.0,109324.0,300
2026-06-06 22:30:00,109326.0,109353.0,109304.0,109353.0,300
2026-06-06 22:35:00,109351.0,109352.0,109287.0,109290.0,300
2026-06-06 22:40:00,109291.0,109300.0,109244.0,109300.0,300
2026-06-06 22:45:00,109301.0,109307.0,109275.0,109292.0,300
2026-06-06 22:50:00,109294.0,109325.0,109293.0,109293.0,300
2026-06-06 22:55:00,109291.0,109306.0,109273.0,109296.0,300
2026-06-06 23:00:00,109295.0,109308.0,109283.0,109308.0,300
2026-06-06 23:05:00,109309.0,109331.0,109302.0,109331.0,300
2026-06-06 23:10:00,109333.0,109365.0,109325.0,109353.0,300
2026-06-06 23:15:00,109354.0,109363.0,109328.0,109355.0,300
2026-06-06 23:20:00,109356.0,109364.0,109340.0,109353.0,300
2026-06-06 23:25:00,109351.0,109401.0,109350.0,109392.0,300
2026-06-06 23:30:00,109390.0,109416.0,109376.0,109413.0,300
2026-06-06 23:35:00,109414.0,109445.0,109407.0,109422.0,300
2026-06-06 23:40:00,109421.0,109433.0,109401.0,109428.0,300
2026-06-06 23:45:00,109426.0,109437.0,109406.0,109408.0,300
2026-06-06 23:50:00,109407.0,109424.0,109397.0,109407.0,300
2026-06-06 23:55:00,109408.0,109412.0,109373.0,109385.0,300
2026-06-07 00:00:00,109384.0,109400.0,109364.0,109387.0,299
2026-06-07 00:05:00,109386.0,109414.0,109380.0,109414.0,301
2026-06-07 00:10:00,109413.0,109439.0,109410.0,109428.0,299
2026-06-07 00:15:00,109426.0,109440.0,109402.0,109427.0,301
2026-06-07 00:20:00,109426.0,109431.0,109394.0,109395.0,299
2026-06-07 00:25:00,109396.0,109403.0,109368.0,109397.0,301
2026-06-07 00:30:00,109395.0,109421.0,109380.0,109396.0,299
2026-06-07 00:35:00,109397.0,109431.0,109394.0,109397.0,300
2026-06-07 00:40:00,109398.0,109411.0,109384.0,109394.0,300
2026-06-07 00:45:00,109396.0,109404.0,109372.0,109385.0,300
2026-06-07 00:50:00,109384.0,109405.0,109373.0,109403.0,300
2026-06-07 00:55:00,109401.0,109415.0,109381.0,109398.0,300
2026-06-07 01:00:00,109396.0,109438.0,109387.0,109413.0,300
2026-06-07 01:05:00,109412.0,109416.0,109379.0,109380.0,300
2026-06-07 01:10:00,109379.0,109393.0,109343.0,109352.0,300
2026-06-07 01:15:00,109351.0,109378.0,109323.0,109323.0,300
2026-06-07 01:20:00,109321.0,109348.0,109319.0,109326.0,300
2026-06-07 01:25:00,109327.0,109360.0,109326.0,109352.0,300
2026-06-07 01:30:00,109354.0,109357.0,109304.0,109304.0,300
2026-06-07 01:35:00,109303.0,109308.0,109262.0,109264.0,300
2026-06-07 01:40:00,109265.0,109323.0,109253.0,109318.0,300
2026-06-07 01:45:00,109317.0,109384.0,109304.0,109378.0,300
2026-06-07 01:50:00,109380.0,109398.0,109357.0,109358.0,300
2026-06-07 01:55:00,109356.0,109356.0,109328.0,109338.0,300
2026-06-07 02:00:00,109340.0,109356.0,109305.0,109306.0,300
2026-06-07 02:05:00,109308.0,109338.0,109287.0,109334.0,300
2026-06-07 02:10:00,109333.0,109369.0,109320.0,109331.0,300
2026-06-07 02:15:00,109333.0,109348.0,109291.0,109322.0,300
2026-06-07 02:20:00,109321.0,109336.0,109281.0,109294.0,300
2026-06-07 02:25:00,109293.0,109328.0,109277.0,109323.0,300
2026-06-07 02:30:00,109322.0,109344.0,109305.0,109312.0,300
2026-06-07 02:35:00,109314.0,109317.0,109298.0,109312.0,300
2026-06-07 02:40:00,109313.0,109319.0,109283.0,109311.0,300
2026-06-07 02:45:00,109309.0,109339.0,109304.0,109324.0,300
2026-06-07 02:50:00,109326.0,109343.0,109308.0,109308.0,300
2026-06-07 02:55:00,109307.0,109345.0,109293.0,109338.0,300
2026-06-07 03:00:00,109340.0,109352.0,109294.0,109294.0,300
2026-06-07 03:05:00,109295.0,109296.0,109266.0,109269.0,300
2026-06-07 03:10:00,109268.0,109268.0,109224.0,109246.0,300
2026-06-07 03:15:00,109244.0,109251.0,109220.0,109228.0,300
2026-06-07 03:20:00,109229.0,109260.0,109220.0,109247.0,300
2026-06-07 03:25:00,109249.0,109303.0,109244.0,109273.0,300
2026-06-07 03:30:00,109272.0,109284.0,109252.0,109258.0,300
2026-06-07 03:35:00,109257.0,109261.0,109204.0,109210.0,300
2026-06-07 03:40:00,109208.0,109217.0,109184.0,109200.0,300
2026-06-07 03:45:00,109202.0,109211.0,109182.0,109204.0,300
2026-06-07 03:50:00,109203.0,109211.0,109169.0,109169.0,300
2026-06-07 03:55:00,109170.0,109172.0,109131.0,109162.0,300
2026-06-07 04:00:00,109161.0,109178.0,109134.0,109136.0,300
2026-06-07 04:05:00,109138.0,109164.0,109105.0,109107.0,300
2026-06-07 04:10:00,109106.0,109106.0,109062.0,109095.0,300
2026-06-07 04:15:00,109096.0,109122.0,109093.0,109105.0,300
2026-06-07 04:20:00,109106.0,109114.0,109079.0,109092.0,300
2026-06-07 04:25:00,109093.0,109102.0,109066.0,109090.0,300
2026-06-07 04:30:00,109089.0,109109.0,109080.0,109088.0,300
2026-06-07 04:35:00,109090.0,109108.0,109071.0,109105.0,300
2026-06-07 04:40:00,109107.0,109126.0,109093.0,109125.0,300
2026-06-07 04:45:00,109123.0,109124.0,109101.0,109114.0,300
2026-06-07 04:50:00,109112.0,109135.0,109102.0,109133.0,300
2026-06-07 04:55:00,109131.0,109179.0,109130.0,109169.0,300
2026-06-07 05:00:00,109170.0,109184.0,109145.0,109183.0,300
2026-06-07 05:05:00,109185.0,109213.0,109159.0,109159.0,300
2026-06-07 05:10:00,109157.0,109158.0,109120.0,109132.0,300
2026-06-07 05:15:00,109134.0,109160.0,109126.0,109160.0,300
2026-06-07 05:20:00,109158.0,109164.0,109141.0,109147.0,300
2026-06-07 05:25:00,109146.0,109147.0,109107.0,109120.0,300
2026-06-07 05:30:00,109119.0,109138.0,109102.0,109108.0,300
2026-06-07 05:35:00,109106.0,109134.0,109103.0,109126.0,300
2026-06-07 05:40:00,109124.0,109139.0,109109.0,109129.0,300
2026-06-07 05:45:00,109130.0,109146.0,109109.0,109133.0,300
2026-06-07 05:50:00,109135.0,109137.0,109087.0,109093.0,300
2026-06-07 05:55:00,109092.0,109114.0,109067.0,109114.0,300
2026-06-07 06:00:00,109115.0,109132.0,109097.0,109126.0,300
2026-06-07 06:05:00,109128.0,109134.0,109105.0,109133.0,300
2026-06-07 06:10:00,109131.0,109138.0,109113.0,109115.0,300
2026-06-07 06:15:00,109114.0,109169.0,109113.0,109169.0,300
2026-06-07 06:20:00,109170.0,109180.0,109127.0,109128.0,300
2026-06-07 06:25:00,109129.0,109153.0,109117.0,109150.0,300
2026-06-07 06:30:00,109152.0,109157.0,109086.0,109086.0,300
2026-06-07 06:35:00,109088.0,109090.0,109044.0,109048.0,300
2026-06-07 06:40:00,109046.0,109059.0,109022.0,109053.0,300
2026-06-07 06:45:00,109052.0,109066.0,109035.0,109047.0,300
2026-06-07 07:00:00,109048.0,109055.0,108998.0,109012.0,300
2026-06-07 07:05:00,109011.0,109056.0,108997.0,109056.0,300
2026-06-07 07:10:00,109057.0,109061.0,109022.0,109034.0,300
2026-06-07 07:15:00,109033.0,109051.0,109006.0,109026.0,300
2026-06-07 07:20:00,109024.0,109062.0,109020.0,109061.0,300
2026-06-07 07:25:00,109063.0,109089.0,109059.0,109079.0,300
2026-06-07 07:30:00,109080.0,109101.0,109073.0,109095.0,300
2026-06-07 07:35:00,109097.0,109107.0,109076.0,109088.0,300
2026-06-07 07:40:00,109086.0,109152.0,109083.0,109152.0,300
2026-06-07 07:45:00,109153.0,109197.0,109147.0,109183.0,300
2026-06-07 07:50:00,109185.0,109202.0,109163.0,109173.0,300
2026-06-07 07:55:00,109171.0,109178.0,109153.0,109171.0,300
2026-06-07 08:00:00,109173.0,109187.0,109156.0,109180.0,237
2026-06-07 08:05:00,109181.0,109222.0,109178.0,109211.0,300
2026-06-07 08:10:00,109213.0,109236.0,109190.0,109193.0,300
2026-06-07 08:15:00,109194.0,109204.0,109175.0,109182.0,300
2026-06-07 08:20:00,109184.0,109200.0,109172.0,109194.0,300
2026-06-07 08:25:00,109195.0,109237.0,109186.0,109228.0,300
2026-06-07 08:30:00,109227.0,109245.0,109217.0,109225.0,300
2026-06-07 08:35:00,109227.0,109261.0,109206.0,109253.0,300
2026-06-07 08:40:00,109252.0,109278.0,109238.0,109241.0,300
2026-06-07 08:45:00,109240.0,109255.0,109230.0,109253.0,300
2026-06-07 08:50:00,109254.0,109266.0,109225.0,109259.0,300
2026-06-07 08:55:00,109261.0,109285.0,109246.0,109279.0,300
2026-06-07 09:00:00,109280.0,109288.0,109254.0,109256.0,300
2026-06-07 09:05:00,109255.0,109316.0,109252.0,109311.0,300
2026-06-07 09:10:00,109310.0,109325.0,109300.0,109309.0,300
2026-06-07 09:15:00,109310.0,109328.0,109288.0,109301.0,300
2026-06-07 09:20:00,109300.0,109337.0,109298.0,109319.0,300
2026-06-07 09:25:00,109318.0,109336.0,109309.0,109316.0,300
2026-06-07 09:30:00,109317.0,109369.0,109314.0,109343.0,300
2026-06-07 09:35:00,109342.0,109364.0,109313.0,109363.0,300
2026-06-07 09:40:00,109361.0,109389.0,109357.0,109378.0,300
2026-06-07 09:45:00,109380.0,109389.0,109341.0,109346.0,300
2026-06-07 09:50:00,109348.0,109369.0,109330.0,109340.0,300
2026-06-07 09:55:00,109338.0,109356.0,109337.0,109354.0,300
2026-06-07 10:00:00,109353.0,109353.0,109321.0,109342.0,300
2026-06-07 10:05:00,109343.0,109390.0,109342.0,109389.0,300
2026-06-07 10:10:00,109391.0,109445.0,109389.0,109413.0,300
2026-06-07 10:15:00,109415.0,109454.0,109407.0,109453.0,300
2026-06-07 10:20:00,109451.0,109460.0,109405.0,109426.0,300
2026-06-07 10:25:00,109428.0,109429.0,109350.0,109359.0,300
2026-06-07 10:30:00,109358.0,109386.0,109357.0,109383.0,300
2026-06-07 10:35:00,109382.0,109438.0,109380.0,109430.0,300
2026-06-07 10:40:00,109432.0,109454.0,109411.0,109450.0,300
2026-06-07 10:45:00,109448.0,109464.0,109421.0,109440.0,300
2026-06-07 10:50:00,109438.0,109474.0,109435.0,109439.0,300
2026-06-07 10:55:00,109440.0,109485.0,109436.0,109473.0,300
2026-06-07 11:00:00,109474.0,109520.0,109467.0,109520.0,300
2026-06-07 11:05:00,109519.0,109522.0,109459.0,109463.0,300
2026-06-07 11:10:00,109465.0,109473.0,109438.0,109468.0,300
2026-06-07 11:15:00,109466.0,109520.0,109461.0,109512.0,300
2026-06-07 11:20:00,109514.0,109529.0,109491.0,109517.0,300
2026-06-07 11:25:00,109515.0,109558.0,109513.0,109552.0,300
2026-06-07 11:30:00,109551.0,109584.0,109547.0,109576.0,300
2026-06-07 11:35:00,109575.0,109580.0,109541.0,109567.0,300
2026-06-07 11:40:00,109566.0,109573.0,109550.0,109555.0,300
2026-06-07 11:45:00,109554.0,109580.0,109551.0,109564.0,300
2026-06-07 11:50:00,109566.0,109575.0,109533.0,109554.0,300
2026-06-07 11:55:00,109552.0,109562.0,109515.0,109525.0,300
2026-06-07 12:00:00,109526.0,109563.0,109518.0,109555.0,300
2026-06-07 12:05:00,109554.0,109582.0,109547.0,109577.0,300
2026-06-07 12:10:00,109579.0,109587.0,109541.0,109546.0,300
2026-06-07 12:15:00,109544.0,109606.0,109542.0,109602.0,300
2026-06-07 12:20:00,109600.0,109613.0,109556.0,109556.0,300
2026-06-07 12:25:00,109555.0,109558.0,109512.0,109517.0,300
2026-06-07 12:30:00,109518.0,109530.0,109494.0,109515.0,300
2026-06-07 12:35:00,109513.0,109528.0,109474.0,109485.0,300
2026-06-07 12:40:00,109483.0,109484.0,109457.0,109484.0,300
2026-06-07 12:45:00,109483.0,109510.0,109483.0,109490.0,300
2026-06-07 12:50:00,109488.0,109518.0,109484.0,109486.0,300
2026-06-07 12:55:00,109485.0,109526.0,109484.0,109525.0,300
2026-06-07 13:00:00,109523.0,109576.0,109521.0,109568.0,300
2026-06-07 13:05:00,109567.0,109596.0,109566.0,109573.0,300
2026-06-07 13:10:00,109572.0,109586.0,109544.0,109553.0,300
2026-06-07 13:15:00,109555.0,109603.0,109555.0,109584.0,300
2026-06-07 13:20:00,109585.0,109604.0,109558.0,109587.0,300
2026-06-07 13:25:00,109585.0,109594.0,109557.0,109586.0,300
2026-06-07 13:30:00,109585.0,109621.0,109583.0,109590.0,300
2026-06-07 13:35:00,109589.0,109602.0,109561.0,109566.0,300
2026-06-07 13:40:00,109567.0,109609.0,109551.0,109599.0,300
2026-06-07 13:45:00,109600.0,109638.0,109599.0,109617.0,300
2026-06-07 13:50:00,109616.0,109616.0,109560.0,109561.0,300
2026-06-07 13:55:00,109559.0,109571.0,109543.0,109547.0,300
2026-06-07 14:00:00,109545.0,109580.0,109539.0,109568.0,300
2026-06-07 14:05:00,109567.0,109593.0,109554.0,109584.0,300
2026-06-07 14:10:00,109585.0,109614.0,109585.0,109600.0,300
2026-06-07 14:15:00,109598.0,109639.0,109594.0,109621.0,300
2026-06-07 14:20:00,109623.0,109625.0,109594.0,109602.0,300
2026-06-07 14:25:00,109603.0,109629.0,109587.0,109587.0,300
2026-06-07 14:30:00,109589.0,109603.0,109551.0,109551.0,300
2026-06-07 14:35:00,109553.0,109592.0,109548.0,109578.0,300
2026-06-07 14:40:00,109580.0,109608.0,109571.0,109604.0,300
2026-06-07 14:45:00,109603.0,109620.0,109579.0,109591.0,300
2026-06-07 14:50:00,109590.0,109617.0,109588.0,109617.0,300
2026-06-07 14:55:00,109616.0,109620.0,109596.0,109603.0,300
2026-06-07 15:00:00,109602.0,109608.0,109572.0,109584.0,300
2026-06-07 15:05:00,109582.0,109603.0,109576.0,109597.0,300
2026-06-07 15:10:00,109598.0,109599.0,109570.0,109586.0,300
2026-06-07 15:15:00,109584.0,109596.0,109545.0,109563.0,300
2026-06-07 15:20:00,109561.0,109565.0,109497.0,109511.0,300
2026-06-07 15:25:00,109509.0,109518.0,109482.0,109511.0,300
2026-06-07 15:30:00,109513.0,109552.0,109490.0,109495.0,300
2026-06-07 15:35:00,109496.0,109505.0,109466.0,109468.0,300
2026-06-07 15:40:00,109467.0,109476.0,109435.0,109438.0,300
2026-06-07 15:45:00,109437.0,109466.0,109424.0,109427.0,300
2026-06-07 15:50:00,109428.0,109430.0,109366.0,109375.0,300
2026-06-07 15:55:00,109376.0,109392.0,109354.0,109354.0,300
2026-06-07 16:00:00,109352.0,109364.0,109317.0,109329.0,300
2026-06-07 16:05:00,109327.0,109345.0,109317.0,109322.0,300
2026-06-07 16:10:00,109323.0,109365.0,109317.0,109350.0,300
2026-06-07 16:15:00,109348.0,109379.0,109345.0,109368.0,300
2026-06-07 16:20:00,109369.0,109396.0,109352.0,109390.0,300
2026-06-07 16:25:00,109388.0,109390.0,109364.0,109382.0,300
2026-06-07 16:30:00,109380.0,109391.0,109346.0,109351.0,300
2026-06-07 16:35:00,109352.0,109363.0,109331.0,109339.0,300
2026-06-07 16:40:00,109338.0,109378.0,109338.0,109357.0,300
2026-06-07 16:45:00,109355.0,109370.0,109343.0,109346.0,300
2026-06-07 16:50:00,109347.0,109387.0,109344.0,109376.0,300
2026-06-07 16:55:00,109377.0,109399.0,109356.0,109379.0,300
2026-06-07 17:00:00,109381.0,109439.0,109373.0,109436.0,300
2026-06-07 17:05:00,109434.0,109497.0,109434.0,109488.0,300
2026-06-07 17:10:00,109489.0,109529.0,109485.0,109502.0,300
2026-06-07 17:15:00,109504.0,109542.0,109494.0,109518.0,300
2026-06-07 17:20:00,109517.0,109523.0,109490.0,109499.0,300
2026-06-07 17:25:00,109497.0,109526.0,109483.0,109525.0,300
2026-06-07 17:30:00,109526.0,109530.0,109477.0,109477.0,300
2026-06-07 17:35:00,109476.0,109498.0,109427.0,109429.0,300
2026-06-07 17:40:00,109431.0,109448.0,109420.0,109437.0,300
2026-06-07 17:45:00,109435.0,109459.0,109426.0,109448.0,300
2026-06-07 17:50:00,109447.0,109477.0,109433.0,109472.0,300
2026-06-07 17:55:00,109473.0,109503.0,109466.0,109502.0,300
2026-06-07 18:00:00,109503.0,109507.0,109461.0,109475.0,300
2026-06-07 18:05:00,109474.0,109478.0,109403.0,109403.0,300
2026-06-07 18:10:00,109401.0,109407.0,109375.0,109397.0,300
2026-06-07 18:15:00,109398.0,109411.0,109377.0,109389.0,300
2026-06-07 18:20:00,109391.0,109412.0,109372.0,109374.0,300
2026-06-07 18:25:00,109373.0,109383.0,109337.0,109346.0,300
2026-06-07 18:30:00,109348.0,109351.0,109304.0,109316.0,300
2026-06-07 18:35:00,109314.0,109349.0,109310.0,109336.0,300
2026-06-07 18:40:00,109337.0,109362.0,109324.0,109330.0,300
2026-06-07 18:45:00,109328.0,109330.0,109290.0,109295.0,300
2026-06-07 18:50:00,109297.0,109314.0,109285.0,109303.0,300
2026-06-07 18:55:00,109305.0,109316.0,109267.0,109285.0,300
2026-06-07 19:00:00,109284.0,109343.0,109275.0,109332.0,300
2026-06-07 19:05:00,109334.0,109360.0,109332.0,109345.0,300
2026-06-07 19:10:00,109346.0,109378.0,109327.0,109367.0,300
2026-06-07 19:15:00,109368.0,109381.0,109346.0,109362.0,300
2026-06-07 19:20:00,109360.0,109388.0,109345.0,109354.0,300
2026-06-07 19:25:00,109352.0,109367.0,109323.0,109324.0,300
2026-06-07 19:30:00,109322.0,109384.0,109321.0,109378.0,300
2026-06-07 19:35:00,109376.0,109380.0,109355.0,109365.0,300
2026-06-07 19:40:00,109364.0,109384.0,109334.0,109335.0,300
2026-06-07 19:45:00,109334.0,109367.0,109333.0,109359.0,300
2026-06-07 19:50:00,109360.0,109388.0,109331.0,109388.0,300
2026-06-07 19:55:00,109389.0,109420.0,109379.0,109416.0,300
2026-06-07 20:00:00,109418.0,109432.0,109390.0,109431.0,300
2026-06-07 20:05:00,109430.0,109445.0,109396.0,109400.0,300
2026-06-07 20:10:00,109398.0,109440.0,109395.0,109439.0,300
2026-06-07 20:15:00,109440.0,109464.0,109430.0,109461.0,300
2026-06-07 20:20:00,109460.0,109469.0,109448.0,109454.0,300
2026-06-07 20:25:00,109453.0,109465.0,109431.0,109437.0,300
2026-06-07 20:30:00,109439.0,109466.0,109437.0,109454.0,300
2026-06-07 20:35:00,109456.0,109475.0,109442.0,109454.0,300
2026-06-07 20:40:00,109453.0,109480.0,109425.0,109465.0,300
2026-06-07 20:45:00,109463.0,109465.0,109428.0,109443.0,300
2026-06-07 20:50:00,109445.0,109502.0,109443.0,109498.0,300
2026-06-07 20:55:00,109496.0,109548.0,109482.0,109547.0,300
2026-06-07 21:00:00,109548.0,109562.0,109492.0,109495.0,300
2026-06-07 21:05:00,109496.0,109517.0,109488.0,109495.0,300
2026-06-07 21:10:00,109496.0,109498.0,109447.0,109454.0,300
2026-06-07 21:15:00,109455.0,109475.0,109430.0,109432.0,300
2026-06-07 21:20:00,109434.0,109446.0,109392.0,109411.0,300
2026-06-07 21:25:00,109409.0,109457.0,109408.0,109457.0,300
2026-06-07 21:30:00,109455.0,109470.0,109433.0,109470.0,300
2026-06-07 21:35:00,109468.0,109478.0,109451.0,109456.0,300
2026-06-07 21:40:00,109455.0,109521.0,109452.0,109519.0,300
2026-06-07 21:45:00,109518.0,109550.0,109517.0,109539.0,300
2026-06-07 21:50:00,109537.0,109573.0,109535.0,109554.0,300
2026-06-07 21:55:00,109556.0,109556.0,109519.0,109526.0,300
2026-06-07 22:00:00,109524.0,109524.0,109479.0,109504.0,300
2026-06-07 22:05:00,109503.0,109522.0,109493.0,109516.0,300
2026-06-07 22:10:00,109515.0,109538.0,109504.0,109536.0,300
2026-06-07 22:15:00,109537.0,109553.0,109515.0,109540.0,300
2026-06-07 22:20:00,109541.0,109544.0,109526.0,109537.0,300
2026-06-07 22:25:00,109539.0,109633.0,109533.0,109633.0,300
2026-06-07 22:30:00,109631.0,109636.0,109596.0,109612.0,300
2026-06-07 22:35:00,109611.0,109623.0,109589.0,109593.0,300
2026-06-07 22:40:00,109594.0,109621.0,109587.0,109621.0,300
2026-06-07 22:45:00,109619.0,109641.0,109612.0,109637.0,300
2026-06-07 22:50:00,109639.0,109652.0,109624.0,109641.0,300
2026-06-07 22:55:00,109639.0,109648.0,109611.0,109622.0,300
2026-06-07 23:00:00,109624.0,109648.0,109616.0,109644.0,300
2026-06-07 23:05:00,109645.0,109682.0,109642.0,109658.0,300
2026-06-07 23:10:00,109660.0,109686.0,109643.0,109669.0,300
2026-06-07 23:15:00,109667.0,109667.0,109620.0,109624.0,300
2026-06-07 23:20:00,109623.0,109670.0,109622.0,109663.0,300
2026-06-07 23:25:00,109662.0,109667.0,109608.0,109610.0,300
2026-06-07 23:30:00,109611.0,109612.0,109561.0,109565.0,300
2026-06-07 23:35:00,109563.0,109600.0,109544.0,109552.0,300
2026-06-07 23:40:00,109551.0,109553.0,109528.0,109537.0,300
2026-06-07 23:45:00,109539.0,109582.0,109534.0,109563.0,300
2026-06-07 23:50:00,109564.0,109565.0,109520.0,109529.0,300
2026-06-07 23:55:00,109530.0,109550.0,109524.0,109537.0,300
2026-06-08 00:00:00,109538.0,109554.0,109507.0,109510.0,300
2026-06-08 00:05:00,109508.0,109514.0,109469.0,109470.0,300
2026-06-08 00:10:00,109469.0,109516.0,109468.0,109513.0,300
2026-06-08 00:15:00,109514.0,109538.0,109507.0,109525.0,300
2026-06-08 00:20:00,109527.0,109580.0,109515.0,109563.0,300
2026-06-08 00:25:00,109561.0,109571.0,109515.0,109534.0,300
2026-06-08 00:30:00,109536.0,109553.0,109510.0,109513.0,300
2026-06-08 00:35:00,109512.0,109530.0,109499.0,109507.0,300
2026-06-08 00:40:00,109508.0,109508.0,109437.0,109439.0,300
2026-06-08 00:45:00,109440.0,109448.0,109405.0,109423.0,300
2026-06-08 00:50:00,109422.0,109444.0,109390.0,109429.0,300
2026-06-08 00:55:00,109428.0,109434.0,109395.0,109406.0,300
2026-06-08 01:00:00,109407.0,109477.0,109406.0,109463.0,300
2026-06-08 01:05:00,109462.0,109462.0,109419.0,109419.0,300
2026-06-08 01:10:00,109418.0,109418.0,109366.0,109369.0,300
2026-06-08 01:15:00,109367.0,109374.0,109331.0,109344.0,300
2026-06-08 01:20:00,109343.0,109351.0,109298.0,109298.0,300
2026-06-08 01:25:00,109296.0,109312.0,109261.0,109261.0,300
2026-06-08 01:30:00,109259.0,109268.0,109242.0,109261.0,300
2026-06-08 01:35:00,109260.0,109273.0,109231.0,109273.0,300
2026-06-08 01:40:00,109274.0,109312.0,109265.0,109296.0,300
2026-06-08 01:45:00,109298.0,109310.0,109286.0,109286.0,300
2026-06-08 01:50:00,109285.0,109304.0,109265.0,109280.0,300
2026-06-08 01:55:00,109282.0,109332.0,109280.0,109324.0,300
2026-06-08 02:00:00,109325.0,109336.0,109297.0,109316.0,300
2026-06-08 02:05:00,109317.0,109336.0,109290.0,109331.0,300
2026-06-08 02:10:00,109332.0,109338.0,109316.0,109329.0,300
2026-06-08 02:15:00,109328.0,109348.0,109316.0,109337.0,300
2026-06-08 02:20:00,109339.0,109361.0,109332.0,109340.0,300
2026-06-08 02:25:00,109339.0,109367.0,109325.0,109337.0,300
2026-06-08 02:30:00,109336.0,109352.0,109328.0,109337.0,300
2026-06-08 02:35:00,109335.0,109364.0,109326.0,109333.0,300
2026-06-08 02:40:00,109334.0,109350.0,109322.0,109322.0,300
2026-06-08 02:45:00,109323.0,109335.0,109299.0,109312.0,300
2026-06-08 02:50:00,109314.0,109348.0,109301.0,109335.0,300
2026-06-08 02:55:00,109337.0,109345.0,109299.0,109299.0,300
2026-06-08 03:00:00,109297.0,109338.0,109290.0,109308.0,300
2026-06-08 03:05:00,109307.0,109307.0,109241.0,109250.0,300
2026-06-08 03:10:00,109248.0,109273.0,109232.0,109244.0,300
2026-06-08 03:15:00,109245.0,109249.0,109195.0,109199.0,300
2026-06-08 03:20:00,109201.0,109206.0,109122.0,109134.0,300
2026-06-08 03:25:00,109133.0,109142.0,109123.0,109133.0,300
2026-06-08 03:30:00,109134.0,109158.0,109116.0,109144.0,300
2026-06-08 03:35:00,109142.0,109161.0,109126.0,109157.0,300
2026-06-08 03:40:00,109159.0,109194.0,109145.0,109188.0,300
2026-06-08 03:45:00,109186.0,109234.0,109184.0,109221.0,300
2026-06-08 03:50:00,109220.0,109239.0,109201.0,109237.0,300
2026-06-08 03:55:00,109238.0,109270.0,109228.0,109254.0,300
2026-06-08 04:00:00,109252.0,109262.0,109209.0,109212.0,300
2026-06-08 04:05:00,109211.0,109218.0,109192.0,109198.0,300
2026-06-08 04:10:00,109199.0,109208.0,109163.0,109174.0,300
2026-06-08 04:15:00,109175.0,109193.0,109152.0,109168.0,300
2026-06-08 04:20:00,109170.0,109174.0,109129.0,109139.0,300
2026-06-08 04:25:00,109140.0,109154.0,109123.0,109124.0,300
2026-06-08 04:30:00,109126.0,109126.0,109069.0,109084.0,300
2026-06-08 04:35:00,109085.0,109115.0,109076.0,109109.0,300
2026-06-08 04:40:00,109107.0,109154.0,109103.0,109152.0,300
2026-06-08 04:45:00,109154.0,109181.0,109152.0,109174.0,300
2026-06-08 04:50:00,109172.0,109202.0,109168.0,109197.0,300
2026-06-08 04:55:00,109199.0,109215.0,109185.0,109206.0,300
2026-06-08 05:00:00,109205.0,109236.0,109201.0,109230.0,300
2026-06-08 05:05:00,109232.0,109269.0,109232.0,109268.0,300
2026-06-08 05:10:00,109266.0,109298.0,109262.0,109293.0,300
2026-06-08 05:15:00,109292.0,109300.0,109280.0,109283.0,300
2026-06-08 05:20:00,109285.0,109303.0,109271.0,109280.0,300
2026-06-08 05:25:00,109281.0,109300.0,109271.0,109278.0,300
2026-06-08 05:30:00,109279.0,109291.0,109229.0,109242.0,300
2026-06-08 05:35:00,109243.0,109254.0,109198.0,109208.0,300
2026-06-08 05:40:00,109206.0,109234.0,109199.0,109212.0,300
2026-06-08 05:45:00,109210.0,109215.0,109127.0,109128.0,300
2026-06-08 05:50:00,109129.0,109139.0,109086.0,109098.0,300
2026-06-08 05:55:00,109096.0,109116.0,109077.0,109103.0,300
2026-06-08 06:00:00,109102.0,109112.0,109074.0,109092.0,300
2026-06-08 06:05:00,109090.0,109109.0,109079.0,109103.0,300
2026-06-08 06:10:00,109104.0,109145.0,109088.0,109123.0,300
2026-06-08 06:15:00,109122.0,109153.0,109118.0,109147.0,300
2026-06-08 06:20:00,109149.0,109198.0,109148.0,109169.0,300
2026-06-08 06:25:00,109170.0,109213.0,109161.0,109199.0,300
2026-06-08 06:30:00,109201.0,109252.0,109195.0,109230.0,300
2026-06-08 06:35:00,109231.0,109278.0,109227.0,109247.0,300
2026-06-08 06:40:00,109249.0,109261.0,109223.0,109226.0,300
2026-06-08 06:45:00,109228.0,109236.0,109207.0,109215.0,300
2026-06-08 06:50:00,109213.0,109237.0,109201.0,109225.0,300
2026-06-08 06:55:00,109226.0,109248.0,109211.0,109215.0,300
2026-06-08 07:00:00,109217.0,109250.0,109215.0,109229.0,300
2026-06-08 07:05:00,109231.0,109241.0,109199.0,109230.0,300
2026-06-08 07:10:00,109228.0,109257.0,109223.0,109254.0,300
2026-06-08 07:15:00,109256.0,109275.0,109244.0,109248.0,300
2026-06-08 07:20:00,109250.0,109266.0,109232.0,109242.0,300
2026-06-08 07:25:00,109243.0,109248.0,109204.0,109209.0,300
2026-06-08 07:30:00,109210.0,109239.0,109196.0,109239.0,300
2026-06-08 07:35:00,109241.0,109243.0,109199.0,109209.0,300
2026-06-08 07:40:00,109207.0,109209.0,109171.0,109177.0,300
2026-06-08 07:45:00,109175.0,109197.0,109166.0,109185.0,300
2026-06-08 07:50:00,109186.0,109199.0,109155.0,109159.0,300
2026-06-08 07:55:00,109161.0,109178.0,109142.0,109163.0,300
2026-06-08 08:00:00,109165.0,109204.0,109143.0,109165.0,300
2026-06-08 08:05:00,109164.0,109188.0,109153.0,109157.0,300
2026-06-08 08:10:00,109158.0,109203.0,109149.0,109192.0,300
2026-06-08 08:15:00,109190.0,109194.0,109158.0,109162.0,300
2026-06-08 08:20:00,109163.0,109185.0,109154.0,109185.0,300
2026-06-08 08:25:00,109186.0,109232.0,109183.0,109230.0,300
2026-06-08 08:30:00,109229.0,109255.0,109229.0,109241.0,300
2026-06-08 08:35:00,109243.0,109256.0,109230.0,109248.0,300
2026-06-08 08:40:00,109246.0,109289.0,109241.0,109242.0,300
2026-06-08 08:45:00,109243.0,109271.0,109225.0,109246.0,300
2026-06-08 08:50:00,109245.0,109249.0,109216.0,109221.0,300
2026-06-08 08:55:00,109222.0,109242.0,109211.0,109215.0,300
2026-06-08 09:00:00,109213.0,109230.0,109205.0,109205.0,300
2026-06-08 09:05:00,109203.0,109231.0,109190.0,109231.0,300
2026-06-08 09:10:00,109232.0,109239.0,109215.0,109223.0,300
2026-06-08 09:15:00,109224.0,109272.0,109216.0,109240.0,300
2026-06-08 09:20:00,109239.0,109286.0,109239.0,109284.0,300
2026-06-08 09:25:00,109282.0,109299.0,109267.0,109279.0,300
2026-06-08 09:30:00,109281.0,109303.0,109272.0,109284.0,300
2026-06-08 09:35:00,109282.0,109300.0,109258.0,109258.0,300
2026-06-08 09:40:00,109257.0,109259.0,109232.0,109243.0,300
2026-06-08 09:45:00,109244.0,109256.0,109230.0,109246.0,300
2026-06-08 09:50:00,109247.0,109263.0,109187.0,109191.0,300
2026-06-08 09:55:00,109192.0,109227.0,109173.0,109227.0,300
2026-06-08 10:00:00,109226.0,109310.0,109221.0,109307.0,300
2026-06-08 10:05:00,109306.0,109310.0,109263.0,109271.0,300
2026-06-08 10:10:00,109273.0,109296.0,109256.0,109277.0,300
2026-06-08 10:15:00,109278.0,109313.0,109273.0,109288.0,300
2026-06-08 10:20:00,109287.0,109303.0,109263.0,109264.0,300
2026-06-08 10:25:00,109266.0,109302.0,109265.0,109275.0,300
2026-06-08 10:30:00,109273.0,109293.0,109254.0,109284.0,300
2026-06-08 10:35:00,109286.0,109330.0,109267.0,109303.0,300
2026-06-08 10:40:00,109301.0,109345.0,109284.0,109327.0,300
2026-06-08 10:45:00,109329.0,109343.0,109312.0,109322.0,300
2026-06-08 10:50:00,109320.0,109343.0,109307.0,109340.0,300
2026-06-08 10:55:00,109341.0,109352.0,109316.0,109342.0,300
2026-06-08 11:00:00,109341.0,109360.0,109321.0,109349.0,300
2026-06-08 11:05:00,109347.0,109367.0,109316.0,109349.0,300
2026-06-08 11:10:00,109350.0,109384.0,109342.0,109372.0,300
2026-06-08 11:15:00,109374.0,109437.0,109374.0,109389.0,300
2026-06-08 11:20:00,109391.0,109418.0,109391.0,109402.0,300
2026-06-08 11:25:00,109403.0,109441.0,109381.0,109439.0,300
2026-06-08 11:30:00,109441.0,109441.0,109414.0,109429.0,300
2026-06-08 11:35:00,109428.0,109438.0,109403.0,109421.0,300
2026-06-08 11:40:00,109422.0,109445.0,109411.0,109444.0,300
2026-06-08 11:45:00,109445.0,109453.0,109418.0,109424.0,300
2026-06-08 11:50:00,109426.0,109455.0,109415.0,109455.0,300
2026-06-08 11:55:00,109456.0,109498.0,109451.0,109487.0,300
2026-06-08 12:00:00,109485.0,109502.0,109474.0,109484.0,300
2026-06-08 12:05:00,109485.0,109499.0,109451.0,109461.0,300
2026-06-08 12:10:00,109460.0,109465.0,109442.0,109449.0,300
2026-06-08 12:15:00,109451.0,109456.0,109412.0,109420.0,300
2026-06-08 12:20:00,109419.0,109450.0,109418.0,109441.0,300
2026-06-08 12:25:00,109440.0,109458.0,109433.0,109437.0,300
2026-06-08 12:30:00,109435.0,109464.0,109428.0,109445.0,300
2026-06-08 12:35:00,109446.0,109457.0,109418.0,109436.0,300
2026-06-08 12:40:00,109434.0,109440.0,109405.0,109427.0,300
2026-06-08 12:45:00,109428.0,109431.0,109398.0,109406.0,300
2026-06-08 12:50:00,109404.0,109431.0,109392.0,109428.0,300
2026-06-08 12:55:00,109426.0,109461.0,109426.0,109444.0,300
2026-06-08 13:00:00,109443.0,109450.0,109403.0,109404.0,300
2026-06-08 13:05:00,109402.0,109450.0,109396.0,109441.0,300
2026-06-08 13:10:00,109440.0,109441.0,109411.0,109411.0,300
2026-06-08 13:15:00,109413.0,109421.0,109391.0,109405.0,300
2026-06-08 13:20:00,109406.0,109433.0,109398.0,109431.0,300
2026-06-08 13:25:00,109430.0,109447.0,109412.0,109435.0,300
2026-06-08 13:30:00,109437.0,109449.0,109414.0,109419.0,300
2026-06-08 13:35:00,109421.0,109450.0,109417.0,109421.0,300
2026-06-08 13:40:00,109419.0,109428.0,109396.0,109407.0,300
2026-06-08 13:45:00,109406.0,109438.0,109398.0,109401.0,300
2026-06-08 13:50:00,109402.0,109402.0,109340.0,109344.0,300
2026-06-08 13:55:00,109342.0,109371.0,109333.0,109364.0,300
2026-06-08 14:00:00,109362.0,109380.0,109352.0,109369.0,300
2026-06-08 14:05:00,109367.0,109395.0,109367.0,109375.0,300
2026-06-08 14:10:00,109377.0,109394.0,109352.0,109356.0,300
2026-06-08 14:15:00,109355.0,109388.0,109354.0,109376.0,300
2026-06-08 14:20:00,109378.0,109426.0,109366.0,109426.0,300
2026-06-08 14:25:00,109424.0,109426.0,109389.0,109400.0,300
2026-06-08 14:30:00,109398.0,109424.0,109385.0,109410.0,300
2026-06-08 14:35:00,109409.0,109440.0,109390.0,109440.0,300
2026-06-08 14:40:00,109441.0,109471.0,109413.0,109416.0,300
2026-06-08 14:45:00,109418.0,109431.0,109408.0,109419.0,300
2026-06-08 14:50:00,109421.0,109427.0,109398.0,109427.0,300
2026-06-08 14:55:00,109425.0,109458.0,109422.0,109448.0,300
2026-06-08 15:00:00,109447.0,109464.0,109438.0,109461.0,300
2026-06-08 15:05:00,109460.0,109468.0,109438.0,109439.0,300
2026-06-08 15:10:00,109441.0,109460.0,109413.0,109414.0,300
2026-06-08 15:15:00,109415.0,109450.0,109411.0,109437.0,300
2026-06-08 15:20:00,109435.0,109462.0,109434.0,109448.0,300
2026-06-08 15:25:00,109449.0,109458.0,109431.0,109437.0,300
2026-06-08 15:30:00,109438.0,109476.0,109431.0,109458.0,300
2026-06-08 15:35:00,109460.0,109471.0,109441.0,109448.0,300
2026-06-08 15:40:00,109450.0,109457.0,109413.0,109423.0,300
2026-06-08 15:45:00,109424.0,109444.0,109391.0,109392.0,300
2026-06-08 15:50:00,109393.0,109393.0,109354.0,109372.0,300
2026-06-08 15:55:00,109374.0,109402.0,109356.0,109368.0,300
2026-06-08 16:00:00,109367.0,109405.0,109360.0,109390.0,300
2026-06-08 16:05:00,109391.0,109452.0,109378.0,109452.0,300
2026-06-08 16:10:00,109450.0,109464.0,109431.0,109442.0,300
2026-06-08 16:15:00,109444.0,109470.0,109434.0,109439.0,300
2026-06-08 16:20:00,109438.0,109455.0,109417.0,109441.0,300
2026-06-08 16:25:00,109439.0,109450.0,109399.0,109448.0,300
2026-06-08 16:30:00,109449.0,109490.0,109444.0,109488.0,300
2026-06-08 16:35:00,109486.0,109497.0,109476.0,109478.0,300
2026-06-08 16:40:00,109477.0,109491.0,109444.0,109446.0,300
2026-06-08 16:45:00,109448.0,109471.0,109431.0,109469.0,300
2026-06-08 16:50:00,109468.0,109474.0,109442.0,109446.0,300
2026-06-08 16:55:00,109445.0,109448.0,109405.0,109408.0,300
2026-06-08 17:00:00,109406.0,109438.0,109403.0,109433.0,300
2026-06-08 17:05:00,109435.0,109454.0,109411.0,109429.0,300
2026-06-08 17:10:00,109431.0,109454.0,109422.0,109441.0,300
2026-06-08 17:15:00,109443.0,109510.0,109443.0,109504.0,300
2026-06-08 17:20:00,109503.0,109512.0,109488.0,109507.0,300
2026-06-08 17:25:00,109508.0,109516.0,109464.0,109477.0,300
2026-06-08 17:30:00,109478.0,109486.0,109446.0,109452.0,300
2026-06-08 17:35:00,109453.0,109490.0,109448.0,109480.0,300
2026-06-08 17:40:00,109479.0,109509.0,109474.0,109505.0,300
2026-06-08 17:45:00,109507.0,109540.0,109505.0,109520.0,300
2026-06-08 17:50:00,109522.0,109530.0,109487.0,109498.0,300
2026-06-08 17:55:00,109499.0,109541.0,109467.0,109540.0,300
2026-06-08 18:00:00,109541.0,109560.0,109521.0,109532.0,300
2026-06-08 18:05:00,109534.0,109546.0,109514.0,109524.0,300
2026-06-08 18:10:00,109525.0,109548.0,109508.0,109509.0,300
2026-06-08 18:15:00,109508.0,109568.0,109501.0,109560.0,300
2026-06-08 18:20:00,109559.0,109566.0,109535.0,109543.0,300
2026-06-08 18:25:00,109541.0,109597.0,109527.0,109597.0,300
2026-06-08 18:30:00,109595.0,109602.0,109553.0,109571.0,300
2026-06-08 18:35:00,109569.0,109571.0,109526.0,109532.0,300
2026-06-08 18:40:00,109534.0,109559.0,109519.0,109559.0,300
2026-06-08 18:45:00,109558.0,109574.0,109552.0,109560.0,300
2026-06-08 18:50:00,109561.0,109592.0,109538.0,109563.0,300
2026-06-08 18:55:00,109561.0,109584.0,109552.0,109576.0,300
2026-06-08 19:00:00,109575.0,109578.0,109552.0,109564.0,300
2026-06-08 19:05:00,109565.0,109566.0,109543.0,109557.0,300
2026-06-08 19:10:00,109555.0,109567.0,109531.0,109550.0,300
2026-06-08 19:15:00,109551.0,109555.0,109517.0,109523.0,300
2026-06-08 19:20:00,109521.0,109535.0,109508.0,109520.0,300
2026-06-08 19:25:00,109522.0,109578.0,109520.0,109572.0,300
2026-06-08 19:30:00,109570.0,109620.0,109568.0,109616.0,300
2026-06-08 19:35:00,109615.0,109628.0,109576.0,109628.0,300
2026-06-08 19:40:00,109627.0,109688.0,109625.0,109674.0,300
2026-06-08 19:45:00,109673.0,109679.0,109645.0,109655.0,300
2026-06-08 19:50:00,109653.0,109666.0,109647.0,109656.0,300
2026-06-08 19:55:00,109654.0,109690.0,109633.0,109672.0,300
2026-06-08 20:00:00,109673.0,109678.0,109644.0,109653.0,300
2026-06-08 20:05:00,109654.0,109670.0,109640.0,109652.0,300
2026-06-08 20:10:00,109653.0,109683.0,109642.0,109678.0,300
2026-06-08 20:15:00,109679.0,109692.0,109667.0,109682.0,300
2026-06-08 20:20:00,109684.0,109714.0,109671.0,109697.0,300
2026-06-08 20:25:00,109698.0,109710.0,109683.0,109709.0,300
2026-06-08 20:30:00,109711.0,109750.0,109705.0,109743.0,300
2026-06-08 20:35:00,109745.0,109753.0,109705.0,109715.0,300
2026-06-08 20:40:00,109717.0,109738.0,109702.0,109725.0,300
2026-06-08 20:45:00,109723.0,109725.0,109666.0,109687.0,300
2026-06-08 20:50:00,109689.0,109716.0,109682.0,109699.0,300
2026-06-08 20:55:00,109697.0,109710.0,109689.0,109694.0,300
2026-06-08 21:00:00,109695.0,109718.0,109632.0,109636.0,300
2026-06-08 21:05:00,109635.0,109643.0,109607.0,109627.0,300
2026-06-08 21:10:00,109628.0,109652.0,109624.0,109649.0,300
2026-06-08 21:15:00,109651.0,109658.0,109616.0,109638.0,300
2026-06-08 21:20:00,109640.0,109647.0,109606.0,109618.0,300
2026-06-08 21:25:00,109617.0,109619.0,109582.0,109597.0,300
2026-06-08 21:30:00,109595.0,109661.0,109587.0,109632.0,300
2026-06-08 21:35:00,109633.0,109644.0,109607.0,109633.0,300
2026-06-08 21:40:00,109631.0,109647.0,109600.0,109605.0,300
2026-06-08 21:45:00,109603.0,109615.0,109583.0,109615.0,300
2026-06-08 21:50:00,109614.0,109617.0,109592.0,109592.0,300
2026-06-08 21:55:00,109590.0,109627.0,109576.0,109614.0,300
2026-06-08 22:00:00,109615.0,109619.0,109562.0,109570.0,300
2026-06-08 22:05:00,109568.0,109590.0,109564.0,109568.0,300
2026-06-08 22:10:00,109566.0,109600.0,109561.0,109586.0,300
2026-06-08 22:15:00,109587.0,109595.0,109566.0,109592.0,300
2026-06-08 22:20:00,109591.0,109636.0,109579.0,109632.0,300
2026-06-08 22:25:00,109634.0,109637.0,109588.0,109609.0,300
2026-06-08 22:30:00,109611.0,109631.0,109597.0,109621.0,300
2026-06-08 22:35:00,109620.0,109681.0,109615.0,109666.0,300
2026-06-08 22:40:00,109667.0,109692.0,109658.0,109673.0,300
2026-06-08 22:45:00,109674.0,109717.0,109649.0,109712.0,300
2026-06-08 22:50:00,109710.0,109753.0,109699.0,109738.0,300
2026-06-08 22:55:00,109737.0,109758.0,109699.0,109755.0,300
2026-06-08 23:00:00,109756.0,109785.0,109751.0,109770.0,300
2026-06-08 23:05:00,109769.0,109796.0,109767.0,109767.0,300
2026-06-08 23:10:00,109765.0,109765.0,109709.0,109726.0,300
2026-06-08 23:15:00,109727.0,109743.0,109718.0,109730.0,300
2026-06-08 23:20:00,109731.0,109747.0,109702.0,109704.0,300
2026-06-08 23:25:00,109706.0,109707.0,109665.0,109680.0,300
2026-06-08 23:30:00,109679.0,109701.0,109647.0,109655.0,300
2026-06-08 23:35:00,109657.0,109665.0,109608.0,109610.0,300
2026-06-08 23:40:00,109609.0,109632.0,109602.0,109613.0,300
2026-06-08 23:45:00,109614.0,109688.0,109608.0,109664.0,300
2026-06-08 23:50:00,109662.0,109704.0,109654.0,109675.0,300
2026-06-08 23:55:00,109673.0,109690.0,109663.0,109686.0,300
2026-06-09 00:00:00,109688.0,109694.0,109669.0,109684.0,300
2026-06-09 00:05:00,109683.0,109718.0,109682.0,109705.0,300
2026-06-09 00:10:00,109704.0,109717.0,109670.0,109691.0,300
2026-06-09 00:15:00,109693.0,109704.0,109633.0,109633.0,300
2026-06-09 00:20:00,109631.0,109683.0,109624.0,109683.0,300
2026-06-09 00:25:00,109685.0,109699.0,109611.0,109616.0,300
2026-06-09 00:30:00,109615.0,109656.0,109607.0,109655.0,300
2026-06-09 00:35:00,109656.0,109660.0,109620.0,109624.0,300
2026-06-09 00:40:00,109622.0,109650.0,109605.0,109638.0,300
2026-06-09 00:45:00,109639.0,109657.0,109594.0,109600.0,300
2026-06-09 00:50:00,109598.0,109621.0,109576.0,109611.0,300
2026-06-09 00:55:00,109612.0,109644.0,109610.0,109617.0,300
2026-06-09 01:00:00,109615.0,109624.0,109587.0,109594.0,300
2026-06-09 01:05:00,109592.0,109636.0,109590.0,109615.0,300
2026-06-09 01:10:00,109616.0,109626.0,109578.0,109581.0,300
2026-06-09 01:15:00,109580.0,109589.0,109549.0,109552.0,300
2026-06-09 01:20:00,109554.0,109579.0,109538.0,109577.0,300
2026-06-09 01:25:00,109576.0,109587.0,109512.0,109512.0,300
2026-06-09 01:30:00,109510.0,109538.0,109505.0,109525.0,300
2026-06-09 01:35:00,109526.0,109532.0,109454.0,109456.0,300
2026-06-09 01:40:00,109455.0,109500.0,109443.0,109496.0,300
2026-06-09 01:45:00,109495.0,109502.0,109459.0,109474.0,300
2026-06-09 01:50:00,109476.0,109482.0,109454.0,109467.0,300
2026-06-09 01:55:00,109466.0,109475.0,109398.0,109403.0,300
2026-06-09 02:00:00,109405.0,109438.0,109400.0,109422.0,300
2026-06-09 02:05:00,109424.0,109431.0,109402.0,109427.0,300
2026-06-09 02:10:00,109429.0,109435.0,109372.0,109376.0,300
2026-06-09 02:15:00,109375.0,109397.0,109370.0,109375.0,300
2026-06-09 02:20:00,109376.0,109436.0,109376.0,109423.0,300
2026-06-09 02:25:00,109425.0,109430.0,109373.0,109395.0,300
2026-06-09 02:30:00,109396.0,109442.0,109384.0,109429.0,300
2026-06-09 02:35:00,109430.0,109445.0,109410.0,109424.0,300
2026-06-09 02:40:00,109422.0,109424.0,109393.0,109421.0,300
2026-06-09 02:45:00,109419.0,109473.0,109411.0,109456.0,300
2026-06-09 02:50:00,109454.0,109504.0,109448.0,109490.0,300
2026-06-09 02:55:00,109488.0,109533.0,109470.0,109524.0,300
2026-06-09 03:00:00,109522.0,109522.0,109453.0,109479.0,300
2026-06-09 03:05:00,109480.0,109495.0,109450.0,109456.0,300
2026-06-09 03:10:00,109458.0,109463.0,109426.0,109429.0,300
2026-06-09 03:15:00,109427.0,109479.0,109426.0,109477.0,300
2026-06-09 03:20:00,109475.0,109519.0,109475.0,109515.0,300
2026-06-09 03:25:00,109514.0,109515.0,109476.0,109483.0,300
2026-06-09 03:30:00,109485.0,109494.0,109425.0,109430.0,300
2026-06-09 03:35:00,109428.0,109449.0,109409.0,109449.0,300
2026-06-09 03:40:00,109447.0,109467.0,109433.0,109438.0,300
2026-06-09 03:45:00,109439.0,109485.0,109433.0,109485.0,300
2026-06-09 03:50:00,109484.0,109563.0,109484.0,109559.0,300
2026-06-09 03:55:00,109557.0,109564.0,109533.0,109555.0,300
2026-06-09 04:00:00,109556.0,109616.0,109555.0,109612.0,300
2026-06-09 04:05:00,109611.0,109627.0,109599.0,109616.0,300
2026-06-09 04:10:00,109618.0,109665.0,109608.0,109642.0,300
2026-06-09 04:15:00,109640.0,109686.0,109637.0,109683.0,300
2026-06-09 04:20:00,109684.0,109698.0,109654.0,109698.0,300
2026-06-09 04:25:00,109700.0,109751.0,109700.0,109706.0,300
2026-06-09 04:30:00,109705.0,109734.0,109698.0,109698.0,300
2026-06-09 04:35:00,109699.0,109705.0,109676.0,109679.0,300
2026-06-09 04:40:00,109678.0,109703.0,109656.0,109672.0,300
2026-06-09 04:45:00,109671.0,109685.0,109658.0,109663.0,300
2026-06-09 04:50:00,109665.0,109673.0,109615.0,109617.0,300
2026-06-09 04:55:00,109618.0,109633.0,109602.0,109623.0,300
2026-06-09 05:00:00,109624.0,109640.0,109595.0,109624.0,300
2026-06-09 05:05:00,109622.0,109630.0,109602.0,109616.0,300
2026-06-09 05:10:00,109617.0,109626.0,109593.0,109611.0,300
2026-06-09 05:15:00,109613.0,109614.0,109563.0,109563.0,300
2026-06-09 05:20:00,109562.0,109562.0,109523.0,109523.0,300
2026-06-09 05:25:00,109525.0,109535.0,109495.0,109510.0,300
2026-06-09 05:30:00,109509.0,109528.0,109495.0,109500.0,300
2026-06-09 05:35:00,109498.0,109523.0,109492.0,109516.0,300
2026-06-09 05:40:00,109515.0,109575.0,109515.0,109554.0,300
2026-06-09 05:45:00,109552.0,109574.0,109540.0,109557.0,300
2026-06-09 05:50:00,109555.0,109574.0,109527.0,109558.0,300
2026-06-09 05:55:00,109557.0,109557.0,109481.0,109494.0,300
2026-06-09 06:00:00,109496.0,109503.0,109466.0,109485.0,300
2026-06-09 06:05:00,109486.0,109495.0,109464.0,109466.0,300
2026-06-09 06:10:00,109468.0,109490.0,109465.0,109472.0,300
2026-06-09 06:15:00,109471.0,109475.0,109420.0,109445.0,300
2026-06-09 06:20:00,109447.0,109467.0,109428.0,109467.0,300
2026-06-09 06:25:00,109468.0,109488.0,109461.0,109478.0,300
2026-06-09 06:30:00,109477.0,109480.0,109443.0,109451.0,300
2026-06-09 06:35:00,109450.0,109478.0,109430.0,109444.0,300
2026-06-09 06:40:00,109443.0,109443.0,109405.0,109432.0,300
2026-06-09 06:45:00,109434.0,109437.0,109405.0,109430.0,300
2026-06-09 06:50:00,109429.0,109440.0,109407.0,109418.0,300
2026-06-09 06:55:00,109417.0,109437.0,109402.0,109430.0,300
2026-06-09 07:00:00,109432.0,109452.0,109426.0,109426.0,300
2026-06-09 07:05:00,109428.0,109463.0,109418.0,109449.0,300
2026-06-09 07:10:00,109450.0,109474.0,109440.0,109440.0,300
2026-06-09 07:15:00,109442.0,109479.0,109434.0,109436.0,300
2026-06-09 07:20:00,109438.0,109453.0,109404.0,109415.0,300
2026-06-09 07:25:00,109414.0,109439.0,109399.0,109412.0,300
2026-06-09 07:30:00,109413.0,109474.0,109412.0,109463.0,300
2026-06-09 07:35:00,109465.0,109492.0,109452.0,109491.0,300
2026-06-09 07:40:00,109490.0,109514.0,109490.0,109506.0,300
2026-06-09 07:45:00,109505.0,109512.0,109480.0,109484.0,300
2026-06-09 07:50:00,109486.0,109516.0,109475.0,109507.0,300
2026-06-09 07:55:00,109505.0,109557.0,109497.0,109553.0,300
2026-06-09 08:00:00,109552.0,109565.0,109535.0,109562.0,300
2026-06-09 08:05:00,109560.0,109617.0,109536.0,109617.0,300
2026-06-09 08:10:00,109619.0,109629.0,109578.0,109578.0,300
2026-06-09 08:15:00,109579.0,109582.0,109556.0,109575.0,300
2026-06-09 08:20:00,109576.0,109628.0,109575.0,109617.0,300
2026-06-09 08:25:00,109615.0,109616.0,109544.0,109557.0,300
2026-06-09 08:30:00,109556.0,109582.0,109551.0,109568.0,300
2026-06-09 08:35:00,109567.0,109588.0,109559.0,109582.0,300
2026-06-09 08:40:00,109580.0,109585.0,109535.0,109550.0,300
2026-06-09 08:45:00,109551.0,109567.0,109532.0,109548.0,300
2026-06-09 08:50:00,109546.0,109546.0,109518.0,109537.0,300
2026-06-09 08:55:00,109539.0,109540.0,109507.0,109524.0,300
2026-06-09 09:00:00,109525.0,109551.0,109522.0,109541.0,300
2026-06-09 09:05:00,109539.0,109557.0,109524.0,109550.0,300
2026-06-09 09:10:00,109549.0,109550.0,109513.0,109536.0,300
2026-06-09 09:15:00,109537.0,109569.0,109532.0,109559.0,300
2026-06-09 09:20:00,109560.0,109563.0,109545.0,109552.0,300
2026-06-09 09:25:00,109554.0,109554.0,109510.0,109513.0,300
2026-06-09 09:30:00,109514.0,109536.0,109509.0,109513.0,300
2026-06-09 09:35:00,109512.0,109522.0,109487.0,109494.0,300
2026-06-09 09:40:00,109496.0,109508.0,109477.0,109498.0,300
2026-06-09 09:45:00,109500.0,109545.0,109500.0,109527.0,300
2026-06-09 09:50:00,109525.0,109565.0,109525.0,109550.0,300
2026-06-09 09:55:00,109552.0,109572.0,109543.0,109572.0,300
2026-06-09 10:00:00,109571.0,109618.0,109566.0,109615.0,300
2026-06-09 10:05:00,109614.0,109637.0,109591.0,109600.0,300
2026-06-09 10:10:00,109601.0,109614.0,109592.0,109602.0,300
2026-06-09 10:15:00,109600.0,109629.0,109584.0,109626.0,300
2026-06-09 10:20:00,109625.0,109648.0,109605.0,109636.0,300
2026-06-09 10:25:00,109637.0,109666.0,109627.0,109633.0,300
2026-06-09 10:30:00,109634.0,109640.0,109604.0,109607.0,300
2026-06-09 10:35:00,109605.0,109608.0,109531.0,109533.0,300
2026-06-09 10:40:00,109535.0,109542.0,109520.0,109534.0,300
2026-06-09 10:45:00,109533.0,109574.0,109529.0,109560.0,300
2026-06-09 10:50:00,109561.0,109561.0,109533.0,109543.0,300
2026-06-09 10:55:00,109544.0,109558.0,109523.0,109530.0,300
2026-06-09 11:00:00,109532.0,109532.0,109470.0,109488.0,300
2026-06-09 11:05:00,109486.0,109496.0,109425.0,109440.0,300
2026-06-09 11:10:00,109442.0,109450.0,109425.0,109433.0,300
2026-06-09 11:15:00,109432.0,109438.0,109400.0,109426.0,300
2026-06-09 11:20:00,109427.0,109452.0,109418.0,109435.0,300
2026-06-09 11:25:00,109436.0,109443.0,109408.0,109416.0,300
2026-06-09 11:30:00,109418.0,109446.0,109409.0,109432.0,300
2026-06-09 11:35:00,109431.0,109456.0,109401.0,109402.0,300
2026-06-09 11:40:00,109403.0,109435.0,109393.0,109434.0,300
2026-06-09 11:45:00,109435.0,109449.0,109415.0,109432.0,300
2026-06-09 11:50:00,109430.0,109445.0,109411.0,109413.0,300
2026-06-09 11:55:00,109412.0,109418.0,109368.0,109368.0,300
2026-06-09 12:00:00,109366.0,109397.0,109358.0,109397.0,300
2026-06-09 12:05:00,109395.0,109434.0,109392.0,109429.0,300
2026-06-09 12:10:00,109427.0,109460.0,109422.0,109452.0,300
2026-06-09 12:15:00,109451.0,109468.0,109448.0,109464.0,300
2026-06-09 12:20:00,109466.0,109466.0,109441.0,109450.0,300
2026-06-09 12:25:00,109448.0,109488.0,109442.0,109452.0,300
2026-06-09 12:30:00,109453.0,109464.0,109371.0,109372.0,300
2026-06-09 12:35:00,109370.0,109380.0,109346.0,109376.0,300
2026-06-09 12:40:00,109377.0,109400.0,109354.0,109356.0,300
2026-06-09 12:45:00,109357.0,109366.0,109343.0,109362.0,300
2026-06-09 12:50:00,109363.0,109381.0,109353.0,109361.0,300
2026-06-09 12:55:00,109363.0,109401.0,109344.0,109391.0,300
2026-06-09 13:00:00,109393.0,109425.0,109391.0,109423.0,300
2026-06-09 13:05:00,109422.0,109430.0,109384.0,109411.0,300
2026-06-09 13:10:00,109410.0,109430.0,109388.0,109423.0,300
2026-06-09 13:15:00,109421.0,109465.0,109416.0,109440.0,300
2026-06-09 13:20:00,109439.0,109461.0,109425.0,109433.0,300
2026-06-09 13:25:00,109432.0,109442.0,109397.0,109401.0,300
2026-06-09 13:30:00,109400.0,109441.0,109384.0,109427.0,300
2026-06-09 13:35:00,109426.0,109430.0,109377.0,109381.0,300
2026-06-09 13:40:00,109382.0,109395.0,109351.0,109388.0,300
2026-06-09 13:45:00,109389.0,109404.0,109366.0,109372.0,300
2026-06-09 13:50:00,109374.0,109389.0,109361.0,109383.0,300
2026-06-09 13:55:00,109381.0,109394.0,109360.0,109365.0,300
2026-06-09 14:00:00,109364.0,109406.0,109364.0,109402.0,300
2026-06-09 14:05:00,109404.0,109448.0,109400.0,109440.0,300
2026-06-09 14:10:00,109442.0,109451.0,109431.0,109439.0,300
2026-06-09 14:15:00,109440.0,109441.0,109395.0,109404.0,300
2026-06-09 14:20:00,109403.0,109452.0,109394.0,109436.0,300
2026-06-09 14:25:00,109437.0,109477.0,109434.0,109459.0,300
2026-06-09 14:30:00,109461.0,109475.0,109438.0,109448.0,300
2026-06-09 14:35:00,109449.0,109460.0,109408.0,109429.0,300
2026-06-09 14:40:00,109428.0,109463.0,109410.0,109451.0,300
2026-06-09 14:45:00,109453.0,109488.0,109442.0,109455.0,300
2026-06-09 14:50:00,109454.0,109516.0,109444.0,109514.0,300
2026-06-09 14:55:00,109515.0,109550.0,109511.0,109520.0,300
2026-06-09 15:00:00,109522.0,109536.0,109499.0,109526.0,300
2026-06-09 15:05:00,109524.0,109557.0,109509.0,109549.0,300
2026-06-09 15:10:00,109547.0,109604.0,109542.0,109596.0,300
2026-06-09 15:15:00,109598.0,109629.0,109589.0,109615.0,300
2026-06-09 15:20:00,109617.0,109629.0,109607.0,109626.0,300
2026-06-09 15:25:00,109624.0,109635.0,109610.0,109627.0,300
2026-06-09 15:30:00,109628.0,109653.0,109620.0,109637.0,300
2026-06-09 15:35:00,109635.0,109635.0,109579.0,109583.0,300
2026-06-09 15:40:00,109584.0,109589.0,109563.0,109574.0,300
2026-06-09 15:45:00,109573.0,109589.0,109556.0,109584.0,300
2026-06-09 15:50:00,109585.0,109588.0,109530.0,109546.0,300
2026-06-09 15:55:00,109547.0,109564.0,109538.0,109549.0,300
2026-06-09 16:00:00,109551.0,109558.0,109516.0,109521.0,300
2026-06-09 16:05:00,109523.0,109590.0,109521.0,109573.0,300
2026-06-09 16:10:00,109575.0,109623.0,109567.0,109604.0,300
2026-06-09 16:15:00,109606.0,109642.0,109606.0,109636.0,300
2026-06-09 16:20:00,109635.0,109645.0,109607.0,109635.0,300
2026-06-09 16:25:00,109634.0,109660.0,109619.0,109622.0,300
2026-06-09 16:30:00,109621.0,109663.0,109618.0,109663.0,300
2026-06-09 16:35:00,109664.0,109685.0,109632.0,109644.0,300
2026-06-09 16:40:00,109643.0,109647.0,109595.0,109612.0,300
2026-06-09 16:45:00,109614.0,109616.0,109570.0,109608.0,300
2026-06-09 16:50:00,109609.0,109635.0,109598.0,109603.0,300
2026-06-09 16:55:00,109601.0,109625.0,109582.0,109586.0,300
2026-06-09 17:00:00,109587.0,109598.0,109571.0,109597.0,300
2026-06-09 17:05:00,109596.0,109618.0,109578.0,109593.0,300
2026-06-09 17:10:00,109591.0,109609.0,109568.0,109571.0,300
2026-06-09 17:15:00,109569.0,109579.0,109546.0,109569.0,300
2026-06-09 17:20:00,109567.0,109567.0,109545.0,109559.0,300
2026-06-09 17:25:00,109557.0,109570.0,109530.0,109549.0,300
2026-06-09 17:30:00,109550.0,109552.0,109507.0,109532.0,300
2026-06-09 17:35:00,109531.0,109532.0,109492.0,109499.0,300
2026-06-09 17:40:00,109501.0,109521.0,109473.0,109484.0,300
2026-06-09 17:45:00,109486.0,109490.0,109458.0,109462.0,300
2026-06-09 17:50:00,109463.0,109470.0,109446.0,109460.0,300
2026-06-09 17:55:00,109459.0,109462.0,109396.0,109421.0,300
2026-06-09 18:00:00,109419.0,109450.0,109402.0,109446.0,300
2026-06-09 18:05:00,109448.0,109471.0,109443.0,109466.0,300
2026-06-09 18:10:00,109465.0,109478.0,109429.0,109434.0,300
2026-06-09 18:15:00,109432.0,109465.0,109423.0,109457.0,300
2026-06-09 18:20:00,109458.0,109462.0,109421.0,109429.0,300
2026-06-09 18:25:00,109430.0,109452.0,109428.0,109438.0,300
2026-06-09 18:30:00,109439.0,109455.0,109436.0,109453.0,300
2026-06-09 18:35:00,109452.0,109482.0,109449.0,109482.0,300
2026-06-09 18:40:00,109484.0,109488.0,109415.0,109416.0,300
2026-06-09 18:45:00,109418.0,109447.0,109411.0,109432.0,300
2026-06-09 18:50:00,109430.0,109459.0,109411.0,109456.0,300
2026-06-09 18:55:00,109458.0,109499.0,109447.0,109494.0,300
2026-06-09 19:00:00,109496.0,109498.0,109435.0,109435.0,300
2026-06-09 19:05:00,109436.0,109444.0,109413.0,109442.0,300
2026-06-09 19:10:00,109441.0,109462.0,109431.0,109457.0,300
2026-06-09 19:15:00,109455.0,109496.0,109448.0,109489.0,300
2026-06-09 19:20:00,109491.0,109491.0,109465.0,109487.0,300
2026-06-09 19:25:00,109488.0,109495.0,109447.0,109486.0,300
2026-06-09 19:30:00,109488.0,109516.0,109482.0,109498.0,300
2026-06-09 19:35:00,109499.0,109531.0,109494.0,109531.0,300
2026-06-09 19:40:00,109532.0,109534.0,109499.0,109506.0,300
2026-06-09 19:45:00,109508.0,109561.0,109508.0,109534.0,300
2026-06-09 19:50:00,109535.0,109539.0,109487.0,109497.0,300
2026-06-09 19:55:00,109498.0,109542.0,109486.0,109539.0,300
2026-06-09 20:00:00,109541.0,109542.0,109513.0,109518.0,300
2026-06-09 20:05:00,109517.0,109572.0,109506.0,109564.0,300
2026-06-09 20:10:00,109565.0,109594.0,109556.0,109564.0,300
2026-06-09 20:15:00,109566.0,109595.0,109566.0,109578.0,300
2026-06-09 20:20:00,109577.0,109603.0,109554.0,109589.0,300
2026-06-09 20:25:00,109588.0,109626.0,109588.0,109625.0,300
2026-06-09 20:30:00,109624.0,109669.0,109619.0,109655.0,300
2026-06-09 20:35:00,109653.0,109662.0,109633.0,109633.0,300
2026-06-09 20:40:00,109634.0,109706.0,109629.0,109694.0,300
2026-06-09 20:45:00,109696.0,109723.0,109691.0,109723.0,300
2026-06-09 20:50:00,109722.0,109739.0,109708.0,109717.0,300
2026-06-09 20:55:00,109715.0,109718.0,109683.0,109693.0,300
2026-06-09 21:00:00,109691.0,109694.0,109667.0,109680.0,300
2026-06-09 21:05:00,109679.0,109679.0,109616.0,109622.0,300
2026-06-09 21:10:00,109623.0,109642.0,109609.0,109638.0,300
2026-06-09 21:15:00,109639.0,109677.0,109638.0,109656.0,300
2026-06-09 21:20:00,109655.0,109666.0,109635.0,109647.0,300
2026-06-09 21:25:00,109646.0,109694.0,109642.0,109694.0,300
2026-06-09 21:30:00,109693.0,109715.0,109690.0,109709.0,300
2026-06-09 21:35:00,109710.0,109726.0,109701.0,109726.0,300
2026-06-09 21:40:00,109724.0,109731.0,109700.0,109719.0,300
2026-06-09 21:45:00,109717.0,109748.0,109713.0,109725.0,300
2026-06-09 21:50:00,109723.0,109726.0,109689.0,109700.0,300
2026-06-09 21:55:00,109699.0,109730.0,109698.0,109714.0,300
2026-06-09 22:00:00,109715.0,109720.0,109660.0,109674.0,300
2026-06-09 22:05:00,109672.0,109726.0,109670.0,109715.0,300
2026-06-09 22:10:00,109716.0,109731.0,109696.0,109728.0,300
2026-06-09 22:15:00,109729.0,109798.0,109729.0,109796.0,300
2026-06-09 22:20:00,109794.0,109821.0,109789.0,109806.0,300
2026-06-09 22:25:00,109805.0,109835.0,109788.0,109797.0,300
2026-06-09 22:30:00,109798.0,109823.0,109777.0,109803.0,300
2026-06-09 22:35:00,109804.0,109807.0,109781.0,109801.0,300
2026-06-09 22:40:00,109802.0,109830.0,109788.0,109799.0,300
2026-06-09 22:45:00,109800.0,109827.0,109782.0,109782.0,300
2026-06-09 22:50:00,109783.0,109806.0,109776.0,109784.0,300
2026-06-09 22:55:00,109786.0,109812.0,109785.0,109800.0,300
2026-06-09 23:00:00,109801.0,109803.0,109765.0,109789.0,300
2026-06-09 23:05:00,109787.0,109830.0,109778.0,109828.0,300
2026-06-09 23:10:00,109829.0,109846.0,109814.0,109823.0,300
2026-06-09 23:15:00,109824.0,109841.0,109815.0,109835.0,300
2026-06-09 23:20:00,109834.0,109836.0,109790.0,109795.0,300
2026-06-09 23:25:00,109793.0,109805.0,109765.0,109784.0,300
2026-06-09 23:30:00,109786.0,109826.0,109781.0,109815.0,300
2026-06-09 23:35:00,109813.0,109837.0,109797.0,109831.0,300
2026-06-09 23:40:00,109833.0,109855.0,109822.0,109850.0,300
2026-06-09 23:45:00,109851.0,109851.0,109802.0,109803.0,300
2026-06-09 23:50:00,109801.0,109831.0,109787.0,109814.0,300
2026-06-09 23:55:00,109816.0,109822.0,109740.0,109749.0,300
2026-06-10 00:00:00,109748.0,109750.0,109712.0,109744.0,300
2026-06-10 00:05:00,109743.0,109753.0,109714.0,109719.0,300
2026-06-10 00:10:00,109721.0,109728.0,109701.0,109708.0,300
2026-06-10 00:15:00,109706.0,109706.0,109659.0,109669.0,300
2026-06-10 00:20:00,109667.0,109679.0,109645.0,109654.0,300
2026-06-10 00:25:00,109655.0,109677.0,109644.0,109644.0,300
2026-06-10 00:30:00,109643.0,109667.0,109620.0,109654.0,300
2026-06-10 00:35:00,109652.0,109690.0,109652.0,109690.0,300
2026-06-10 00:40:00,109689.0,109694.0,109657.0,109691.0,300
2026-06-10 00:45:00,109689.0,109730.0,109685.0,109719.0,300
2026-06-10 00:50:00,109721.0,109729.0,109697.0,109709.0,300
2026-06-10 00:55:00,109711.0,109732.0,109690.0,109690.0,300
2026-06-10 01:00:00,109692.0,109714.0,109684.0,109699.0,300
2026-06-10 01:05:00,109698.0,109730.0,109682.0,109730.0,300
2026-06-10 01:10:00,109729.0,109740.0,109707.0,109707.0,300
2026-06-10 01:15:00,109705.0,109714.0,109686.0,109691.0,300
2026-06-10 01:20:00,109692.0,109715.0,109690.0,109706.0,300
2026-06-10 01:25:00,109705.0,109705.0,109666.0,109669.0,300
2026-06-10 01:30:00,109671.0,109682.0,109617.0,109632.0,300
2026-06-10 01:35:00,109633.0,109646.0,109603.0,109609.0,300
2026-06-10 01:40:00,109611.0,109633.0,109597.0,109616.0,300
2026-06-10 01:45:00,109614.0,109629.0,109606.0,109610.0,300
2026-06-10 01:50:00,109612.0,109626.0,109602.0,109624.0,300
2026-06-10 01:55:00,109622.0,109658.0,109622.0,109650.0,300
2026-06-10 02:00:00,109648.0,109697.0,109648.0,109675.0,300
2026-06-10 02:05:00,109677.0,109694.0,109667.0,109672.0,300
2026-06-10 02:10:00,109670.0,109678.0,109646.0,109646.0,300
2026-06-10 02:15:00,109648.0,109665.0,109616.0,109627.0,300
2026-06-10 02:20:00,109626.0,109652.0,109623.0,109631.0,300
2026-06-10 02:25:00,109629.0,109630.0,109558.0,109583.0,300
2026-06-10 02:30:00,109584.0,109625.0,109582.0,109621.0,300
2026-06-10 02:35:00,109623.0,109649.0,109617.0,109644.0,300
2026-06-10 02:40:00,109645.0,109684.0,109635.0,109662.0,300
2026-06-10 02:45:00,109661.0,109669.0,109637.0,109652.0,300
2026-06-10 02:50:00,109651.0,109675.0,109645.0,109650.0,300
2026-06-10 02:55:00,109649.0,109656.0,109635.0,109638.0,300
2026-06-10 03:00:00,109639.0,109666.0,109623.0,109646.0,300
2026-06-10 03:05:00,109647.0,109708.0,109642.0,109702.0,300
2026-06-10 03:10:00,109703.0,109703.0,109663.0,109697.0,300
2026-06-10 03:15:00,109699.0,109715.0,109679.0,109700.0,300
2026-06-10 03:20:00,109701.0,109723.0,109701.0,109705.0,300
2026-06-10 03:25:00,109707.0,109736.0,109696.0,109696.0,300
2026-06-10 03:30:00,109694.0,109706.0,109681.0,109687.0,300
2026-06-10 03:35:00,109688.0,109712.0,109668.0,109707.0,300
2026-06-10 03:40:00,109705.0,109715.0,109689.0,109703.0,300
2026-06-10 03:45:00,109701.0,109725.0,109690.0,109704.0,300
2026-06-10 03:50:00,109705.0,109752.0,109692.0,109749.0,299
2026-06-10 03:55:00,109748.0,109780.0,109730.0,109772.0,301
2026-06-10 04:00:00,109770.0,109779.0,109738.0,109743.0,299
2026-06-10 04:05:00,109744.0,109759.0,109730.0,109753.0,301
2026-06-10 04:10:00,109751.0,109753.0,109706.0,109714.0,299
2026-06-10 04:15:00,109713.0,109722.0,109697.0,109720.0,301
2026-06-10 04:20:00,109719.0,109796.0,109714.0,109791.0,299
2026-06-10 04:25:00,109793.0,109815.0,109771.0,109773.0,300
2026-06-10 04:30:00,109774.0,109797.0,109747.0,109758.0,300
2026-06-10 04:35:00,109756.0,109811.0,109754.0,109800.0,300
2026-06-10 04:40:00,109802.0,109841.0,109791.0,109841.0,300
2026-06-10 04:45:00,109840.0,109905.0,109831.0,109905.0,300
2026-06-10 04:50:00,109903.0,109904.0,109872.0,109875.0,300
2026-06-10 04:55:00,109874.0,109878.0,109836.0,109836.0,300
2026-06-10 05:00:00,109834.0,109850.0,109808.0,109822.0,300
2026-06-10 05:05:00,109823.0,109854.0,109816.0,109840.0,300
2026-06-10 05:10:00,109841.0,109851.0,109822.0,109836.0,300
2026-06-10 05:15:00,109835.0,109865.0,109835.0,109856.0,300
2026-06-10 05:20:00,109855.0,109862.0,109836.0,109841.0,300
2026-06-10 05:25:00,109840.0,109861.0,109825.0,109860.0,300
2026-06-10 05:30:00,109859.0,109870.0,109837.0,109870.0,300
2026-06-10 05:35:00,109869.0,109893.0,109856.0,109893.0,300
2026-06-10 05:40:00,109894.0,109910.0,109876.0,109894.0,300
2026-06-10 05:45:00,109893.0,109902.0,109864.0,109865.0,300
2026-06-10 05:50:00,109864.0,109868.0,109814.0,109825.0,300
2026-06-10 05:55:00,109826.0,109829.0,109809.0,109819.0,300
2026-06-10 06:00:00,109821.0,109842.0,109806.0,109839.0,300
2026-06-10 06:05:00,109838.0,109889.0,109833.0,109886.0,300
2026-06-10 06:10:00,109888.0,109938.0,109876.0,109934.0,300
2026-06-10 06:15:00,109932.0,109957.0,109922.0,109939.0,300
2026-06-10 06:20:00,109937.0,109946.0,109917.0,109936.0,300
2026-06-10 06:25:00,109938.0,109986.0,109937.0,109968.0,300
2026-06-10 06:30:00,109966.0,109971.0,109938.0,109944.0,300
2026-06-10 06:35:00,109945.0,109972.0,109945.0,109952.0,300
2026-06-10 06:40:00,109950.0,109951.0,109887.0,109889.0,300
2026-06-10 06:45:00,109890.0,109901.0,109867.0,109869.0,300
2026-06-10 06:50:00,109867.0,109883.0,109850.0,109874.0,300
2026-06-10 06:55:00,109876.0,109884.0,109864.0,109868.0,300
2026-06-10 07:00:00,109869.0,109929.0,109862.0,109924.0,300
2026-06-10 07:05:00,109926.0,109976.0,109924.0,109956.0,300
2026-06-10 07:10:00,109954.0,109967.0,109926.0,109926.0,300
2026-06-10 07:15:00,109927.0,109953.0,109910.0,109940.0,300
2026-06-10 07:20:00,109941.0,109969.0,109911.0,109914.0,300
2026-06-10 07:25:00,109915.0,109928.0,109903.0,109915.0,300
2026-06-10 07:30:00,109917.0,109956.0,109907.0,109915.0,300
2026-06-10 07:35:00,109917.0,109917.0,109859.0,109863.0,300
2026-06-10 07:40:00,109862.0,109875.0,109840.0,109855.0,300
2026-06-10 07:45:00,109854.0,109857.0,109827.0,109856.0,300
2026-06-10 07:50:00,109858.0,109862.0,109825.0,109860.0,300
2026-06-10 07:55:00,109861.0,109898.0,109842.0,109880.0,300
2026-06-10 08:00:00,109882.0,109907.0,109865.0,109907.0,300
2026-06-10 08:05:00,109909.0,109931.0,109889.0,109892.0,300
2026-06-10 08:10:00,109893.0,109903.0,109845.0,109853.0,300
2026-06-10 08:15:00,109855.0,109858.0,109830.0,109836.0,300
2026-06-10 08:20:00,109837.0,109844.0,109801.0,109817.0,300
2026-06-10 08:25:00,109816.0,109848.0,109807.0,109843.0,300
2026-06-10 08:30:00,109845.0,109849.0,109808.0,109819.0,300
2026-06-10 08:35:00,109821.0,109833.0,109770.0,109792.0,300
2026-06-10 08:40:00,109793.0,109841.0,109793.0,109837.0,300
2026-06-10 08:45:00,109835.0,109861.0,109825.0,109852.0,300
2026-06-10 08:50:00,109854.0,109904.0,109844.0,109877.0,300
2026-06-10 08:55:00,109879.0,109902.0,109879.0,109889.0,300
2026-06-10 09:00:00,109888.0,109899.0,109835.0,109875.0,300
2026-06-10 09:05:00,109873.0,109909.0,109855.0,109906.0,300
2026-06-10 09:10:00,109905.0,109911.0,109881.0,109909.0,300
2026-06-10 09:15:00,109911.0,109919.0,109871.0,109876.0,300
2026-06-10 09:20:00,109877.0,109890.0,109849.0,109868.0,300
2026-06-10 09:25:00,109869.0,109899.0,109856.0,109894.0,300
2026-06-10 09:30:00,109892.0,109893.0,109862.0,109884.0,300
2026-06-10 09:35:00,109883.0,109897.0,109866.0,109884.0,300
2026-06-10 09:40:00,109886.0,109888.0,109823.0,109832.0,300
2026-06-10 09:45:00,109833.0,109833.0,109772.0,109782.0,300
2026-06-10 09:50:00,109781.0,109818.0,109777.0,109802.0,300
2026-06-10 09:55:00,109804.0,109809.0,109784.0,109801.0,300
2026-06-10 10:00:00,109799.0,109822.0,109775.0,109817.0,300
2026-06-10 10:05:00,109819.0,109881.0,109819.0,109874.0,300
2026-06-10 10:10:00,109875.0,109877.0,109810.0,109812.0,300
2026-06-10 10:15:00,109814.0,109817.0,109764.0,109764.0,300
2026-06-10 10:20:00,109763.0,109771.0,109755.0,109770.0,300
2026-06-10 10:25:00,109771.0,109791.0,109759.0,109767.0,300
2026-06-10 10:30:00,109766.0,109788.0,109750.0,109779.0,300
2026-06-10 10:35:00,109778.0,109794.0,109761.0,109773.0,300
2026-06-10 10:40:00,109772.0,109782.0,109746.0,109782.0,300
2026-06-10 10:45:00,109781.0,109846.0,109775.0,109827.0,300
2026-06-10 10:50:00,109829.0,109878.0,109828.0,109862.0,300
2026-06-10 10:55:00,109863.0,109877.0,109840.0,109867.0,300
2026-06-10 11:00:00,109869.0,109880.0,109853.0,109877.0,300
2026-06-10 11:05:00,109879.0,109890.0,109829.0,109855.0,300
2026-06-10 11:10:00,109854.0,109881.0,109847.0,109878.0,300
2026-06-10 11:15:00,109876.0,109895.0,109867.0,109894.0,300
2026-06-10 11:20:00,109895.0,109914.0,109874.0,109914.0,300
2026-06-10 11:25:00,109916.0,109923.0,109893.0,109897.0,300
2026-06-10 11:30:00,109895.0,109919.0,109874.0,109874.0,300
2026-06-10 11:35:00,109875.0,109903.0,109872.0,109888.0,300
2026-06-10 11:40:00,109886.0,109943.0,109871.0,109934.0,300
2026-06-10 11:45:00,109935.0,109966.0,109932.0,109936.0,300
2026-06-10 11:50:00,109938.0,109981.0,109934.0,109975.0,300
2026-06-10 11:55:00,109976.0,110013.0,109975.0,110010.0,300
2026-06-10 12:00:00,110009.0,110010.0,109965.0,109967.0,300
2026-06-10 12:05:00,109969.0,109975.0,109948.0,109959.0,300
2026-06-10 12:10:00,109957.0,109973.0,109946.0,109957.0,300
2026-06-10 12:15:00,109958.0,109960.0,109915.0,109923.0,300
2026-06-10 12:20:00,109924.0,109967.0,109920.0,109965.0,300
2026-06-10 12:25:00,109964.0,109967.0,109925.0,109951.0,300
2026-06-10 12:30:00,109952.0,109985.0,109944.0,109982.0,300
2026-06-10 12:35:00,109980.0,109996.0,109964.0,109975.0,300
2026-06-10 12:40:00,109974.0,109983.0,109960.0,109962.0,300
2026-06-10 12:45:00,109961.0,109978.0,109943.0,109961.0,300
2026-06-10 12:50:00,109963.0,109995.0,109956.0,109982.0,300
2026-06-10 12:55:00,109980.0,109985.0,109946.0,109947.0,300
2026-06-10 13:00:00,109946.0,109970.0,109938.0,109970.0,300
2026-06-10 13:05:00,109971.0,109992.0,109966.0,109975.0,300
2026-06-10 13:10:00,109977.0,109983.0,109932.0,109941.0,300
2026-06-10 13:15:00,109939.0,109964.0,109939.0,109953.0,300
2026-06-10 13:20:00,109951.0,110008.0,109951.0,110002.0,300
2026-06-10 13:25:00,110001.0,110038.0,109996.0,110007.0,300
2026-06-10 13:30:00,110008.0,110023.0,110004.0,110018.0,300
2026-06-10 13:35:00,110016.0,110080.0,110011.0,110080.0,300
2026-06-10 13:40:00,110079.0,110117.0,110070.0,110113.0,300
2026-06-10 13:45:00,110112.0,110147.0,110112.0,110120.0,300
2026-06-10 13:50:00,110119.0,110134.0,110100.0,110119.0,300
2026-06-10 13:55:00,110121.0,110137.0,110096.0,110122.0,300
2026-06-10 14:00:00,110124.0,110144.0,110103.0,110115.0,300
2026-06-10 14:05:00,110113.0,110151.0,110095.0,110125.0,300
2026-06-10 14:10:00,110126.0,110138.0,110098.0,110108.0,300
2026-06-10 14:15:00,110110.0,110135.0,110101.0,110124.0,300
2026-06-10 14:20:00,110122.0,110185.0,110113.0,110174.0,300
2026-06-10 14:25:00,110176.0,110206.0,110159.0,110196.0,300
2026-06-10 14:30:00,110198.0,110210.0,110179.0,110207.0,300
2026-06-10 14:35:00,110205.0,110244.0,110205.0,110241.0,300
2026-06-10 14:40:00,110239.0,110253.0,110222.0,110237.0,300
2026-06-10 14:45:00,110239.0,110249.0,110224.0,110238.0,300
2026-06-10 14:50:00,110236.0,110265.0,110221.0,110261.0,300
2026-06-10 14:55:00,110263.0,110270.0,110237.0,110239.0,300
2026-06-10 15:00:00,110240.0,110272.0,110223.0,110267.0,300
2026-06-10 15:05:00,110266.0,110271.0,110236.0,110249.0,300
2026-06-10 15:10:00,110248.0,110289.0,110240.0,110248.0,300
2026-06-10 15:15:00,110247.0,110265.0,110229.0,110231.0,300
2026-06-10 15:20:00,110229.0,110253.0,110221.0,110239.0,300
2026-06-10 15:25:00,110241.0,110243.0,110215.0,110228.0,300
2026-06-10 15:30:00,110226.0,110238.0,110165.0,110173.0,300
2026-06-10 15:35:00,110175.0,110183.0,110160.0,110173.0,300
2026-06-10 15:40:00,110171.0,110186.0,110154.0,110164.0,300
2026-06-10 15:45:00,110166.0,110166.0,110119.0,110131.0,300
2026-06-10 15:50:00,110130.0,110132.0,110094.0,110123.0,300
2026-06-10 15:55:00,110124.0,110130.0,110094.0,110096.0,300
2026-06-10 16:00:00,110097.0,110098.0,110052.0,110071.0,300
2026-06-10 16:05:00,110072.0,110129.0,110057.0,110119.0,300
2026-06-10 16:10:00,110118.0,110140.0,110088.0,110127.0,300
2026-06-10 16:15:00,110129.0,110134.0,110088.0,110105.0,300
2026-06-10 16:20:00,110107.0,110123.0,110094.0,110097.0,300
2026-06-10 16:25:00,110098.0,110101.0,110070.0,110078.0,300
2026-06-10 16:30:00,110076.0,110076.0,110039.0,110050.0,300
2026-06-10 16:35:00,110049.0,110090.0,110034.0,110089.0,300
2026-06-10 16:40:00,110090.0,110110.0,110088.0,110095.0,300
2026-06-10 16:45:00,110094.0,110118.0,110086.0,110090.0,300
2026-06-10 16:50:00,110092.0,110131.0,110084.0,110122.0,300
2026-06-10 16:55:00,110120.0,110154.0,110110.0,110127.0,300
2026-06-10 17:00:00,110126.0,110126.0,110064.0,110064.0,300
2026-06-10 17:05:00,110065.0,110126.0,110061.0,110120.0,300
2026-06-10 17:10:00,110122.0,110191.0,110112.0,110161.0,300
2026-06-10 17:15:00,110159.0,110188.0,110144.0,110180.0,300
2026-06-10 17:20:00,110178.0,110228.0,110176.0,110214.0,300
2026-06-10 17:25:00,110216.0,110231.0,110196.0,110205.0,300
2026-06-10 17:30:00,110203.0,110208.0,110165.0,110166.0,300
2026-06-10 17:35:00,110165.0,110185.0,110141.0,110169.0,300
2026-06-10 17:40:00,110167.0,110219.0,110160.0,110208.0,300
2026-06-10 17:45:00,110209.0,110218.0,110182.0,110195.0,300
2026-06-10 17:50:00,110194.0,110225.0,110177.0,110178.0,300
2026-06-10 17:55:00,110177.0,110182.0,110136.0,110142.0,300
2026-06-10 18:00:00,110140.0,110159.0,110125.0,110125.0,300
2026-06-10 18:05:00,110126.0,110167.0,110122.0,110164.0,300
2026-06-10 18:10:00,110163.0,110164.0,110132.0,110149.0,300
2026-06-10 18:15:00,110151.0,110164.0,110132.0,110136.0,300
2026-06-10 18:20:00,110137.0,110144.0,110083.0,110091.0,300
2026-06-10 18:25:00,110089.0,110139.0,110089.0,110125.0,300
2026-06-10 18:30:00,110124.0,110134.0,110085.0,110106.0,300
2026-06-10 18:35:00,110104.0,110112.0,110074.0,110098.0,300
2026-06-10 18:40:00,110099.0,110130.0,110099.0,110123.0,300
2026-06-10 18:45:00,110122.0,110124.0,110076.0,110092.0,300
2026-06-10 18:50:00,110091.0,110112.0,110074.0,110080.0,300
2026-06-10 18:55:00,110078.0,110100.0,110069.0,110074.0,300
2026-06-10 19:00:00,110075.0,110083.0,110049.0,110051.0,300
2026-06-10 19:05:00,110052.0,110069.0,110036.0,110049.0,300
2026-06-10 19:10:00,110048.0,110089.0,110048.0,110067.0,300
2026-06-10 19:15:00,110065.0,110085.0,110038.0,110065.0,300
2026-06-10 19:20:00,110066.0,110116.0,110058.0,110113.0,300
2026-06-10 19:25:00,110114.0,110119.0,110068.0,110086.0,300
2026-06-10 19:30:00,110084.0,110094.0,110068.0,110079.0,300
2026-06-10 19:35:00,110077.0,110102.0,110074.0,110102.0,300
2026-06-10 19:40:00,110101.0,110110.0,110058.0,110063.0,300
2026-06-10 19:45:00,110061.0,110086.0,110048.0,110050.0,300
2026-06-10 19:50:00,110048.0,110058.0,110031.0,110050.0,300
2026-06-10 19:55:00,110051.0,110066.0,110037.0,110065.0,300
2026-06-10 20:00:00,110064.0,110134.0,110062.0,110130.0,300
2026-06-10 20:05:00,110131.0,110154.0,110118.0,110138.0,300
2026-06-10 20:10:00,110140.0,110165.0,110113.0,110113.0,300
2026-06-10 20:15:00,110112.0,110153.0,110101.0,110128.0,300
2026-06-10 20:20:00,110130.0,110144.0,110109.0,110128.0,300
2026-06-10 20:25:00,110130.0,110179.0,110130.0,110158.0,300
2026-06-10 20:30:00,110160.0,110173.0,110142.0,110171.0,300
2026-06-10 20:35:00,110172.0,110184.0,110147.0,110147.0,300
2026-06-10 20:40:00,110149.0,110149.0,110096.0,110104.0,300
2026-06-10 20:45:00,110103.0,110141.0,110101.0,110141.0,300
2026-06-10 20:50:00,110139.0,110160.0,110121.0,110151.0,300
2026-06-10 20:55:00,110150.0,110176.0,110146.0,110157.0,300
2026-06-10 21:00:00,110158.0,110181.0,110146.0,110180.0,300
2026-06-10 21:05:00,110182.0,110224.0,110172.0,110221.0,300
2026-06-10 21:10:00,110220.0,110232.0,110156.0,110167.0,300
2026-06-10 21:15:00,110168.0,110179.0,110148.0,110159.0,300
2026-06-10 21:20:00,110160.0,110173.0,110143.0,110167.0,300
2026-06-10 21:25:00,110168.0,110209.0,110164.0,110200.0,300
2026-06-10 21:30:00,110202.0,110238.0,110194.0,110211.0,300
2026-06-10 21:35:00,110209.0,110246.0,110208.0,110231.0,300
2026-06-10 21:40:00,110230.0,110290.0,110223.0,110256.0,300
2026-06-10 21:45:00,110257.0,110268.0,110245.0,110253.0,300
2026-06-10 21:50:00,110254.0,110273.0,110235.0,110246.0,300
2026-06-10 21:55:00,110248.0,110262.0,110213.0,110216.0,300
2026-06-10 22:00:00,110215.0,110240.0,110206.0,110235.0,300
2026-06-10 22:05:00,110236.0,110252.0,110222.0,110222.0,300
2026-06-10 22:10:00,110224.0,110283.0,110221.0,110267.0,300
2026-06-10 22:15:00,110268.0,110326.0,110268.0,110302.0,300
2026-06-10 22:20:00,110304.0,110337.0,110290.0,110337.0,300
2026-06-10 22:25:00,110336.0,110347.0,110315.0,110322.0,300
2026-06-10 22:30:00,110320.0,110332.0,110303.0,110309.0,300
2026-06-10 22:35:00,110307.0,110335.0,110303.0,110323.0,300
2026-06-10 22:40:00,110325.0,110326.0,110277.0,110282.0,300
2026-06-10 22:45:00,110284.0,110326.0,110282.0,110317.0,300
2026-06-10 22:50:00,110316.0,110350.0,110311.0,110336.0,300
2026-06-10 22:55:00,110335.0,110352.0,110321.0,110342.0,300
2026-06-10 23:00:00,110343.0,110357.0,110337.0,110344.0,300
2026-06-10 23:05:00,110346.0,110380.0,110339.0,110367.0,300
2026-06-10 23:10:00,110368.0,110389.0,110365.0,110371.0,300
2026-06-10 23:15:00,110373.0,110374.0,110327.0,110327.0,300
2026-06-10 23:20:00,110329.0,110376.0,110326.0,110366.0,300
2026-06-10 23:25:00,110367.0,110405.0,110348.0,110397.0,300
2026-06-10 23:30:00,110396.0,110409.0,110372.0,110392.0,300
2026-06-10 23:35:00,110393.0,110408.0,110371.0,110372.0,300
2026-06-10 23:40:00,110374.0,110374.0,110325.0,110335.0,300
2026-06-10 23:45:00,110333.0,110367.0,110322.0,110358.0,300
2026-06-10 23:50:00,110360.0,110389.0,110350.0,110388.0,300
2026-06-10 23:55:00,110389.0,110420.0,110377.0,110411.0,300
2026-06-11 00:00:00,110409.0,110426.0,110387.0,110394.0,300
2026-06-11 00:05:00,110396.0,110422.0,110373.0,110418.0,300
2026-06-11 00:10:00,110416.0,110419.0,110390.0,110395.0,300
2026-06-11 00:15:00,110397.0,110409.0,110375.0,110391.0,300
2026-06-11 00:20:00,110392.0,110393.0,110348.0,110360.0,300
2026-06-11 00:25:00,110361.0,110362.0,110305.0,110320.0,300
2026-06-11 00:30:00,110322.0,110333.0,110293.0,110330.0,300
2026-06-11 00:35:00,110331.0,110341.0,110308.0,110312.0,300
2026-06-11 00:40:00,110313.0,110320.0,110275.0,110276.0,300
2026-06-11 00:45:00,110277.0,110291.0,110258.0,110281.0,300
2026-06-11 00:50:00,110279.0,110304.0,110267.0,110270.0,300
2026-06-11 00:55:00,110269.0,110275.0,110214.0,110220.0,300
2026-06-11 01:00:00,110221.0,110296.0,110217.0,110272.0,300
2026-06-11 01:05:00,110270.0,110299.0,110267.0,110276.0,300
2026-06-11 01:10:00,110277.0,110313.0,110265.0,110292.0,300
2026-06-11 01:15:00,110290.0,110309.0,110271.0,110306.0,300
2026-06-11 01:20:00,110308.0,110313.0,110265.0,110275.0,300
2026-06-11 01:25:00,110277.0,110319.0,110275.0,110278.0,300
2026-06-11 01:30:00,110280.0,110281.0,110236.0,110250.0,300
2026-06-11 01:35:00,110251.0,110257.0,110229.0,110239.0,300
2026-06-11 01:40:00,110238.0,110245.0,110190.0,110190.0,300
2026-06-11 01:45:00,110188.0,110201.0,110174.0,110191.0,300
2026-06-11 01:50:00,110193.0,110204.0,110178.0,110194.0,300
2026-06-11 01:55:00,110192.0,110196.0,110148.0,110168.0,300
2026-06-11 02:00:00,110170.0,110203.0,110167.0,110196.0,300
2026-06-11 02:05:00,110194.0,110207.0,110150.0,110165.0,300
2026-06-11 02:10:00,110164.0,110185.0,110144.0,110158.0,300
2026-06-11 02:15:00,110157.0,110172.0,110143.0,110163.0,300
2026-06-11 02:20:00,110164.0,110171.0,110137.0,110171.0,300
2026-06-11 02:25:00,110170.0,110192.0,110141.0,110187.0,300
2026-06-11 02:30:00,110185.0,110201.0,110169.0,110174.0,300
2026-06-11 02:35:00,110173.0,110173.0,110133.0,110134.0,300
2026-06-11 02:40:00,110136.0,110196.0,110133.0,110187.0,300
2026-06-11 02:45:00,110189.0,110191.0,110145.0,110152.0,300
2026-06-11 02:50:00,110153.0,110162.0,110122.0,110147.0,300
2026-06-11 02:55:00,110145.0,110175.0,110143.0,110172.0,300
2026-06-11 03:00:00,110170.0,110198.0,110153.0,110193.0,300
2026-06-11 03:05:00,110191.0,110202.0,110175.0,110193.0,300
2026-06-11 03:10:00,110192.0,110192.0,110170.0,110171.0,300
2026-06-11 03:15:00,110173.0,110199.0,110159.0,110164.0,300
2026-06-11 03:20:00,110163.0,110165.0,110079.0,110102.0,300
2026-06-11 03:25:00,110100.0,110127.0,110095.0,110122.0,300
2026-06-11 03:30:00,110120.0,110136.0,110094.0,110115.0,300
2026-06-11 03:35:00,110113.0,110133.0,110095.0,110104.0,300
2026-06-11 03:40:00,110103.0,110106.0,110082.0,110097.0,300
2026-06-11 03:45:00,110095.0,110100.0,110049.0,110059.0,300
2026-06-11 03:50:00,110061.0,110061.0,110006.0,110025.0,300
2026-06-11 03:55:00,110023.0,110075.0,110020.0,110050.0,300
2026-06-11 04:00:00,110049.0,110072.0,110041.0,110072.0,300
2026-06-11 04:05:00,110070.0,110078.0,110031.0,110058.0,300
2026-06-11 04:10:00,110057.0,110057.0,110020.0,110035.0,300
2026-06-11 04:15:00,110037.0,110039.0,110009.0,110036.0,300
2026-06-11 04:20:00,110034.0,110055.0,110017.0,110040.0,300
2026-06-11 04:25:00,110038.0,110082.0,110036.0,110043.0,300
2026-06-11 04:30:00,110045.0,110053.0,110002.0,110009.0,300
2026-06-11 04:35:00,110007.0,110036.0,109999.0,110036.0,300
2026-06-11 04:40:00,110034.0,110045.0,110002.0,110007.0,300
2026-06-11 04:45:00,110009.0,110045.0,110002.0,110019.0,300
2026-06-11 04:50:00,110020.0,110025.0,109975.0,109984.0,300
2026-06-11 04:55:00,109983.0,109990.0,109959.0,109980.0,300
2026-06-11 05:00:00,109979.0,110001.0,109961.0,109988.0,300
2026-06-11 05:05:00,109989.0,110019.0,109974.0,110012.0,300
2026-06-11 05:10:00,110011.0,110017.0,109944.0,109944.0,300
2026-06-11 05:15:00,109945.0,109971.0,109944.0,109970.0,300
2026-06-11 05:20:00,109972.0,110010.0,109969.0,110000.0,300
2026-06-11 05:25:00,110002.0,110004.0,109965.0,109974.0,300
2026-06-11 05:30:00,109975.0,110006.0,109967.0,110006.0,300
2026-06-11 05:35:00,110008.0,110070.0,110004.0,110062.0,300
2026-06-11 05:40:00,110061.0,110061.0,110006.0,110008.0,300
2026-06-11 05:45:00,110007.0,110010.0,109983.0,109999.0,300
2026-06-11 05:50:00,110001.0,110025.0,109985.0,110022.0,300
2026-06-11 05:55:00,110023.0,110035.0,109983.0,109999.0,300
2026-06-11 06:00:00,109998.0,110008.0,109968.0,109970.0,300
2026-06-11 06:05:00,109969.0,109990.0,109919.0,109919.0,300
2026-06-11 06:10:00,109921.0,109941.0,109901.0,109931.0,300
2026-06-11 06:15:00,109929.0,109958.0,109912.0,109914.0,300
2026-06-11 06:20:00,109913.0,109921.0,109885.0,109889.0,300
2026-06-11 06:25:00,109887.0,109891.0,109867.0,109877.0,300
2026-06-11 06:30:00,109876.0,109890.0,109856.0,109860.0,300
2026-06-11 06:35:00,109861.0,109866.0,109823.0,109840.0,300
2026-06-11 06:40:00,109838.0,109862.0,109824.0,109826.0,300
2026-06-11 06:45:00,109828.0,109828.0,109803.0,109816.0,300
2026-06-11 06:50:00,109817.0,109829.0,109808.0,109812.0,300
2026-06-11 06:55:00,109814.0,109821.0,109785.0,109799.0,300
2026-06-11 07:00:00,109800.0,109826.0,109791.0,109816.0,300
2026-06-11 07:05:00,109818.0,109823.0,109774.0,109794.0,300
2026-06-11 07:10:00,109793.0,109813.0,109777.0,109807.0,300
2026-06-11 07:15:00,109808.0,109818.0,109734.0,109736.0,300
2026-06-11 07:20:00,109734.0,109761.0,109732.0,109753.0,300
2026-06-11 07:25:00,109752.0,109765.0,109733.0,109734.0,300
2026-06-11 07:30:00,109733.0,109733.0,109708.0,109718.0,300
2026-06-11 07:35:00,109717.0,109740.0,109714.0,109740.0,300
2026-06-11 07:40:00,109738.0,109749.0,109711.0,109740.0,300
2026-06-11 07:45:00,109739.0,109775.0,109728.0,109769.0,300
2026-06-11 07:50:00,109770.0,109772.0,109705.0,109708.0,300
2026-06-11 07:55:00,109707.0,109729.0,109699.0,109725.0,300
2026-06-11 08:00:00,109726.0,109726.0,109681.0,109689.0,300
2026-06-11 08:05:00,109688.0,109711.0,109682.0,109689.0,300
2026-06-11 08:10:00,109690.0,109700.0,109658.0,109680.0,300
2026-06-11 08:15:00,109681.0,109696.0,109644.0,109646.0,300
2026-06-11 08:20:00,109647.0,109648.0,109603.0,109623.0,300
2026-06-11 08:25:00,109624.0,109646.0,109605.0,109613.0,300
2026-06-11 08:30:00,109615.0,109627.0,109589.0,109618.0,300
2026-06-11 08:35:00,109617.0,109622.0,109598.0,109603.0,300
2026-06-11 08:40:00,109602.0,109629.0,109595.0,109601.0,300
2026-06-11 08:45:00,109602.0,109612.0,109588.0,109605.0,300
2026-06-11 08:50:00,109604.0,109614.0,109582.0,109588.0,300
2026-06-11 08:55:00,109589.0,109607.0,109579.0,109591.0,300
2026-06-11 09:00:00,109589.0,109593.0,109561.0,109567.0,300
2026-06-11 09:05:00,109569.0,109571.0,109530.0,109541.0,300
2026-06-11 09:10:00,109539.0,109557.0,109497.0,109498.0,300
2026-06-11 09:15:00,109499.0,109525.0,109487.0,109488.0,300
2026-06-11 09:20:00,109487.0,109491.0,109443.0,109455.0,300
2026-06-11 09:25:00,109454.0,109471.0,109426.0,109436.0,300
2026-06-11 09:30:00,109437.0,109463.0,109433.0,109455.0,300
2026-06-11 09:35:00,109454.0,109475.0,109449.0,109473.0,300
2026-06-11 09:40:00,109472.0,109510.0,109470.0,109490.0,300
2026-06-11 09:45:00,109492.0,109507.0,109470.0,109491.0,300
2026-06-11 09:50:00,109492.0,109531.0,109475.0,109518.0,300
2026-06-11 09:55:00,109517.0,109543.0,109510.0,109520.0,300
2026-06-11 10:00:00,109518.0,109555.0,109514.0,109527.0,300
2026-06-11 10:05:00,109528.0,109571.0,109519.0,109563.0,300
2026-06-11 10:10:00,109562.0,109572.0,109548.0,109551.0,300
2026-06-11 10:15:00,109549.0,109568.0,109526.0,109549.0,300
2026-06-11 10:20:00,109550.0,109584.0,109548.0,109563.0,300
2026-06-11 10:25:00,109565.0,109591.0,109549.0,109586.0,300
2026-06-11 10:30:00,109584.0,109591.0,109553.0,109555.0,300
2026-06-11 10:35:00,109556.0,109556.0,109500.0,109513.0,300
2026-06-11 10:40:00,109512.0,109530.0,109505.0,109518.0,300
2026-06-11 10:45:00,109516.0,109572.0,109510.0,109556.0,300
2026-06-11 10:50:00,109555.0,109563.0,109489.0,109540.0,300
2026-06-11 10:55:00,109539.0,109630.0,109535.0,109625.0,300
2026-06-11 11:00:00,109626.0,109674.0,109614.0,109673.0,300
2026-06-11 11:05:00,109674.0,109729.0,109661.0,109728.0,300
2026-06-11 11:10:00,109729.0,109743.0,109687.0,109734.0,300
2026-06-11 11:15:00,109733.0,109740.0,109705.0,109711.0,300
2026-06-11 11:20:00,109713.0,109720.0,109694.0,109695.0,300
2026-06-11 11:25:00,109697.0,109698.0,109661.0,109680.0,300
2026-06-11 11:30:00,109682.0,109733.0,109682.0,109729.0,300
2026-06-11 11:35:00,109727.0,109749.0,109713.0,109747.0,300
2026-06-11 11:40:00,109749.0,109756.0,109728.0,109733.0,300
2026-06-11 11:45:00,109732.0,109740.0,109684.0,109685.0,300
2026-06-11 11:50:00,109684.0,109721.0,109678.0,109686.0,300
2026-06-11 11:55:00,109684.0,109686.0,109649.0,109653.0,300
2026-06-11 12:00:00,109654.0,109673.0,109632.0,109635.0,300
2026-06-11 12:05:00,109636.0,109698.0,109632.0,109697.0,300
2026-06-11 12:10:00,109695.0,109717.0,109680.0,109705.0,300
2026-06-11 12:15:00,109706.0,109745.0,109695.0,109744.0,300
2026-06-11 12:20:00,109746.0,109757.0,109721.0,109731.0,300
2026-06-11 12:25:00,109732.0,109738.0,109708.0,109719.0,300
2026-06-11 12:30:00,109721.0,109741.0,109703.0,109740.0,300
2026-06-11 12:35:00,109741.0,109743.0,109698.0,109719.0,300
2026-06-11 12:40:00,109720.0,109789.0,109718.0,109789.0,300
2026-06-11 12:45:00,109790.0,109799.0,109778.0,109786.0,300
2026-06-11 12:50:00,109785.0,109785.0,109735.0,109744.0,300
2026-06-11 12:55:00,109746.0,109754.0,109730.0,109747.0,300
2026-06-11 13:00:00,109749.0,109749.0,109721.0,109744.0,300
2026-06-11 13:05:00,109746.0,109746.0,109677.0,109680.0,300
2026-06-11 13:10:00,109678.0,109685.0,109650.0,109651.0,300
2026-06-11 13:15:00,109650.0,109688.0,109642.0,109681.0,300
2026-06-11 13:20:00,109680.0,109710.0,109679.0,109702.0,300
2026-06-11 13:25:00,109700.0,109709.0,109634.0,109636.0,300
2026-06-11 13:30:00,109634.0,109640.0,109597.0,109598.0,300
2026-06-11 13:35:00,109600.0,109606.0,109570.0,109587.0,300
2026-06-11 13:40:00,109588.0,109618.0,109577.0,109618.0,300
2026-06-11 13:45:00,109620.0,109639.0,109606.0,109620.0,300
2026-06-11 13:50:00,109618.0,109638.0,109599.0,109607.0,300
2026-06-11 13:55:00,109608.0,109635.0,109594.0,109612.0,300
2026-06-11 14:00:00,109613.0,109630.0,109592.0,109629.0,300
2026-06-11 14:05:00,109631.0,109631.0,109601.0,109625.0,300
2026-06-11 14:10:00,109624.0,109643.0,109609.0,109614.0,300
2026-06-11 14:15:00,109615.0,109631.0,109590.0,109628.0,300
2026-06-11 14:20:00,109629.0,109678.0,109621.0,109666.0,300
2026-06-11 14:25:00,109668.0,109700.0,109662.0,109670.0,300
2026-06-11 14:30:00,109669.0,109703.0,109647.0,109682.0,300
2026-06-11 14:35:00,109684.0,109717.0,109676.0,109687.0,300
2026-06-11 14:40:00,109686.0,109689.0,109654.0,109658.0,300
2026-06-11 14:45:00,109660.0,109684.0,109658.0,109668.0,300
2026-06-11 14:50:00,109669.0,109670.0,109629.0,109639.0,300
2026-06-11 14:55:00,109638.0,109639.0,109604.0,109627.0,300
2026-06-11 15:00:00,109626.0,109645.0,109601.0,109617.0,300
2026-06-11 15:05:00,109618.0,109631.0,109596.0,109604.0,300
2026-06-11 15:10:00,109606.0,109655.0,109602.0,109643.0,300
2026-06-11 15:15:00,109645.0,109660.0,109591.0,109592.0,300
2026-06-11 15:20:00,109593.0,109600.0,109559.0,109588.0,300
2026-06-11 15:25:00,109590.0,109597.0,109559.0,109563.0,300
2026-06-11 15:30:00,109564.0,109591.0,109559.0,109589.0,300
2026-06-11 15:35:00,109590.0,109608.0,109566.0,109571.0,300
2026-06-11 15:40:00,109570.0,109572.0,109498.0,109498.0,300
2026-06-11 15:45:00,109497.0,109506.0,109467.0,109471.0,300
2026-06-11 15:50:00,109472.0,109505.0,109453.0,109455.0,300
2026-06-11 15:55:00,109453.0,109486.0,109445.0,109447.0,300
2026-06-11 16:00:00,109445.0,109454.0,109401.0,109405.0,300
2026-06-11 16:05:00,109403.0,109429.0,109396.0,109411.0,300
2026-06-11 16:10:00,109409.0,109411.0,109373.0,109390.0,300
2026-06-11 16:15:00,109388.0,109390.0,109330.0,109368.0,300
2026-06-11 16:20:00,109369.0,109370.0,109328.0,109345.0,300
2026-06-11 16:25:00,109344.0,109377.0,109344.0,109372.0,300
2026-06-11 16:30:00,109370.0,109383.0,109342.0,109358.0,300
2026-06-11 16:35:00,109356.0,109381.0,109332.0,109376.0,300
2026-06-11 16:40:00,109378.0,109379.0,109333.0,109333.0,300
2026-06-11 16:45:00,109335.0,109344.0,109310.0,109319.0,300
2026-06-11 16:50:00,109320.0,109354.0,109320.0,109348.0,300
2026-06-11 16:55:00,109347.0,109371.0,109330.0,109358.0,300
2026-06-11 17:00:00,109357.0,109383.0,109355.0,109381.0,300
2026-06-11 17:05:00,109383.0,109391.0,109339.0,109360.0,300
2026-06-11 17:10:00,109358.0,109387.0,109348.0,109372.0,300
2026-06-11 17:15:00,109371.0,109373.0,109345.0,109350.0,300
2026-06-11 17:20:00,109348.0,109360.0,109319.0,109343.0,300
2026-06-11 17:25:00,109341.0,109361.0,109323.0,109329.0,300
2026-06-11 17:30:00,109330.0,109357.0,109318.0,109353.0,300
2026-06-11 17:35:00,109352.0,109415.0,109352.0,109391.0,300
2026-06-11 17:40:00,109393.0,109443.0,109391.0,109429.0,300
2026-06-11 17:45:00,109430.0,109455.0,109425.0,109444.0,300
2026-06-11 17:50:00,109443.0,109482.0,109442.0,109460.0,300
2026-06-11 17:55:00,109461.0,109470.0,109438.0,109447.0,300
2026-06-11 18:00:00,109446.0,109447.0,109404.0,109413.0,300
2026-06-11 18:05:00,109415.0,109440.0,109404.0,109432.0,300
2026-06-11 18:10:00,109431.0,109435.0,109388.0,109406.0,300
2026-06-11 18:15:00,109408.0,109457.0,109406.0,109442.0,300
2026-06-11 18:20:00,109444.0,109461.0,109418.0,109419.0,300
2026-06-11 18:25:00,109421.0,109425.0,109366.0,109369.0,300
2026-06-11 18:30:00,109370.0,109374.0,109335.0,109344.0,300
2026-06-11 18:35:00,109345.0,109355.0,109310.0,109312.0,300
2026-06-11 18:40:00,109311.0,109321.0,109268.0,109270.0,300
2026-06-11 18:45:00,109268.0,109282.0,109249.0,109262.0,300
2026-06-11 18:50:00,109264.0,109302.0,109261.0,109289.0,300
2026-06-11 18:55:00,109287.0,109300.0,109261.0,109262.0,300
2026-06-11 19:00:00,109263.0,109266.0,109230.0,109253.0,300
2026-06-11 19:05:00,109255.0,109297.0,109253.0,109287.0,300
2026-06-11 19:10:00,109288.0,109294.0,109251.0,109269.0,300
2026-06-11 19:15:00,109268.0,109276.0,109245.0,109275.0,300
2026-06-11 19:20:00,109276.0,109286.0,109258.0,109278.0,300
2026-06-11 19:25:00,109276.0,109294.0,109259.0,109286.0,300
2026-06-11 19:30:00,109287.0,109321.0,109276.0,109309.0,300
2026-06-11 19:35:00,109308.0,109321.0,109294.0,109295.0,300
2026-06-11 19:40:00,109294.0,109374.0,109287.0,109366.0,300
2026-06-11 19:45:00,109368.0,109410.0,109358.0,109358.0,300
2026-06-11 19:50:00,109359.0,109389.0,109349.0,109376.0,300
2026-06-11 19:55:00,109377.0,109417.0,109371.0,109392.0,300
2026-06-11 20:00:00,109393.0,109432.0,109393.0,109403.0,300
2026-06-11 20:05:00,109404.0,109406.0,109368.0,109405.0,300
2026-06-11 20:10:00,109406.0,109423.0,109398.0,109409.0,300
2026-06-11 20:15:00,109411.0,109416.0,109360.0,109370.0,300
2026-06-11 20:20:00,109371.0,109374.0,109316.0,109321.0,300
2026-06-11 20:25:00,109322.0,109334.0,109291.0,109318.0,300
2026-06-11 20:30:00,109317.0,109336.0,109309.0,109325.0,300
2026-06-11 20:35:00,109324.0,109356.0,109324.0,109333.0,300
2026-06-11 20:40:00,109331.0,109377.0,109331.0,109374.0,300
2026-06-11 20:45:00,109373.0,109390.0,109336.0,109342.0,300
2026-06-11 20:50:00,109343.0,109376.0,109318.0,109368.0,300
2026-06-11 20:55:00,109370.0,109373.0,109345.0,109357.0,300
2026-06-11 21:00:00,109356.0,109373.0,109338.0,109362.0,300
2026-06-11 21:05:00,109361.0,109379.0,109332.0,109354.0,300
2026-06-11 21:10:00,109355.0,109396.0,109348.0,109349.0,300
2026-06-11 21:15:00,109350.0,109365.0,109338.0,109347.0,300
2026-06-11 21:20:00,109346.0,109355.0,109283.0,109287.0,300
2026-06-11 21:25:00,109289.0,109300.0,109274.0,109284.0,300
2026-06-11 21:30:00,109286.0,109342.0,109286.0,109305.0,300
2026-06-11 21:35:00,109303.0,109341.0,109284.0,109330.0,300
2026-06-11 21:40:00,109329.0,109357.0,109318.0,109352.0,300
2026-06-11 21:45:00,109350.0,109354.0,109332.0,109340.0,300
2026-06-11 21:50:00,109341.0,109347.0,109320.0,109342.0,300
2026-06-11 21:55:00,109340.0,109354.0,109317.0,109354.0,300
2026-06-11 22:00:00,109356.0,109378.0,109349.0,109357.0,300
2026-06-11 22:05:00,109359.0,109389.0,109349.0,109353.0,300
2026-06-11 22:10:00,109352.0,109383.0,109329.0,109369.0,300
2026-06-11 22:15:00,109368.0,109422.0,109367.0,109408.0,300
2026-06-11 22:20:00,109406.0,109433.0,109394.0,109420.0,300
2026-06-11 22:25:00,109422.0,109450.0,109419.0,109443.0,300
2026-06-11 22:30:00,109442.0,109487.0,109431.0,109467.0,300
2026-06-11 22:35:00,109465.0,109473.0,109442.0,109469.0,300
2026-06-11 22:40:00,109470.0,109482.0,109438.0,109441.0,300
2026-06-11 22:45:00,109439.0,109444.0,109389.0,109389.0,300
2026-06-11 22:50:00,109391.0,109433.0,109378.0,109426.0,300
2026-06-11 22:55:00,109428.0,109430.0,109381.0,109412.0,300
2026-06-11 23:00:00,109414.0,109418.0,109380.0,109404.0,300
2026-06-11 23:05:00,109402.0,109430.0,109394.0,109406.0,300
2026-06-11 23:10:00,109407.0,109426.0,109379.0,109386.0,300
2026-06-11 23:15:00,109388.0,109399.0,109363.0,109377.0,300
2026-06-11 23:20:00,109379.0,109397.0,109358.0,109371.0,300
2026-06-11 23:25:00,109372.0,109416.0,109372.0,109405.0,300
2026-06-11 23:30:00,109406.0,109436.0,109406.0,109425.0,300
2026-06-11 23:35:00,109426.0,109458.0,109417.0,109451.0,300
2026-06-11 23:40:00,109453.0,109488.0,109431.0,109485.0,300
2026-06-11 23:45:00,109487.0,109492.0,109440.0,109447.0,300
2026-06-11 23:50:00,109445.0,109452.0,109407.0,109421.0,300
2026-06-11 23:55:00,109423.0,109428.0,109388.0,109405.0,300
2026-06-12 00:00:00,109407.0,109423.0,109393.0,109420.0,300
2026-06-12 00:05:00,109419.0,109440.0,109392.0,109405.0,300
2026-06-12 00:10:00,109407.0,109421.0,109376.0,109376.0,300
2026-06-12 00:15:00,109374.0,109423.0,109374.0,109399.0,300
2026-06-12 00:20:00,109401.0,109438.0,109386.0,109387.0,300
2026-06-12 00:25:00,109388.0,109398.0,109354.0,109360.0,300
2026-06-12 00:30:00,109358.0,109387.0,109351.0,109366.0,300
2026-06-12 00:35:00,109364.0,109391.0,109357.0,109367.0,300
2026-06-12 00:40:00,109369.0,109395.0,109325.0,109334.0,300
2026-06-12 00:45:00,109332.0,109333.0,109256.0,109257.0,300
2026-06-12 00:50:00,109258.0,109268.0,109229.0,109233.0,300
2026-06-12 00:55:00,109232.0,109261.0,109232.0,109243.0,300
2026-06-12 01:00:00,109245.0,109257.0,109223.0,109224.0,300
2026-06-12 01:05:00,109226.0,109232.0,109196.0,109212.0,300
2026-06-12 01:10:00,109210.0,109234.0,109210.0,109212.0,300
2026-06-12 01:15:00,109213.0,109213.0,109152.0,109159.0,300
2026-06-12 01:20:00,109160.0,109176.0,109103.0,109121.0,300
2026-06-12 01:25:00,109119.0,109192.0,109106.0,109187.0,300
2026-06-12 01:30:00,109188.0,109203.0,109173.0,109176.0,300
2026-06-12 01:35:00,109178.0,109206.0,109162.0,109198.0,300
2026-06-12 01:40:00,109200.0,109245.0,109200.0,109237.0,300
2026-06-12 01:45:00,109238.0,109273.0,109231.0,109267.0,300
2026-06-12 01:50:00,109265.0,109271.0,109240.0,109263.0,300
2026-06-12 01:55:00,109262.0,109325.0,109262.0,109309.0,300
2026-06-12 02:00:00,109311.0,109328.0,109290.0,109303.0,300
2026-06-12 02:05:00,109301.0,109348.0,109298.0,109343.0,300
2026-06-12 02:10:00,109344.0,109370.0,109322.0,109354.0,300
2026-06-12 02:15:00,109353.0,109363.0,109315.0,109315.0,300
2026-06-12 02:20:00,109314.0,109328.0,109299.0,109302.0,300
2026-06-12 02:25:00,109301.0,109319.0,109289.0,109308.0,300
2026-06-12 02:30:00,109310.0,109314.0,109259.0,109272.0,300
2026-06-12 02:35:00,109273.0,109321.0,109271.0,109316.0,300
2026-06-12 02:40:00,109315.0,109321.0,109300.0,109306.0,300
2026-06-12 02:45:00,109305.0,109315.0,109287.0,109287.0,300
2026-06-12 02:50:00,109285.0,109292.0,109270.0,109280.0,300
2026-06-12 02:55:00,109282.0,109297.0,109242.0,109262.0,300
2026-06-12 03:00:00,109260.0,109274.0,109248.0,109266.0,300
2026-06-12 03:05:00,109267.0,109276.0,109222.0,109225.0,300
2026-06-12 03:10:00,109224.0,109226.0,109183.0,109189.0,300
2026-06-12 03:15:00,109187.0,109203.0,109167.0,109177.0,300
2026-06-12 03:20:00,109176.0,109185.0,109152.0,109182.0,300
2026-06-12 03:25:00,109184.0,109191.0,109140.0,109147.0,300
2026-06-12 03:30:00,109149.0,109175.0,109144.0,109166.0,300
2026-06-12 03:35:00,109164.0,109166.0,109123.0,109136.0,300
2026-06-12 03:40:00,109134.0,109145.0,109094.0,109112.0,300
2026-06-12 03:45:00,109114.0,109124.0,109087.0,109096.0,300
2026-06-12 03:50:00,109095.0,109107.0,109078.0,109085.0,300
2026-06-12 03:55:00,109086.0,109094.0,109028.0,109037.0,300
2026-06-12 04:00:00,109039.0,109108.0,109027.0,109101.0,300
2026-06-12 04:05:00,109099.0,109135.0,109096.0,109111.0,300
2026-06-12 04:10:00,109110.0,109112.0,109013.0,109025.0,300
2026-06-12 04:15:00,109027.0,109040.0,109004.0,109019.0,300
2026-06-12 04:20:00,109020.0,109082.0,109016.0,109059.0,300
2026-06-12 04:25:00,109061.0,109085.0,109048.0,109074.0,300
2026-06-12 04:30:00,109075.0,109086.0,109051.0,109073.0,300
2026-06-12 04:35:00,109075.0,109094.0,109066.0,109092.0,300
2026-06-12 04:40:00,109091.0,109115.0,109091.0,109099.0,300
2026-06-12 04:45:00,109097.0,109121.0,109085.0,109095.0,300
2026-06-12 04:50:00,109097.0,109115.0,109059.0,109081.0,300
2026-06-12 04:55:00,109080.0,109131.0,109080.0,109105.0,300
2026-06-12 05:00:00,109106.0,109164.0,109103.0,109159.0,300
2026-06-12 05:05:00,109158.0,109181.0,109146.0,109169.0,300
2026-06-12 05:10:00,109171.0,109176.0,109115.0,109124.0,300
2026-06-12 05:15:00,109122.0,109155.0,109118.0,109123.0,300
2026-06-12 05:20:00,109124.0,109141.0,109100.0,109141.0,300
2026-06-12 05:25:00,109143.0,109151.0,109086.0,109089.0,300
2026-06-12 05:30:00,109087.0,109108.0,109079.0,109108.0,300
2026-06-12 05:35:00,109107.0,109142.0,109107.0,109126.0,300
2026-06-12 05:40:00,109128.0,109144.0,109108.0,109108.0,300
2026-06-12 05:45:00,109110.0,109119.0,109069.0,109080.0,300
2026-06-12 05:50:00,109081.0,109091.0,109059.0,109090.0,300
2026-06-12 05:55:00,109088.0,109088.0,109053.0,109072.0,300
2026-06-12 06:00:00,109073.0,109103.0,109064.0,109085.0,300
2026-06-12 06:05:00,109083.0,109088.0,109052.0,109064.0,300
2026-06-12 06:10:00,109065.0,109099.0,109062.0,109096.0,300
2026-06-12 06:15:00,109098.0,109100.0,109060.0,109100.0,300
2026-06-12 06:20:00,109102.0,109118.0,109075.0,109082.0,300
2026-06-12 06:25:00,109084.0,109130.0,109084.0,109106.0,300
2026-06-12 06:30:00,109105.0,109133.0,109095.0,109132.0,300
2026-06-12 06:35:00,109134.0,109134.0,109075.0,109081.0,300
2026-06-12 06:40:00,109082.0,109105.0,109054.0,109054.0,300
2026-06-12 06:45:00,109055.0,109057.0,109005.0,109023.0,300
2026-06-12 06:50:00,109022.0,109044.0,109012.0,109033.0,300
2026-06-12 06:55:00,109035.0,109054.0,109023.0,109034.0,300
2026-06-12 07:00:00,109036.0,109049.0,109026.0,109045.0,300
2026-06-12 07:05:00,109046.0,109071.0,109035.0,109042.0,300
2026-06-12 07:10:00,109043.0,109094.0,109039.0,109085.0,300
2026-06-12 07:15:00,109084.0,109084.0,109049.0,109057.0,300
2026-06-12 07:20:00,109058.0,109082.0,109051.0,109068.0,300
2026-06-12 07:25:00,109070.0,109089.0,109055.0,109083.0,300
2026-06-12 07:30:00,109082.0,109144.0,109068.0,109141.0,300
2026-06-12 07:35:00,109139.0,109154.0,109125.0,109128.0,300
2026-06-12 07:40:00,109129.0,109145.0,109114.0,109129.0,300
2026-06-12 07:45:00,109127.0,109165.0,109118.0,109163.0,300
2026-06-12 07:50:00,109161.0,109180.0,109137.0,109156.0,300
2026-06-12 07:55:00,109154.0,109155.0,109093.0,109096.0,300
2026-06-12 08:00:00,109094.0,109136.0,109090.0,109101.0,300
2026-06-12 08:05:00,109100.0,109109.0,109062.0,109069.0,300
2026-06-12 08:10:00,109067.0,109081.0,109054.0,109075.0,300
2026-06-12 08:15:00,109074.0,109148.0,109074.0,109146.0,300
2026-06-12 08:20:00,109147.0,109176.0,109126.0,109127.0,300
2026-06-12 08:25:00,109129.0,109134.0,109102.0,109122.0,300
2026-06-12 08:30:00,109124.0,109133.0,109077.0,109087.0,300
2026-06-12 08:35:00,109086.0,109092.0,109037.0,109050.0,300
2026-06-12 08:40:00,109051.0,109053.0,108999.0,109009.0,300
2026-06-12 08:45:00,109010.0,109019.0,108985.0,109009.0,300
2026-06-12 08:50:00,109010.0,109016.0,108996.0,109011.0,300
2026-06-12 08:55:00,109013.0,109025.0,108998.0,109010.0,300
2026-06-12 09:00:00,109009.0,109023.0,108989.0,109000.0,300
2026-06-12 09:05:00,109002.0,109020.0,108986.0,109009.0,300
2026-06-12 09:10:00,109007.0,109041.0,109003.0,109025.0,300
2026-06-12 09:15:00,109024.0,109030.0,109001.0,109007.0,300
2026-06-12 09:20:00,109009.0,109028.0,108994.0,108997.0,300
2026-06-12 09:25:00,108996.0,109004.0,108973.0,108990.0,300
2026-06-12 09:30:00,108988.0,109020.0,108988.0,109002.0,300
2026-06-12 09:35:00,109001.0,109037.0,108995.0,109024.0,300
2026-06-12 09:40:00,109023.0,109087.0,109019.0,109067.0,300
2026-06-12 09:45:00,109069.0,109105.0,109065.0,109103.0,300
2026-06-12 09:50:00,109104.0,109131.0,109104.0,109114.0,300
2026-06-12 09:55:00,109113.0,109140.0,109109.0,109114.0,300
2026-06-12 10:00:00,109116.0,109149.0,109112.0,109121.0,300
2026-06-12 10:05:00,109122.0,109154.0,109109.0,109146.0,300
2026-06-12 10:10:00,109145.0,109176.0,109143.0,109168.0,300
2026-06-12 10:15:00,109169.0,109180.0,109161.0,109168.0,300
2026-06-12 10:20:00,109169.0,109187.0,109138.0,109160.0,300
2026-06-12 10:25:00,109161.0,109189.0,109160.0,109181.0,300
2026-06-12 10:30:00,109183.0,109189.0,109159.0,109189.0,300
2026-06-12 10:35:00,109191.0,109202.0,109167.0,109179.0,300
2026-06-12 10:40:00,109181.0,109190.0,109149.0,109165.0,300
2026-06-12 10:45:00,109166.0,109192.0,109139.0,109167.0,300
2026-06-12 10:50:00,109169.0,109213.0,109169.0,109213.0,300
2026-06-12 10:55:00,109215.0,109233.0,109208.0,109218.0,300
2026-06-12 11:00:00,109219.0,109256.0,109211.0,109253.0,300
2026-06-12 11:05:00,109254.0,109297.0,109246.0,109288.0,300
2026-06-12 11:10:00,109290.0,109312.0,109280.0,109303.0,300
2026-06-12 11:15:00,109301.0,109324.0,109294.0,109294.0,300
2026-06-12 11:20:00,109292.0,109298.0,109276.0,109287.0,300
2026-06-12 11:25:00,109285.0,109323.0,109282.0,109300.0,300
2026-06-12 11:30:00,109302.0,109342.0,109286.0,109331.0,300
2026-06-12 11:35:00,109329.0,109361.0,109324.0,109353.0,300
2026-06-12 11:40:00,109354.0,109354.0,109315.0,109338.0,300
2026-06-12 11:45:00,109336.0,109359.0,109325.0,109333.0,300
2026-06-12 11:50:00,109335.0,109363.0,109313.0,109351.0,300
2026-06-12 11:55:00,109353.0,109363.0,109320.0,109339.0,300
2026-06-12 12:00:00,109340.0,109393.0,109334.0,109365.0,300
2026-06-12 12:05:00,109366.0,109407.0,109362.0,109380.0,300
2026-06-12 12:10:00,109382.0,109383.0,109356.0,109367.0,300
2026-06-12 12:15:00,109365.0,109376.0,109354.0,109359.0,300
2026-06-12 12:20:00,109361.0,109363.0,109323.0,109325.0,300
2026-06-12 12:25:00,109327.0,109363.0,109302.0,109362.0,300
2026-06-12 12:30:00,109364.0,109374.0,109337.0,109339.0,300
2026-06-12 12:35:00,109338.0,109342.0,109310.0,109339.0,300
2026-06-12 12:40:00,109340.0,109358.0,109317.0,109358.0,300
2026-06-12 12:45:00,109356.0,109369.0,109334.0,109355.0,300
2026-06-12 12:50:00,109354.0,109371.0,109337.0,109365.0,300
2026-06-12 12:55:00,109364.0,109376.0,109314.0,109316.0,300
2026-06-12 13:00:00,109317.0,109330.0,109294.0,109299.0,300
2026-06-12 13:05:00,109297.0,109316.0,109291.0,109298.0,300
2026-06-12 13:10:00,109297.0,109355.0,109294.0,109348.0,300
2026-06-12 13:15:00,109346.0,109370.0,109338.0,109354.0,300
2026-06-12 13:20:00,109353.0,109379.0,109348.0,109369.0,300
2026-06-12 13:25:00,109367.0,109405.0,109324.0,109326.0,300
2026-06-12 13:30:00,109328.0,109377.0,109322.0,109377.0,300
2026-06-12 13:35:00,109376.0,109378.0,109339.0,109347.0,300
2026-06-12 13:40:00,109346.0,109362.0,109320.0,109321.0,300
2026-06-12 13:45:00,109320.0,109332.0,109300.0,109328.0,300
2026-06-12 13:50:00,109327.0,109330.0,109269.0,109307.0,300
2026-06-12 13:55:00,109309.0,109353.0,109304.0,109350.0,300
2026-06-12 14:00:00,109352.0,109370.0,109302.0,109302.0,300
2026-06-12 14:05:00,109304.0,109316.0,109257.0,109283.0,300
2026-06-12 14:10:00,109281.0,109291.0,109257.0,109290.0,300
2026-06-12 14:15:00,109292.0,109338.0,109291.0,109331.0,300
2026-06-12 14:20:00,109329.0,109337.0,109299.0,109304.0,300
2026-06-12 14:25:00,109302.0,109337.0,109295.0,109308.0,300
2026-06-12 14:30:00,109310.0,109331.0,109296.0,109328.0,300
2026-06-12 14:35:00,109330.0,109342.0,109309.0,109324.0,300
2026-06-12 14:40:00,109326.0,109349.0,109317.0,109332.0,300
2026-06-12 14:45:00,109331.0,109341.0,109298.0,109301.0,300
2026-06-12 14:50:00,109302.0,109308.0,109254.0,109257.0,300
2026-06-12 14:55:00,109255.0,109275.0,109249.0,109270.0,300
2026-06-12 15:00:00,109268.0,109279.0,109249.0,109268.0,300
2026-06-12 15:05:00,109267.0,109294.0,109267.0,109280.0,300
2026-06-12 15:10:00,109282.0,109302.0,109276.0,109288.0,300
2026-06-12 15:15:00,109286.0,109304.0,109259.0,109271.0,300
2026-06-12 15:20:00,109270.0,109279.0,109256.0,109265.0,300
2026-06-12 15:25:00,109264.0,109311.0,109262.0,109286.0,300
2026-06-12 15:30:00,109287.0,109304.0,109279.0,109287.0,300
2026-06-12 15:35:00,109285.0,109325.0,109283.0,109307.0,300
2026-06-12 15:40:00,109305.0,109307.0,109261.0,109271.0,300
2026-06-12 15:45:00,109269.0,109309.0,109264.0,109306.0,300
2026-06-12 15:50:00,109307.0,109310.0,109263.0,109271.0,300
2026-06-12 15:55:00,109269.0,109289.0,109262.0,109280.0,300
2026-06-12 16:00:00,109282.0,109317.0,109282.0,109298.0,300
2026-06-12 16:05:00,109296.0,109350.0,109296.0,109350.0,300
2026-06-12 16:10:00,109352.0,109386.0,109346.0,109359.0,300
2026-06-12 16:15:00,109358.0,109361.0,109312.0,109316.0,300
2026-06-12 16:20:00,109314.0,109345.0,109304.0,109340.0,300
2026-06-12 16:25:00,109341.0,109341.0,109309.0,109326.0,300
2026-06-12 16:30:00,109324.0,109335.0,109282.0,109285.0,300
2026-06-12 16:35:00,109283.0,109283.0,109228.0,109257.0,300
2026-06-12 16:40:00,109258.0,109258.0,109225.0,109251.0,300
2026-06-12 16:45:00,109249.0,109275.0,109241.0,109264.0,300
2026-06-12 16:50:00,109266.0,109281.0,109257.0,109275.0,300
2026-06-12 16:55:00,109276.0,109276.0,109247.0,109247.0,300
2026-06-12 17:00:00,109246.0,109259.0,109227.0,109227.0,300
2026-06-12 17:05:00,109226.0,109286.0,109226.0,109267.0,300
2026-06-12 17:10:00,109266.0,109280.0,109253.0,109280.0,300
2026-06-12 17:15:00,109278.0,109287.0,109257.0,109273.0,300
2026-06-12 17:20:00,109275.0,109305.0,109270.0,109298.0,300
2026-06-12 17:25:00,109297.0,109306.0,109272.0,109288.0,300
2026-06-12 17:30:00,109289.0,109324.0,109271.0,109319.0,300
2026-06-12 17:35:00,109318.0,109347.0,109296.0,109338.0,300
2026-06-12 17:40:00,109337.0,109339.0,109298.0,109318.0,300
2026-06-12 17:45:00,109316.0,109332.0,109300.0,109316.0,300
2026-06-12 17:50:00,109314.0,109316.0,109262.0,109265.0,300
2026-06-12 17:55:00,109264.0,109290.0,109262.0,109285.0,300
2026-06-12 18:00:00,109284.0,109300.0,109271.0,109290.0,300
2026-06-12 18:05:00,109291.0,109335.0,109291.0,109318.0,300
2026-06-12 18:10:00,109320.0,109355.0,109319.0,109349.0,300
2026-06-12 18:15:00,109348.0,109364.0,109330.0,109352.0,300
2026-06-12 18:20:00,109350.0,109373.0,109302.0,109303.0,300
2026-06-12 18:25:00,109301.0,109323.0,109294.0,109321.0,300
2026-06-12 18:30:00,109320.0,109354.0,109311.0,109349.0,300
2026-06-12 18:35:00,109351.0,109367.0,109307.0,109324.0,300
2026-06-12 18:40:00,109323.0,109360.0,109311.0,109350.0,300
2026-06-12 18:45:00,109352.0,109353.0,109310.0,109311.0,300
2026-06-12 18:50:00,109313.0,109357.0,109301.0,109309.0,300
2026-06-12 18:55:00,109308.0,109316.0,109293.0,109309.0,300
2026-06-12 19:00:00,109311.0,109325.0,109297.0,109301.0,300
2026-06-12 19:05:00,109300.0,109308.0,109238.0,109240.0,300
2026-06-12 19:10:00,109238.0,109290.0,109230.0,109279.0,300
2026-06-12 19:15:00,109277.0,109307.0,109275.0,109299.0,300
2026-06-12 19:20:00,109301.0,109310.0,109266.0,109280.0,300
2026-06-12 19:25:00,109281.0,109292.0,109256.0,109267.0,300
2026-06-12 19:30:00,109269.0,109286.0,109237.0,109278.0,300
2026-06-12 19:35:00,109280.0,109316.0,109274.0,109301.0,300
2026-06-12 19:40:00,109303.0,109314.0,109284.0,109297.0,300
2026-06-12 19:45:00,109299.0,109321.0,109268.0,109314.0,300
2026-06-12 19:50:00,109313.0,109348.0,109304.0,109304.0,300
2026-06-12 19:55:00,109303.0,109308.0,109287.0,109297.0,300
2026-06-12 20:00:00,109295.0,109344.0,109292.0,109321.0,300
2026-06-12 20:05:00,109319.0,109347.0,109317.0,109331.0,300
2026-06-12 20:10:00,109332.0,109343.0,109316.0,109334.0,300
2026-06-12 20:15:00,109336.0,109392.0,109334.0,109376.0,300
2026-06-12 20:20:00,109378.0,109382.0,109324.0,109349.0,300
2026-06-12 20:25:00,109350.0,109356.0,109318.0,109325.0,300
2026-06-12 20:30:00,109326.0,109326.0,109295.0,109323.0,300
2026-06-12 20:35:00,109325.0,109325.0,109266.0,109288.0,300
2026-06-12 20:40:00,109289.0,109298.0,109226.0,109226.0,300
2026-06-12 20:45:00,109224.0,109229.0,109191.0,109196.0,300
2026-06-12 20:50:00,109197.0,109197.0,109134.0,109136.0,300
2026-06-12 20:55:00,109137.0,109173.0,109128.0,109154.0,300
2026-06-12 21:00:00,109153.0,109174.0,109142.0,109159.0,300
2026-06-12 21:05:00,109161.0,109212.0,109157.0,109208.0,300
2026-06-12 21:10:00,109209.0,109210.0,109165.0,109170.0,300
2026-06-12 21:15:00,109171.0,109188.0,109156.0,109188.0,300
2026-06-12 21:20:00,109190.0,109248.0,109190.0,109235.0,300
2026-06-12 21:25:00,109233.0,109255.0,109224.0,109245.0,300
2026-06-12 21:30:00,109244.0,109259.0,109216.0,109254.0,300
2026-06-12 21:35:00,109253.0,109281.0,109242.0,109249.0,300
2026-06-12 21:40:00,109251.0,109265.0,109238.0,109259.0,300
2026-06-12 21:45:00,109257.0,109301.0,109253.0,109299.0,300
2026-06-12 21:50:00,109297.0,109301.0,109269.0,109288.0,300
2026-06-12 21:55:00,109289.0,109312.0,109267.0,109267.0,300
2026-06-12 22:00:00,109265.0,109307.0,109249.0,109307.0,300
2026-06-12 22:05:00,109308.0,109350.0,109303.0,109340.0,300
2026-06-12 22:10:00,109339.0,109356.0,109319.0,109353.0,300
2026-06-12 22:15:00,109351.0,109355.0,109302.0,109302.0,300
2026-06-12 22:20:00,109304.0,109342.0,109292.0,109329.0,300
2026-06-12 22:25:00,109328.0,109335.0,109312.0,109323.0,300
2026-06-12 22:30:00,109325.0,109329.0,109299.0,109305.0,300
2026-06-12 22:35:00,109304.0,109306.0,109275.0,109280.0,300
2026-06-12 22:40:00,109282.0,109326.0,109279.0,109321.0,300
2026-06-12 22:45:00,109320.0,109384.0,109311.0,109370.0,300
2026-06-12 22:50:00,109371.0,109406.0,109362.0,109372.0,300
2026-06-12 22:55:00,109371.0,109376.0,109356.0,109360.0,300
2026-06-12 23:00:00,109359.0,109376.0,109341.0,109366.0,300
2026-06-12 23:05:00,109367.0,109370.0,109333.0,109350.0,300
2026-06-12 23:10:00,109352.0,109354.0,109298.0,109312.0,300
2026-06-12 23:15:00,109313.0,109338.0,109305.0,109328.0,300
2026-06-12 23:20:00,109327.0,109327.0,109266.0,109281.0,300
2026-06-12 23:25:00,109280.0,109309.0,109263.0,109271.0,300
2026-06-12 23:30:00,109273.0,109311.0,109260.0,109304.0,300
2026-06-12 23:35:00,109303.0,109318.0,109279.0,109279.0,300
2026-06-12 23:40:00,109278.0,109303.0,109259.0,109290.0,300
2026-06-12 23:45:00,109288.0,109295.0,109236.0,109244.0,300
2026-06-12 23:50:00,109245.0,109280.0,109244.0,109269.0,300
2026-06-12 23:55:00,109268.0,109271.0,109224.0,109227.0,300
2026-06-13 00:00:00,109228.0,109239.0,109212.0,109224.0,300
2026-06-13 00:05:00,109223.0,109224.0,109174.0,109189.0,300
2026-06-13 00:10:00,109187.0,109200.0,109173.0,109178.0,300
2026-06-13 00:15:00,109177.0,109192.0,109156.0,109162.0,300
2026-06-13 00:20:00,109161.0,109183.0,109145.0,109146.0,300
2026-06-13 00:25:00,109147.0,109186.0,109145.0,109178.0,300
2026-06-13 00:30:00,109176.0,109208.0,109158.0,109158.0,300
2026-06-13 00:35:00,109157.0,109192.0,109144.0,109186.0,300
2026-06-13 00:40:00,109184.0,109209.0,109168.0,109192.0,300
2026-06-13 00:45:00,109191.0,109206.0,109178.0,109187.0,300
2026-06-13 00:50:00,109189.0,109199.0,109163.0,109182.0,300
2026-06-13 00:55:00,109183.0,109189.0,109142.0,109169.0,300
2026-06-13 01:00:00,109168.0,109173.0,109150.0,109169.0,300
2026-06-13 01:05:00,109167.0,109173.0,109136.0,109154.0,300
2026-06-13 01:10:00,109152.0,109201.0,109150.0,109201.0,300
2026-06-13 01:15:00,109202.0,109239.0,109189.0,109233.0,300
2026-06-13 01:20:00,109231.0,109267.0,109223.0,109264.0,300
2026-06-13 01:25:00,109263.0,109297.0,109260.0,109273.0,300
2026-06-13 01:30:00,109275.0,109282.0,109259.0,109267.0,300
2026-06-13 01:35:00,109265.0,109266.0,109216.0,109232.0,300
2026-06-13 01:40:00,109233.0,109276.0,109220.0,109276.0,300
2026-06-13 01:45:00,109278.0,109281.0,109240.0,109260.0,300
2026-06-13 01:50:00,109258.0,109263.0,109226.0,109235.0,300
2026-06-13 01:55:00,109233.0,109252.0,109217.0,109217.0,300
2026-06-13 02:00:00,109218.0,109242.0,109208.0,109221.0,300
2026-06-13 02:05:00,109223.0,109224.0,109148.0,109161.0,300
2026-06-13 02:10:00,109163.0,109193.0,109154.0,109185.0,300
2026-06-13 02:15:00,109187.0,109224.0,109185.0,109203.0,300
2026-06-13 02:20:00,109202.0,109230.0,109174.0,109176.0,300
2026-06-13 02:25:00,109175.0,109182.0,109138.0,109139.0,300
2026-06-13 02:30:00,109140.0,109190.0,109139.0,109189.0,300
2026-06-13 02:35:00,109191.0,109196.0,109137.0,109143.0,300
2026-06-13 02:40:00,109141.0,109155.0,109125.0,109151.0,300
2026-06-13 02:45:00,109149.0,109165.0,109113.0,109131.0,300
2026-06-13 02:50:00,109129.0,109159.0,109117.0,109139.0,300
2026-06-13 02:55:00,109137.0,109152.0,109107.0,109138.0,300
2026-06-13 03:00:00,109139.0,109164.0,109118.0,109161.0,300
2026-06-13 03:05:00,109163.0,109171.0,109108.0,109121.0,300
2026-06-13 03:10:00,109123.0,109149.0,109094.0,109147.0,300
2026-06-13 03:15:00,109146.0,109201.0,109142.0,109178.0,300
2026-06-13 03:20:00,109179.0,109204.0,109169.0,109199.0,300
2026-06-13 03:25:00,109201.0,109203.0,109155.0,109184.0,300
2026-06-13 03:30:00,109183.0,109184.0,109113.0,109127.0,300
2026-06-13 03:35:00,109125.0,109157.0,109111.0,109114.0,300
2026-06-13 03:40:00,109113.0,109137.0,109111.0,109118.0,300
2026-06-13 03:45:00,109120.0,109167.0,109117.0,109147.0,300
2026-06-13 03:50:00,109146.0,109158.0,109130.0,109137.0,300
2026-06-13 03:55:00,109135.0,109139.0,109090.0,109090.0,300
2026-06-13 04:00:00,109092.0,109101.0,109064.0,109092.0,300
2026-06-13 04:05:00,109091.0,109105.0,109085.0,109095.0,300
2026-06-13 04:10:00,109093.0,109109.0,109063.0,109095.0,300
2026-06-13 04:15:00,109094.0,109104.0,109063.0,109065.0,300
2026-06-13 04:20:00,109064.0,109109.0,109064.0,109107.0,300
2026-06-13 04:25:00,109108.0,109124.0,109078.0,109083.0,300
2026-06-13 04:30:00,109081.0,109086.0,109053.0,109072.0,300
2026-06-13 04:35:00,109074.0,109110.0,109063.0,109086.0,300
2026-06-13 04:40:00,109084.0,109092.0,109026.0,109029.0,300
2026-06-13 04:45:00,109030.0,109067.0,109018.0,109060.0,300
2026-06-13 04:50:00,109062.0,109080.0,109019.0,109022.0,300
2026-06-13 04:55:00,109021.0,109021.0,108970.0,108987.0,300
2026-06-13 05:00:00,108988.0,108994.0,108928.0,108937.0,300
2026-06-13 05:05:00,108938.0,108943.0,108892.0,108906.0,300
2026-06-13 05:10:00,108907.0,108921.0,108877.0,108885.0,300
2026-06-13 05:15:00,108884.0,108911.0,108883.0,108889.0,300
2026-06-13 05:20:00,108887.0,108897.0,108861.0,108877.0,300
2026-06-13 05:25:00,108876.0,108921.0,108875.0,108918.0,300
2026-06-13 05:30:00,108920.0,108921.0,108874.0,108876.0,300
2026-06-13 05:35:00,108874.0,108888.0,108859.0,108883.0,300
2026-06-13 05:40:00,108885.0,108902.0,108868.0,108886.0,300
2026-06-13 05:45:00,108888.0,108910.0,108876.0,108908.0,300
2026-06-13 05:50:00,108910.0,108911.0,108875.0,108875.0,300
2026-06-13 05:55:00,108874.0,108903.0,108874.0,108896.0,300
2026-06-13 06:00:00,108894.0,108904.0,108852.0,108859.0,300
2026-06-13 06:05:00,108857.0,108888.0,108844.0,108880.0,300
2026-06-13 06:10:00,108878.0,108895.0,108856.0,108857.0,300
2026-06-13 06:15:00,108856.0,108859.0,108828.0,108830.0,300
2026-06-13 06:20:00,108832.0,108836.0,108772.0,108780.0,300
2026-06-13 06:25:00,108778.0,108811.0,108773.0,108790.0,300
2026-06-13 06:30:00,108789.0,108815.0,108788.0,108809.0,300
2026-06-13 06:35:00,108808.0,108855.0,108803.0,108851.0,300
2026-06-13 06:40:00,108853.0,108861.0,108826.0,108828.0,300
2026-06-13 06:45:00,108830.0,108878.0,108830.0,108866.0,300
2026-06-13 06:50:00,108864.0,108876.0,108849.0,108857.0,300
2026-06-13 06:55:00,108858.0,108882.0,108854.0,108882.0,300
2026-06-13 07:00:00,108880.0,108891.0,108866.0,108881.0,300
2026-06-13 07:05:00,108879.0,108892.0,108863.0,108871.0,300
2026-06-13 07:10:00,108869.0,108910.0,108869.0,108884.0,299
2026-06-13 07:15:00,108882.0,108931.0,108879.0,108896.0,301
2026-06-13 07:20:00,108894.0,108894.0,108857.0,108869.0,299
2026-06-13 07:25:00,108870.0,108888.0,108845.0,108846.0,301
2026-06-13 07:30:00,108845.0,108861.0,108833.0,108857.0,299
2026-06-13 07:35:00,108858.0,108862.0,108835.0,108847.0,301
2026-06-13 07:40:00,108848.0,108860.0,108823.0,108839.0,299
2026-06-13 07:45:00,108837.0,108838.0,108778.0,108812.0,300
2026-06-13 07:50:00,108811.0,108828.0,108784.0,108784.0,300
2026-06-13 07:55:00,108786.0,108791.0,108755.0,108779.0,300
2026-06-13 08:00:00,108777.0,108800.0,108773.0,108799.0,300
2026-06-13 08:05:00,108797.0,108805.0,108769.0,108785.0,300
2026-06-13 08:10:00,108787.0,108809.0,108776.0,108793.0,300
2026-06-13 08:15:00,108792.0,108808.0,108768.0,108801.0,300
2026-06-13 08:20:00,108802.0,108804.0,108759.0,108787.0,300
2026-06-13 08:25:00,108789.0,108807.0,108777.0,108803.0,300
2026-06-13 08:30:00,108804.0,108810.0,108747.0,108775.0,300
2026-06-13 08:35:00,108774.0,108858.0,108771.0,108857.0,300
2026-06-13 08:40:00,108858.0,108863.0,108833.0,108835.0,300
2026-06-13 08:45:00,108836.0,108884.0,108836.0,108881.0,300
2026-06-13 08:50:00,108879.0,108882.0,108848.0,108851.0,300
2026-06-13 08:55:00,108850.0,108859.0,108811.0,108829.0,300
2026-06-13 09:00:00,108830.0,108830.0,108774.0,108811.0,300
2026-06-13 09:05:00,108810.0,108813.0,108789.0,108807.0,300
2026-06-13 09:10:00,108805.0,108810.0,108742.0,108744.0,300
2026-06-13 09:15:00,108742.0,108746.0,108682.0,108683.0,300
2026-06-13 09:20:00,108685.0,108716.0,108676.0,108704.0,300
2026-06-13 09:25:00,108703.0,108738.0,108687.0,108738.0,300
2026-06-13 09:30:00,108739.0,108804.0,108729.0,108796.0,300
2026-06-13 09:35:00,108798.0,108812.0,108770.0,108802.0,300
2026-06-13 09:40:00,108804.0,108832.0,108793.0,108825.0,300
2026-06-13 09:45:00,108826.0,108831.0,108807.0,108814.0,300
2026-06-13 09:50:00,108812.0,108836.0,108799.0,108835.0,300
2026-06-13 09:55:00,108837.0,108854.0,108829.0,108835.0,300
2026-06-13 10:00:00,108833.0,108874.0,108831.0,108851.0,300
2026-06-13 10:05:00,108853.0,108883.0,108844.0,108873.0,300
2026-06-13 10:10:00,108871.0,108889.0,108864.0,108883.0,300
2026-06-13 10:15:00,108881.0,108950.0,108881.0,108937.0,300
2026-06-13 10:20:00,108936.0,108981.0,108927.0,108963.0,300
2026-06-13 10:25:00,108964.0,108971.0,108928.0,108942.0,300
2026-06-13 10:30:00,108941.0,108963.0,108931.0,108943.0,300
2026-06-13 10:35:00,108945.0,108965.0,108935.0,108943.0,300
2026-06-13 10:40:00,108942.0,108948.0,108901.0,108901.0,300
2026-06-13 10:45:00,108903.0,108914.0,108889.0,108907.0,300
2026-06-13 10:50:00,108909.0,108933.0,108898.0,108904.0,300
2026-06-13 10:55:00,108905.0,108946.0,108905.0,108946.0,300
2026-06-13 11:00:00,108945.0,108945.0,108899.0,108911.0,300
2026-06-13 11:05:00,108910.0,108967.0,108908.0,108930.0,300
2026-06-13 11:10:00,108931.0,108964.0,108928.0,108944.0,281
2026-06-13 11:15:00,108946.0,108946.0,108939.0,108939.0,11
2026-06-13 11:20:00,108939.0,108953.0,108927.0,108943.0,185
2026-06-13 11:25:00,108942.0,108987.0,108938.0,108963.0,300
2026-06-13 11:30:00,108964.0,108973.0,108930.0,108962.0,300
2026-06-13 11:35:00,108964.0,108985.0,108944.0,108971.0,300
2026-06-13 11:40:00,108969.0,108976.0,108941.0,108957.0,300
2026-06-13 11:45:00,108959.0,108959.0,108908.0,108920.0,300
2026-06-13 11:50:00,108922.0,108958.0,108908.0,108956.0,300
2026-06-13 11:55:00,108954.0,108984.0,108940.0,108977.0,300
2026-06-13 12:00:00,108978.0,109012.0,108965.0,109009.0,300
2026-06-13 12:05:00,109008.0,109030.0,108974.0,108974.0,300
2026-06-13 12:10:00,108976.0,109013.0,108970.0,109004.0,300
2026-06-13 12:15:00,109005.0,109033.0,109000.0,109022.0,300
2026-06-13 12:20:00,109020.0,109020.0,108976.0,109000.0,300
2026-06-13 12:25:00,109002.0,109020.0,108974.0,109018.0,300
2026-06-13 12:30:00,109016.0,109023.0,109000.0,109011.0,300
2026-06-13 12:35:00,109010.0,109043.0,108990.0,109038.0,300
2026-06-13 12:40:00,109036.0,109051.0,109019.0,109048.0,300
2026-06-13 12:45:00,109046.0,109074.0,109040.0,109046.0,300
2026-06-13 12:50:00,109047.0,109064.0,109036.0,109053.0,300
2026-06-13 12:55:00,109052.0,109059.0,109024.0,109039.0,300
2026-06-13 13:00:00,109041.0,109052.0,109028.0,109049.0,300
2026-06-13 13:05:00,109050.0,109084.0,109046.0,109064.0,300
2026-06-13 13:10:00,109062.0,109093.0,109056.0,109084.0,300
2026-06-13 13:15:00,109085.0,109108.0,109072.0,109088.0,300
2026-06-13 13:20:00,109086.0,109116.0,109084.0,109096.0,300
2026-06-13 13:25:00,109095.0,109127.0,109095.0,109109.0,300
2026-06-13 13:30:00,109108.0,109133.0,109089.0,109093.0,300
2026-06-13 13:35:00,109095.0,109119.0,109094.0,109108.0,300
2026-06-13 13:40:00,109109.0,109109.0,109060.0,109075.0,300
2026-06-13 13:45:00,109073.0,109122.0,109070.0,109098.0,300
2026-06-13 13:50:00,109097.0,109097.0,109060.0,109064.0,300
2026-06-13 13:55:00,109065.0,109068.0,109032.0,109063.0,300
2026-06-13 14:00:00,109064.0,109086.0,109056.0,109081.0,300
2026-06-13 14:05:00,109083.0,109112.0,109068.0,109091.0,300
2026-06-13 14:10:00,109092.0,109122.0,109087.0,109108.0,300
2026-06-13 14:15:00,109110.0,109126.0,109079.0,109086.0,300
2026-06-13 14:20:00,109085.0,109101.0,109072.0,109080.0,300
2026-06-13 14:25:00,109079.0,109095.0,109050.0,109056.0,300
2026-06-13 14:30:00,109057.0,109071.0,109043.0,109065.0,300
2026-06-13 14:35:00,109064.0,109077.0,109052.0,109054.0,300
2026-06-13 14:40:00,109052.0,109055.0,108980.0,108986.0,300
2026-06-13 14:45:00,108985.0,109009.0,108980.0,109005.0,300
2026-06-13 14:50:00,109006.0,109045.0,108996.0,109045.0,300
2026-06-13 14:55:00,109046.0,109073.0,109025.0,109025.0,300
2026-06-13 15:00:00,109024.0,109031.0,109006.0,109013.0,300
2026-06-13 15:05:00,109011.0,109057.0,108998.0,109019.0,300
2026-06-13 15:10:00,109021.0,109023.0,108993.0,108993.0,300
2026-06-13 15:15:00,108991.0,109018.0,108989.0,109014.0,300
2026-06-13 15:20:00,109012.0,109064.0,109008.0,109059.0,300
2026-06-13 15:25:00,109057.0,109060.0,109015.0,109017.0,300
2026-06-13 15:30:00,109015.0,109045.0,109008.0,109042.0,300
2026-06-13 15:35:00,109043.0,109049.0,109017.0,109034.0,300
2026-06-13 15:40:00,109036.0,109080.0,109021.0,109073.0,300
2026-06-13 15:45:00,109075.0,109075.0,109030.0,109055.0,300
2026-06-13 15:50:00,109053.0,109098.0,109049.0,109092.0,300
2026-06-13 15:55:00,109090.0,109105.0,109066.0,109067.0,300
2026-06-13 16:00:00,109065.0,109076.0,109037.0,109057.0,300
2026-06-13 16:05:00,109058.0,109071.0,109042.0,109063.0,300
2026-06-13 16:10:00,109064.0,109096.0,109061.0,109082.0,300
2026-06-13 16:15:00,109080.0,109092.0,109065.0,109087.0,300
2026-06-13 16:20:00,109086.0,109101.0,109071.0,109094.0,300
2026-06-13 16:25:00,109092.0,109098.0,109051.0,109061.0,300
2026-06-13 16:30:00,109059.0,109066.0,109042.0,109051.0,300
2026-06-13 16:35:00,109053.0,109072.0,109040.0,109054.0,300
2026-06-13 16:40:00,109052.0,109065.0,109031.0,109047.0,300
2026-06-13 16:45:00,109049.0,109055.0,109017.0,109045.0,300
2026-06-13 16:50:00,109046.0,109058.0,109023.0,109048.0,300
2026-06-13 16:55:00,109049.0,109087.0,109035.0,109057.0,300
2026-06-13 17:00:00,109056.0,109057.0,109020.0,109025.0,300
2026-06-13 17:05:00,109024.0,109057.0,108998.0,109048.0,300
2026-06-13 17:10:00,109050.0,109057.0,109026.0,109029.0,300
2026-06-13 17:15:00,109027.0,109036.0,108987.0,109001.0,300
2026-06-13 17:20:00,109003.0,109020.0,108990.0,108990.0,300
2026-06-13 17:25:00,108989.0,109019.0,108969.0,109019.0,300
2026-06-13 17:30:00,109020.0,109038.0,109007.0,109028.0,300
2026-06-13 17:35:00,109026.0,109046.0,109014.0,109032.0,300
2026-06-13 17:40:00,109031.0,109059.0,109018.0,109053.0,300
2026-06-13 17:45:00,109054.0,109085.0,109054.0,109061.0,300
2026-06-13 17:50:00,109059.0,109071.0,109017.0,109017.0,300
2026-06-13 17:55:00,109015.0,109025.0,108972.0,108974.0,300
2026-06-13 18:00:00,108975.0,109038.0,108975.0,109035.0,300
2026-06-13 18:05:00,109037.0,109039.0,108994.0,109005.0,300
2026-06-13 18:10:00,109004.0,109010.0,108978.0,108987.0,300
2026-06-13 18:15:00,108986.0,108995.0,108966.0,108977.0,300
2026-06-13 18:20:00,108979.0,109012.0,108979.0,109004.0,300
2026-06-13 18:25:00,109005.0,109005.0,108933.0,108941.0,300
2026-06-13 18:30:00,108939.0,108952.0,108911.0,108923.0,300
2026-06-13 18:35:00,108924.0,108974.0,108924.0,108960.0,300
2026-06-13 18:40:00,108959.0,108975.0,108942.0,108949.0,300
2026-06-13 18:45:00,108951.0,108962.0,108910.0,108915.0,300
2026-06-13 18:50:00,108913.0,108920.0,108876.0,108882.0,300
2026-06-13 18:55:00,108880.0,108896.0,108856.0,108858.0,300
2026-06-13 19:00:00,108857.0,108924.0,108854.0,108924.0,300
2026-06-13 19:05:00,108923.0,108929.0,108894.0,108902.0,300
2026-06-13 19:10:00,108903.0,108915.0,108854.0,108880.0,300
2026-06-13 19:15:00,108882.0,108899.0,108864.0,108891.0,300
2026-06-13 19:20:00,108890.0,108963.0,108890.0,108958.0,300
2026-06-13 19:25:00,108959.0,108973.0,108934.0,108943.0,300
2026-06-13 19:30:00,108945.0,108978.0,108940.0,108968.0,300
2026-06-13 19:35:00,108966.0,109013.0,108966.0,109005.0,300
2026-06-13 19:40:00,109007.0,109013.0,108955.0,108969.0,300
2026-06-13 19:45:00,108967.0,109023.0,108963.0,109015.0,300
2026-06-13 19:50:00,109016.0,109024.0,108994.0,108998.0,300
2026-06-13 19:55:00,109000.0,109053.0,109000.0,109030.0,300
2026-06-13 20:00:00,109029.0,109043.0,109007.0,109037.0,300
2026-06-13 20:05:00,109035.0,109086.0,109034.0,109083.0,300
2026-06-13 20:10:00,109081.0,109109.0,109080.0,109106.0,300
2026-06-13 20:15:00,109105.0,109118.0,109094.0,109107.0,300
2026-06-13 20:20:00,109108.0,109131.0,109097.0,109127.0,300
2026-06-13 20:25:00,109126.0,109145.0,109112.0,109131.0,300
2026-06-13 20:30:00,109133.0,109177.0,109130.0,109177.0,300
2026-06-13 20:35:00,109175.0,109201.0,109147.0,109201.0,300
2026-06-13 20:40:00,109199.0,109221.0,109188.0,109203.0,300
2026-06-13 20:45:00,109202.0,109225.0,109172.0,109175.0,300
2026-06-13 20:50:00,109174.0,109176.0,109120.0,109136.0,300
2026-06-13 20:55:00,109135.0,109143.0,109118.0,109140.0,300
2026-06-13 21:00:00,109142.0,109197.0,109142.0,109181.0,300
2026-06-13 21:05:00,109180.0,109196.0,109166.0,109193.0,300
2026-06-13 21:10:00,109195.0,109218.0,109185.0,109193.0,300
2026-06-13 21:15:00,109194.0,109206.0,109178.0,109184.0,300
2026-06-13 21:20:00,109183.0,109190.0,109107.0,109108.0,300
2026-06-13 21:25:00,109109.0,109145.0,109105.0,109144.0,300
2026-06-13 21:30:00,109143.0,109197.0,109137.0,109188.0,300
2026-06-13 21:35:00,109186.0,109211.0,109186.0,109205.0,300
2026-06-13 21:40:00,109203.0,109247.0,109198.0,109233.0,300
2026-06-13 21:45:00,109234.0,109249.0,109210.0,109225.0,300
2026-06-13 21:50:00,109226.0,109234.0,109202.0,109203.0,300
2026-06-13 21:55:00,109201.0,109245.0,109201.0,109210.0,300
2026-06-13 22:00:00,109208.0,109224.0,109196.0,109208.0,300
2026-06-13 22:05:00,109206.0,109240.0,109192.0,109234.0,300
2026-06-13 22:10:00,109232.0,109236.0,109199.0,109214.0,300
2026-06-13 22:15:00,109216.0,109251.0,109203.0,109243.0,300
2026-06-13 22:20:00,109244.0,109268.0,109222.0,109261.0,300
2026-06-13 22:25:00,109260.0,109272.0,109237.0,109268.0,300
2026-06-13 22:30:00,109266.0,109302.0,109253.0,109293.0,300
2026-06-13 22:35:00,109294.0,109309.0,109288.0,109289.0,300
2026-06-13 22:40:00,109291.0,109298.0,109264.0,109283.0,300
2026-06-13 22:45:00,109285.0,109287.0,109244.0,109269.0,300
2026-06-13 22:50:00,109268.0,109317.0,109268.0,109303.0,300
2026-06-13 22:55:00,109305.0,109313.0,109281.0,109306.0,300
2026-06-13 23:00:00,109307.0,109315.0,109284.0,109304.0,300
2026-06-13 23:05:00,109306.0,109334.0,109285.0,109292.0,300
2026-06-13 23:10:00,109291.0,109304.0,109267.0,109291.0,300
2026-06-13 23:15:00,109290.0,109303.0,109264.0,109268.0,300
2026-06-13 23:20:00,109269.0,109282.0,109250.0,109259.0,300
2026-06-13 23:25:00,109260.0,109316.0,109258.0,109273.0,300
2026-06-13 23:30:00,109275.0,109320.0,109271.0,109316.0,300
2026-06-13 23:35:00,109317.0,109351.0,109295.0,109348.0,300
2026-06-13 23:40:00,109347.0,109353.0,109320.0,109344.0,300
2026-06-13 23:45:00,109346.0,109348.0,109299.0,109325.0,300
2026-06-13 23:50:00,109323.0,109373.0,109321.0,109345.0,300
2026-06-13 23:55:00,109346.0,109365.0,109332.0,109364.0,300
2026-06-14 00:00:00,109362.0,109375.0,109351.0,109374.0,300
2026-06-14 00:05:00,109375.0,109383.0,109293.0,109297.0,300
2026-06-14 00:10:00,109299.0,109303.0,109278.0,109302.0,300
2026-06-14 00:15:00,109303.0,109303.0,109256.0,109262.0,300
2026-06-14 00:20:00,109264.0,109275.0,109247.0,109257.0,300
2026-06-14 00:25:00,109259.0,109264.0,109237.0,109241.0,300
2026-06-14 00:30:00,109240.0,109292.0,109229.0,109263.0,300
2026-06-14 00:35:00,109262.0,109271.0,109200.0,109205.0,300
2026-06-14 00:40:00,109204.0,109230.0,109198.0,109200.0,300
2026-06-14 00:45:00,109199.0,109205.0,109155.0,109156.0,300
2026-06-14 00:50:00,109155.0,109191.0,109148.0,109166.0,300
2026-06-14 00:55:00,109164.0,109165.0,109122.0,109146.0,300
2026-06-14 01:00:00,109144.0,109154.0,109122.0,109150.0,300
2026-06-14 01:05:00,109151.0,109159.0,109132.0,109154.0,299
2026-06-14 01:10:00,109155.0,109215.0,109152.0,109212.0,300
2026-06-14 01:15:00,109214.0,109223.0,109161.0,109169.0,300
2026-06-14 01:20:00,109171.0,109181.0,109153.0,109181.0,300
2026-06-14 01:25:00,109180.0,109197.0,109164.0,109190.0,300
2026-06-14 01:30:00,109189.0,109228.0,109183.0,109225.0,300
2026-06-14 01:35:00,109224.0,109232.0,109202.0,109202.0,300
2026-06-14 01:40:00,109201.0,109223.0,109198.0,109215.0,300
2026-06-14 01:45:00,109216.0,109251.0,109202.0,109251.0,300
2026-06-14 01:50:00,109250.0,109289.0,109248.0,109274.0,300
2026-06-14 01:55:00,109272.0,109274.0,109248.0,109256.0,300
2026-06-14 02:00:00,109255.0,109272.0,109243.0,109256.0,300
2026-06-14 02:05:00,109258.0,109282.0,109223.0,109223.0,300
2026-06-14 02:10:00,109224.0,109237.0,109216.0,109227.0,300
2026-06-14 02:15:00,109226.0,109239.0,109198.0,109231.0,300
2026-06-14 02:20:00,109230.0,109236.0,109191.0,109192.0,300
2026-06-14 02:25:00,109191.0,109207.0,109171.0,109180.0,300
2026-06-14 02:30:00,109182.0,109184.0,109148.0,109162.0,300
2026-06-14 02:35:00,109160.0,109162.0,109142.0,109151.0,300
2026-06-14 02:40:00,109149.0,109151.0,109124.0,109126.0,300
2026-06-14 02:45:00,109124.0,109124.0,109085.0,109090.0,300
2026-06-14 02:50:00,109088.0,109116.0,109086.0,109104.0,300
2026-06-14 02:55:00,109106.0,109116.0,109082.0,109092.0,300
2026-06-14 03:00:00,109091.0,109114.0,109077.0,109083.0,300
2026-06-14 03:05:00,109082.0,109112.0,109055.0,109099.0,300
2026-06-14 03:10:00,109098.0,109122.0,109080.0,109112.0,300
2026-06-14 03:15:00,109110.0,109129.0,109102.0,109121.0,300
2026-06-14 03:20:00,109122.0,109175.0,109113.0,109173.0,300
2026-06-14 03:25:00,109175.0,109191.0,109139.0,109145.0,300
2026-06-14 03:30:00,109147.0,109179.0,109142.0,109163.0,300
2026-06-14 03:35:00,109165.0,109165.0,109116.0,109120.0,300
2026-06-14 03:40:00,109122.0,109177.0,109120.0,109151.0,300
2026-06-14 03:45:00,109149.0,109159.0,109137.0,109146.0,300
2026-06-14 03:50:00,109144.0,109191.0,109138.0,109187.0,300
2026-06-14 03:55:00,109188.0,109230.0,109177.0,109212.0,300
2026-06-14 04:00:00,109210.0,109264.0,109201.0,109254.0,300
2026-06-14 04:05:00,109252.0,109301.0,109247.0,109275.0,300
2026-06-14 04:10:00,109277.0,109295.0,109276.0,109286.0,300
2026-06-14 04:15:00,109285.0,109312.0,109285.0,109309.0,300
2026-06-14 04:20:00,109311.0,109324.0,109280.0,109296.0,300
2026-06-14 04:25:00,109294.0,109300.0,109248.0,109252.0,300
2026-06-14 04:30:00,109253.0,109273.0,109232.0,109270.0,300
2026-06-14 04:35:00,109269.0,109283.0,109232.0,109232.0,300
2026-06-14 04:40:00,109230.0,109231.0,109199.0,109205.0,300
2026-06-14 04:45:00,109206.0,109245.0,109195.0,109236.0,300
2026-06-14 04:50:00,109238.0,109247.0,109198.0,109207.0,300
2026-06-14 04:55:00,109205.0,109223.0,109167.0,109181.0,300
2026-06-14 05:00:00,109183.0,109206.0,109183.0,109200.0,300
2026-06-14 05:05:00,109201.0,109243.0,109184.0,109240.0,300
2026-06-14 05:10:00,109238.0,109243.0,109189.0,109198.0,300
2026-06-14 05:15:00,109200.0,109212.0,109179.0,109191.0,300
2026-06-14 05:20:00,109190.0,109192.0,109145.0,109153.0,300
2026-06-14 05:25:00,109154.0,109202.0,109139.0,109183.0,300
2026-06-14 05:30:00,109184.0,109203.0,109171.0,109186.0,300
2026-06-14 05:35:00,109185.0,109194.0,109161.0,109180.0,300
2026-06-14 05:40:00,109178.0,109181.0,109140.0,109142.0,300
2026-06-14 05:45:00,109143.0,109171.0,109133.0,109149.0,300
2026-06-14 05:50:00,109147.0,109147.0,109080.0,109084.0,300
2026-06-14 05:55:00,109083.0,109144.0,109071.0,109137.0,300
2026-06-14 06:00:00,109135.0,109146.0,109110.0,109135.0,300
2026-06-14 06:05:00,109136.0,109143.0,109097.0,109127.0,300
2026-06-14 06:10:00,109126.0,109134.0,109093.0,109129.0,300
2026-06-14 06:15:00,109127.0,109129.0,109097.0,109109.0,300
2026-06-14 06:20:00,109108.0,109119.0,109082.0,109094.0,300
2026-06-14 06:25:00,109092.0,109096.0,109045.0,109049.0,300
2026-06-14 06:30:00,109048.0,109064.0,109012.0,109021.0,300
2026-06-14 06:35:00,109023.0,109051.0,109010.0,109046.0,300
2026-06-14 06:40:00,109048.0,109093.0,109047.0,109086.0,300
2026-06-14 06:45:00,109084.0,109103.0,109055.0,109092.0,300
2026-06-14 07:00:00,109090.0,109102.0,109068.0,109073.0,300
2026-06-14 07:05:00,109071.0,109078.0,109054.0,109070.0,300
2026-06-14 07:10:00,109069.0,109084.0,109047.0,109079.0,300
2026-06-14 07:15:00,109081.0,109118.0,109070.0,109103.0,300
2026-06-14 07:20:00,109102.0,109147.0,109097.0,109137.0,300
2026-06-14 07:25:00,109136.0,109164.0,109122.0,109161.0,300
2026-06-14 07:30:00,109159.0,109167.0,109130.0,109160.0,300
2026-06-14 07:35:00,109158.0,109164.0,109101.0,109120.0,300
2026-06-14 07:40:00,109121.0,109136.0,109088.0,109131.0,300
2026-06-14 07:45:00,109130.0,109165.0,109124.0,109158.0,300
2026-06-14 07:50:00,109157.0,109181.0,109148.0,109178.0,300
2026-06-14 07:55:00,109177.0,109227.0,109169.0,109227.0,300
2026-06-14 08:00:00,109229.0,109271.0,109221.0,109260.0,299
2026-06-14 08:05:00,109259.0,109272.0,109241.0,109256.0,300
2026-06-14 08:10:00,109254.0,109255.0,109164.0,109184.0,300
2026-06-14 08:15:00,109185.0,109193.0,109163.0,109188.0,300
2026-06-14 08:20:00,109187.0,109197.0,109174.0,109176.0,300
2026-06-14 08:25:00,109175.0,109187.0,109155.0,109163.0,300
2026-06-14 08:30:00,109165.0,109215.0,109157.0,109208.0,300
2026-06-14 08:35:00,109209.0,109269.0,109205.0,109255.0,300
2026-06-14 08:40:00,109256.0,109270.0,109242.0,109253.0,300
2026-06-14 08:45:00,109255.0,109264.0,109242.0,109253.0,300
2026-06-14 08:50:00,109251.0,109280.0,109247.0,109253.0,300
2026-06-14 08:55:00,109252.0,109300.0,109240.0,109249.0,300
2026-06-14 09:00:00,109251.0,109264.0,109232.0,109264.0,300
2026-06-14 09:05:00,109262.0,109270.0,109243.0,109258.0,300
2026-06-14 09:10:00,109257.0,109285.0,109224.0,109266.0,300
2026-06-14 09:15:00,109265.0,109268.0,109224.0,109236.0,300
2026-06-14 09:20:00,109237.0,109274.0,109221.0,109222.0,300
2026-06-14 09:25:00,109221.0,109241.0,109213.0,109217.0,300
2026-06-14 09:30:00,109215.0,109217.0,109188.0,109212.0,300
2026-06-14 09:35:00,109210.0,109241.0,109196.0,109241.0,300
2026-06-14 09:40:00,109243.0,109247.0,109203.0,109216.0,291
2026-06-14 09:45:00,109218.0,109241.0,109210.0,109227.0,300
2026-06-14 09:50:00,109225.0,109231.0,109184.0,109186.0,300
2026-06-14 09:55:00,109188.0,109242.0,109178.0,109234.0,300
2026-06-14 10:00:00,109235.0,109254.0,109206.0,109207.0,300
2026-06-14 10:05:00,109206.0,109235.0,109201.0,109235.0,300
2026-06-14 10:10:00,109233.0,109245.0,109204.0,109210.0,300
2026-06-14 10:15:00,109208.0,109214.0,109156.0,109158.0,300
2026-06-14 10:20:00,109157.0,109169.0,109136.0,109154.0,300
2026-06-14 10:25:00,109156.0,109181.0,109155.0,109169.0,300
2026-06-14 10:30:00,109171.0,109183.0,109155.0,109171.0,300
2026-06-14 10:35:00,109169.0,109169.0,109069.0,109073.0,300
2026-06-14 10:40:00,109072.0,109072.0,108995.0,108998.0,300
2026-06-14 10:45:00,108996.0,109006.0,108969.0,108969.0,300
2026-06-14 10:50:00,108970.0,109001.0,108959.0,108998.0,300
2026-06-14 10:55:00,108996.0,109052.0,108991.0,109052.0,300
2026-06-14 11:00:00,109051.0,109097.0,109047.0,109090.0,300
2026-06-14 11:05:00,109092.0,109118.0,109079.0,109117.0,300
2026-06-14 11:10:00,109119.0,109134.0,109084.0,109088.0,300
2026-06-14 11:15:00,109090.0,109102.0,109025.0,109047.0,300
2026-06-14 11:20:00,109048.0,109049.0,109010.0,109021.0,300
2026-06-14 11:25:00,109023.0,109063.0,109018.0,109033.0,300
2026-06-14 11:30:00,109031.0,109097.0,109011.0,109081.0,300
2026-06-14 11:35:00,109080.0,109091.0,109062.0,109062.0,300
2026-06-14 11:40:00,109061.0,109097.0,109060.0,109093.0,300
2026-06-14 11:45:00,109092.0,109106.0,109067.0,109076.0,300
2026-06-14 11:50:00,109074.0,109092.0,109059.0,109073.0,300
2026-06-14 11:55:00,109074.0,109118.0,109056.0,109103.0,300
2026-06-14 12:00:00,109101.0,109110.0,109076.0,109078.0,300
2026-06-14 12:05:00,109076.0,109083.0,109032.0,109065.0,300
2026-06-14 12:10:00,109064.0,109083.0,109051.0,109063.0,300
2026-06-14 12:15:00,109065.0,109083.0,109038.0,109051.0,300
2026-06-14 12:20:00,109049.0,109054.0,109021.0,109031.0,300
2026-06-14 12:25:00,109030.0,109045.0,109000.0,109014.0,300
2026-06-14 12:30:00,109013.0,109028.0,108996.0,109003.0,300
2026-06-14 12:35:00,109001.0,109002.0,108918.0,108921.0,300
2026-06-14 12:40:00,108920.0,108923.0,108871.0,108886.0,300
2026-06-14 12:45:00,108885.0,108945.0,108880.0,108940.0,300
2026-06-14 12:50:00,108942.0,108965.0,108930.0,108950.0,300
2026-06-14 12:55:00,108952.0,108968.0,108931.0,108963.0,300
2026-06-14 13:00:00,108961.0,108972.0,108943.0,108962.0,300
2026-06-14 13:05:00,108964.0,108973.0,108950.0,108962.0,300
2026-06-14 13:10:00,108963.0,109037.0,108955.0,109036.0,300
2026-06-14 13:15:00,109038.0,109086.0,109034.0,109066.0,300
2026-06-14 13:20:00,109068.0,109106.0,109064.0,109102.0,300
2026-06-14 13:25:00,109103.0,109104.0,109082.0,109100.0,300
2026-06-14 13:30:00,109102.0,109127.0,109078.0,109099.0,300
2026-06-14 13:35:00,109097.0,109105.0,109070.0,109081.0,300
2026-06-14 13:40:00,109082.0,109118.0,109065.0,109089.0,300
2026-06-14 13:45:00,109091.0,109134.0,109071.0,109130.0,300
2026-06-14 13:50:00,109129.0,109158.0,109124.0,109139.0,300
2026-06-14 13:55:00,109140.0,109154.0,109124.0,109143.0,300
2026-06-14 14:00:00,109144.0,109156.0,109130.0,109144.0,300
2026-06-14 14:05:00,109142.0,109162.0,109122.0,109144.0,300
2026-06-14 14:10:00,109142.0,109173.0,109138.0,109144.0,300
2026-06-14 14:15:00,109142.0,109155.0,109120.0,109147.0,300
2026-06-14 14:20:00,109149.0,109149.0,109107.0,109118.0,300
2026-06-14 14:25:00,109120.0,109156.0,109094.0,109143.0,300
2026-06-14 14:30:00,109144.0,109160.0,109121.0,109135.0,300
2026-06-14 14:35:00,109137.0,109139.0,109069.0,109079.0,300
2026-06-14 14:40:00,109077.0,109086.0,109055.0,109077.0,300
2026-06-14 14:45:00,109076.0,109099.0,109060.0,109067.0,300
2026-06-14 14:50:00,109069.0,109084.0,109033.0,109044.0,300
2026-06-14 14:55:00,109043.0,109048.0,109021.0,109035.0,300
2026-06-14 15:00:00,109034.0,109050.0,109018.0,109032.0,300
2026-06-14 15:05:00,109034.0,109037.0,108958.0,108980.0,300
2026-06-14 15:10:00,108982.0,109002.0,108974.0,108976.0,300
2026-06-14 15:15:00,108978.0,109006.0,108959.0,108994.0,300
2026-06-14 15:20:00,108992.0,109002.0,108974.0,108985.0,300
2026-06-14 15:25:00,108983.0,109012.0,108970.0,108979.0,300
2026-06-14 15:30:00,108978.0,109004.0,108969.0,108995.0,300
2026-06-14 15:35:00,108996.0,109028.0,108993.0,109018.0,300
2026-06-14 15:40:00,109016.0,109037.0,109012.0,109026.0,300
2026-06-14 15:45:00,109027.0,109036.0,109014.0,109021.0,300
2026-06-14 15:50:00,109023.0,109065.0,109007.0,109032.0,300
2026-06-14 15:55:00,109030.0,109043.0,109005.0,109025.0,300
2026-06-14 16:00:00,109023.0,109029.0,109005.0,109027.0,300
2026-06-14 16:05:00,109025.0,109037.0,109003.0,109034.0,300
2026-06-14 16:10:00,109032.0,109046.0,109007.0,109016.0,300
2026-06-14 16:15:00,109018.0,109035.0,108998.0,109026.0,300
2026-06-14 16:20:00,109028.0,109065.0,109022.0,109043.0,300
2026-06-14 16:25:00,109041.0,109047.0,109008.0,109008.0,300
2026-06-14 16:30:00,109009.0,109015.0,108990.0,108990.0,300
2026-06-14 16:35:00,108991.0,108993.0,108961.0,108976.0,300
2026-06-14 16:40:00,108977.0,108980.0,108942.0,108962.0,300
2026-06-14 16:45:00,108961.0,108970.0,108933.0,108940.0,300
2026-06-14 16:50:00,108938.0,108962.0,108935.0,108935.0,300
2026-06-14 16:55:00,108934.0,108942.0,108893.0,108922.0,300
2026-06-14 17:00:00,108923.0,108942.0,108913.0,108924.0,300
2026-06-14 17:05:00,108926.0,108939.0,108897.0,108914.0,300
2026-06-14 17:10:00,108916.0,108926.0,108899.0,108919.0,300
2026-06-14 17:15:00,108920.0,108944.0,108916.0,108920.0,300
2026-06-14 17:20:00,108922.0,108925.0,108877.0,108904.0,300
2026-06-14 17:25:00,108905.0,108913.0,108875.0,108901.0,300
2026-06-14 17:30:00,108902.0,108907.0,108839.0,108840.0,300
2026-06-14 17:35:00,108841.0,108845.0,108819.0,108838.0,300
2026-06-14 17:40:00,108836.0,108837.0,108801.0,108809.0,300
2026-06-14 17:45:00,108811.0,108850.0,108811.0,108827.0,300
2026-06-14 17:50:00,108828.0,108839.0,108819.0,108838.0,300
2026-06-14 17:55:00,108836.0,108896.0,108832.0,108880.0,300
2026-06-14 18:00:00,108879.0,108915.0,108872.0,108912.0,300
2026-06-14 18:05:00,108914.0,108915.0,108862.0,108879.0,300
2026-06-14 18:10:00,108881.0,108894.0,108865.0,108876.0,300
2026-06-14 18:15:00,108875.0,108885.0,108832.0,108833.0,300
2026-06-14 18:20:00,108834.0,108848.0,108818.0,108844.0,300
2026-06-14 18:25:00,108846.0,108852.0,108812.0,108826.0,300
2026-06-14 18:30:00,108825.0,108883.0,108815.0,108853.0,300
2026-06-14 18:35:00,108854.0,108891.0,108854.0,108882.0,300
2026-06-14 18:40:00,108880.0,108896.0,108840.0,108843.0,300
2026-06-14 18:45:00,108842.0,108856.0,108823.0,108835.0,300
2026-06-14 18:50:00,108836.0,108849.0,108812.0,108820.0,300
2026-06-14 18:55:00,108822.0,108829.0,108795.0,108803.0,300
2026-06-14 19:00:00,108802.0,108834.0,108796.0,108799.0,300
2026-06-14 19:05:00,108801.0,108860.0,108799.0,108860.0,300
2026-06-14 19:10:00,108862.0,108862.0,108824.0,108831.0,300
2026-06-14 19:15:00,108829.0,108859.0,108820.0,108851.0,300
2026-06-14 19:20:00,108852.0,108862.0,108831.0,108848.0,300
2026-06-14 19:25:00,108850.0,108876.0,108841.0,108859.0,300
2026-06-14 19:30:00,108861.0,108877.0,108845.0,108849.0,300
2026-06-14 19:35:00,108850.0,108856.0,108797.0,108803.0,300
2026-06-14 19:40:00,108804.0,108834.0,108802.0,108808.0,300
2026-06-14 19:45:00,108806.0,108807.0,108772.0,108785.0,300
2026-06-14 19:50:00,108784.0,108816.0,108781.0,108807.0,300
2026-06-14 19:55:00,108806.0,108825.0,108789.0,108789.0,300
2026-06-14 20:00:00,108788.0,108804.0,108766.0,108787.0,300
2026-06-14 20:05:00,108789.0,108829.0,108789.0,108811.0,300
2026-06-14 20:10:00,108812.0,108817.0,108734.0,108737.0,300
2026-06-14 20:15:00,108738.0,108761.0,108717.0,108717.0,300
2026-06-14 20:20:00,108716.0,108725.0,108690.0,108704.0,300
2026-06-14 20:25:00,108703.0,108709.0,108684.0,108684.0,300
2026-06-14 20:30:00,108685.0,108721.0,108682.0,108712.0,300
2026-06-14 20:35:00,108710.0,108712.0,108675.0,108702.0,300
2026-06-14 20:40:00,108703.0,108714.0,108675.0,108685.0,300
2026-06-14 20:45:00,108686.0,108696.0,108633.0,108646.0,300
2026-06-14 20:50:00,108645.0,108652.0,108603.0,108609.0,300
2026-06-14 20:55:00,108610.0,108618.0,108552.0,108565.0,300
2026-06-14 21:00:00,108563.0,108591.0,108559.0,108565.0,300
2026-06-14 21:05:00,108563.0,108609.0,108558.0,108604.0,300
2026-06-14 21:10:00,108606.0,108657.0,108606.0,108653.0,300
2026-06-14 21:15:00,108652.0,108700.0,108652.0,108700.0,300
2026-06-14 21:20:00,108698.0,108722.0,108687.0,108702.0,300
2026-06-14 21:25:00,108704.0,108716.0,108679.0,108686.0,300
2026-06-14 21:30:00,108687.0,108687.0,108636.0,108640.0,300
2026-06-14 21:35:00,108641.0,108672.0,108611.0,108644.0,300
2026-06-14 21:40:00,108645.0,108649.0,108610.0,108624.0,300
2026-06-14 21:45:00,108623.0,108642.0,108619.0,108630.0,300
2026-06-14 21:50:00,108631.0,108648.0,108620.0,108624.0,300
2026-06-14 21:55:00,108626.0,108639.0,108611.0,108627.0,300
2026-06-14 22:00:00,108625.0,108639.0,108600.0,108602.0,300
2026-06-14 22:05:00,108603.0,108612.0,108571.0,108609.0,300
2026-06-14 22:10:00,108607.0,108626.0,108585.0,108595.0,300
2026-06-14 22:15:00,108594.0,108596.0,108562.0,108580.0,300
2026-06-14 22:20:00,108579.0,108600.0,108574.0,108574.0,300
2026-06-14 22:25:00,108573.0,108606.0,108566.0,108603.0,300
2026-06-14 22:30:00,108602.0,108629.0,108600.0,108616.0,300
2026-06-14 22:35:00,108617.0,108636.0,108602.0,108633.0,300
2026-06-14 22:40:00,108634.0,108712.0,108631.0,108710.0,300
2026-06-14 22:45:00,108709.0,108727.0,108693.0,108722.0,300
2026-06-14 22:50:00,108721.0,108745.0,108707.0,108730.0,300
2026-06-14 22:55:00,108729.0,108761.0,108727.0,108743.0,300
2026-06-14 23:00:00,108742.0,108749.0,108718.0,108724.0,300
2026-06-14 23:05:00,108723.0,108738.0,108715.0,108719.0,300
2026-06-14 23:10:00,108721.0,108749.0,108720.0,108744.0,300
2026-06-14 23:15:00,108743.0,108755.0,108729.0,108735.0,300
2026-06-14 23:20:00,108734.0,108750.0,108729.0,108735.0,300
2026-06-14 23:25:00,108736.0,108738.0,108690.0,108730.0,300
2026-06-14 23:30:00,108731.0,108756.0,108725.0,108729.0,300
2026-06-14 23:35:00,108727.0,108740.0,108692.0,108692.0,300
2026-06-14 23:40:00,108694.0,108740.0,108692.0,108737.0,300
2026-06-14 23:45:00,108736.0,108762.0,108730.0,108753.0,300
2026-06-14 23:50:00,108754.0,108777.0,108742.0,108745.0,300
2026-06-14 23:55:00,108744.0,108746.0,108706.0,108712.0,300
2026-06-15 00:00:00,108714.0,108738.0,108694.0,108736.0,300
2026-06-15 00:05:00,108735.0,108758.0,108709.0,108720.0,300
2026-06-15 00:10:00,108719.0,108767.0,108706.0,108746.0,300
2026-06-15 00:15:00,108747.0,108815.0,108747.0,108804.0,300
2026-06-15 00:20:00,108802.0,108818.0,108785.0,108817.0,300
2026-06-15 00:25:00,108815.0,108837.0,108796.0,108833.0,300
2026-06-15 00:30:00,108832.0,108864.0,108824.0,108860.0,300
2026-06-15 00:35:00,108862.0,108875.0,108838.0,108863.0,300
2026-06-15 00:40:00,108864.0,108875.0,108815.0,108825.0,300
2026-06-15 00:45:00,108824.0,108825.0,108777.0,108808.0,300
2026-06-15 00:50:00,108807.0,108824.0,108779.0,108804.0,300
2026-06-15 00:55:00,108803.0,108835.0,108794.0,108824.0,300
2026-06-15 01:00:00,108823.0,108874.0,108818.0,108853.0,300
2026-06-15 01:05:00,108851.0,108872.0,108847.0,108863.0,300
2026-06-15 01:10:00,108862.0,108890.0,108853.0,108883.0,300
2026-06-15 01:15:00,108882.0,108884.0,108849.0,108866.0,300
2026-06-15 01:20:00,108865.0,108884.0,108831.0,108839.0,300
2026-06-15 01:25:00,108841.0,108879.0,108837.0,108842.0,300
2026-06-15 01:30:00,108843.0,108847.0,108806.0,108827.0,300
2026-06-15 01:35:00,108825.0,108867.0,108808.0,108861.0,300
2026-06-15 01:40:00,108862.0,108895.0,108862.0,108873.0,300
2026-06-15 01:45:00,108875.0,108908.0,108865.0,108902.0,300
2026-06-15 01:50:00,108901.0,108915.0,108875.0,108906.0,300
2026-06-15 01:55:00,108907.0,108977.0,108902.0,108973.0,300
2026-06-15 02:00:00,108974.0,108986.0,108954.0,108954.0,300
2026-06-15 02:05:00,108952.0,108979.0,108935.0,108961.0,300
2026-06-15 02:10:00,108963.0,108996.0,108953.0,108989.0,300
2026-06-15 02:15:00,108990.0,108990.0,108953.0,108958.0,300
2026-06-15 02:20:00,108957.0,108991.0,108956.0,108988.0,300
2026-06-15 02:25:00,108989.0,108995.0,108967.0,108981.0,300
2026-06-15 02:30:00,108980.0,109008.0,108976.0,109002.0,300
2026-06-15 02:35:00,109004.0,109016.0,108960.0,108963.0,300
2026-06-15 02:40:00,108961.0,108962.0,108920.0,108939.0,300
2026-06-15 02:45:00,108938.0,108954.0,108917.0,108920.0,300
2026-06-15 02:50:00,108921.0,108970.0,108911.0,108969.0,300
2026-06-15 02:55:00,108971.0,108971.0,108924.0,108942.0,300
2026-06-15 03:00:00,108944.0,108966.0,108933.0,108950.0,300
2026-06-15 03:05:00,108952.0,108954.0,108919.0,108935.0,300
2026-06-15 03:10:00,108934.0,108964.0,108932.0,108933.0,300
2026-06-15 03:15:00,108934.0,108971.0,108925.0,108966.0,300
2026-06-15 03:20:00,108968.0,108980.0,108954.0,108971.0,300
2026-06-15 03:25:00,108972.0,108996.0,108957.0,108972.0,300
2026-06-15 03:30:00,108973.0,109009.0,108961.0,108990.0,300
2026-06-15 03:35:00,108988.0,109046.0,108982.0,109031.0,300
2026-06-15 03:40:00,109029.0,109038.0,109008.0,109008.0,300
2026-06-15 03:45:00,109007.0,109027.0,108995.0,109024.0,300
2026-06-15 03:50:00,109022.0,109051.0,109001.0,109051.0,300
2026-06-15 03:55:00,109053.0,109068.0,109023.0,109035.0,300
2026-06-15 04:00:00,109033.0,109035.0,108971.0,108978.0,300
2026-06-15 04:05:00,108979.0,109003.0,108967.0,108989.0,300
2026-06-15 04:10:00,108991.0,108992.0,108934.0,108952.0,300
2026-06-15 04:15:00,108950.0,108991.0,108949.0,108954.0,300
2026-06-15 04:20:00,108952.0,108971.0,108945.0,108965.0,300
2026-06-15 04:25:00,108966.0,108972.0,108948.0,108960.0,300
2026-06-15 04:30:00,108958.0,108971.0,108930.0,108936.0,300
2026-06-15 04:35:00,108934.0,108956.0,108927.0,108935.0,300
2026-06-15 04:40:00,108937.0,108942.0,108919.0,108927.0,300
2026-06-15 04:45:00,108928.0,108937.0,108895.0,108916.0,300
2026-06-15 04:50:00,108915.0,108915.0,108816.0,108820.0,300
2026-06-15 04:55:00,108819.0,108825.0,108784.0,108801.0,300
2026-06-15 05:00:00,108799.0,108800.0,108762.0,108793.0,300
2026-06-15 05:05:00,108791.0,108817.0,108767.0,108798.0,300
2026-06-15 05:10:00,108800.0,108831.0,108800.0,108814.0,300
2026-06-15 05:15:00,108815.0,108857.0,108804.0,108853.0,300
2026-06-15 05:20:00,108852.0,108861.0,108825.0,108840.0,300
2026-06-15 05:25:00,108841.0,108864.0,108832.0,108861.0,300
2026-06-15 05:30:00,108859.0,108909.0,108857.0,108901.0,300
2026-06-15 05:35:00,108900.0,108908.0,108878.0,108887.0,300
2026-06-15 05:40:00,108886.0,108922.0,108886.0,108892.0,300
2026-06-15 05:45:00,108894.0,108915.0,108886.0,108904.0,300
2026-06-15 05:50:00,108905.0,108914.0,108868.0,108885.0,300
2026-06-15 05:55:00,108887.0,108894.0,108845.0,108848.0,300
2026-06-15 06:00:00,108847.0,108856.0,108822.0,108833.0,300
2026-06-15 06:05:00,108834.0,108837.0,108780.0,108792.0,300
2026-06-15 06:10:00,108794.0,108796.0,108764.0,108780.0,300
2026-06-15 06:15:00,108781.0,108801.0,108778.0,108791.0,300
2026-06-15 06:20:00,108792.0,108803.0,108775.0,108791.0,300
2026-06-15 06:25:00,108792.0,108816.0,108770.0,108790.0,300
2026-06-15 06:30:00,108788.0,108816.0,108779.0,108795.0,300
2026-06-15 06:35:00,108793.0,108823.0,108791.0,108821.0,300
2026-06-15 06:40:00,108820.0,108875.0,108816.0,108866.0,300
2026-06-15 06:45:00,108865.0,108896.0,108865.0,108893.0,300
2026-06-15 06:50:00,108891.0,108933.0,108891.0,108928.0,300
2026-06-15 06:55:00,108929.0,108961.0,108922.0,108945.0,300
2026-06-15 07:00:00,108944.0,108995.0,108930.0,108965.0,300
2026-06-15 07:05:00,108963.0,109005.0,108963.0,108993.0,300
2026-06-15 07:10:00,108995.0,109022.0,108971.0,108984.0,300
2026-06-15 07:15:00,108982.0,108998.0,108968.0,108977.0,300
2026-06-15 07:20:00,108979.0,109002.0,108970.0,108986.0,300
2026-06-15 07:25:00,108988.0,109052.0,108988.0,109027.0,300
2026-06-15 07:30:00,109026.0,109056.0,109014.0,109037.0,300
2026-06-15 07:35:00,109039.0,109077.0,109032.0,109070.0,300
2026-06-15 07:40:00,109071.0,109075.0,109024.0,109024.0,300
2026-06-15 07:45:00,109025.0,109050.0,109019.0,109044.0,300
2026-06-15 07:50:00,109042.0,109061.0,109036.0,109048.0,300
2026-06-15 07:55:00,109049.0,109074.0,109025.0,109050.0,300
2026-06-15 08:00:00,109049.0,109071.0,109047.0,109056.0,300
2026-06-15 08:05:00,109058.0,109085.0,109053.0,109070.0,300
2026-06-15 08:10:00,109071.0,109091.0,109057.0,109078.0,300
2026-06-15 08:15:00,109076.0,109117.0,109070.0,109116.0,300
2026-06-15 08:20:00,109114.0,109174.0,109105.0,109174.0,300
2026-06-15 08:25:00,109173.0,109177.0,109146.0,109154.0,300
2026-06-15 08:30:00,109153.0,109172.0,109121.0,109171.0,300
2026-06-15 08:35:00,109173.0,109200.0,109169.0,109195.0,300
2026-06-15 08:40:00,109194.0,109211.0,109161.0,109171.0,300
2026-06-15 08:45:00,109169.0,109194.0,109157.0,109181.0,300
2026-06-15 08:50:00,109179.0,109195.0,109161.0,109190.0,299
2026-06-15 08:55:00,109189.0,109225.0,109189.0,109218.0,301
2026-06-15 09:00:00,109219.0,109266.0,109206.0,109262.0,299
2026-06-15 09:05:00,109263.0,109275.0,109238.0,109271.0,301
2026-06-15 09:10:00,109273.0,109279.0,109256.0,109266.0,299
2026-06-15 09:15:00,109264.0,109272.0,109247.0,109266.0,301
2026-06-15 09:20:00,109265.0,109286.0,109253.0,109258.0,299
2026-06-15 09:25:00,109257.0,109261.0,109231.0,109242.0,300
2026-06-15 09:30:00,109241.0,109291.0,109233.0,109290.0,300
2026-06-15 09:35:00,109291.0,109291.0,109249.0,109254.0,300
2026-06-15 09:40:00,109255.0,109261.0,109205.0,109228.0,300
2026-06-15 09:45:00,109230.0,109233.0,109200.0,109225.0,300
2026-06-15 09:50:00,109227.0,109256.0,109208.0,109245.0,300
2026-06-15 09:55:00,109246.0,109250.0,109197.0,109199.0,300
2026-06-15 10:00:00,109201.0,109228.0,109187.0,109195.0,300
2026-06-15 10:05:00,109194.0,109213.0,109172.0,109203.0,300
2026-06-15 10:10:00,109205.0,109224.0,109194.0,109220.0,300
2026-06-15 10:15:00,109219.0,109237.0,109211.0,109228.0,300
2026-06-15 10:20:00,109227.0,109281.0,109217.0,109275.0,300
2026-06-15 10:25:00,109277.0,109328.0,109276.0,109324.0,300
2026-06-15 10:30:00,109322.0,109329.0,109296.0,109328.0,300
2026-06-15 10:35:00,109326.0,109326.0,109266.0,109276.0,300
2026-06-15 10:40:00,109274.0,109314.0,109271.0,109299.0,300
2026-06-15 10:45:00,109301.0,109302.0,109275.0,109277.0,300
2026-06-15 10:50:00,109278.0,109317.0,109278.0,109312.0,300
2026-06-15 10:55:00,109314.0,109316.0,109287.0,109302.0,300
2026-06-15 11:00:00,109303.0,109310.0,109274.0,109278.0,300
2026-06-15 11:05:00,109277.0,109289.0,109266.0,109276.0,300
2026-06-15 11:10:00,109277.0,109309.0,109262.0,109275.0,300
2026-06-15 11:15:00,109274.0,109290.0,109264.0,109270.0,300
2026-06-15 11:20:00,109269.0,109283.0,109259.0,109277.0,300
2026-06-15 11:25:00,109275.0,109287.0,109247.0,109284.0,300
2026-06-15 11:30:00,109285.0,109350.0,109284.0,109331.0,300
2026-06-15 11:35:00,109329.0,109350.0,109314.0,109334.0,300
2026-06-15 11:40:00,109332.0,109347.0,109320.0,109336.0,300
2026-06-15 11:45:00,109334.0,109340.0,109312.0,109327.0,300
2026-06-15 11:50:00,109325.0,109335.0,109306.0,109316.0,300
2026-06-15 11:55:00,109317.0,109332.0,109279.0,109331.0,300
2026-06-15 12:00:00,109330.0,109340.0,109297.0,109324.0,300
2026-06-15 12:05:00,109326.0,109335.0,109294.0,109317.0,300
2026-06-15 12:10:00,109316.0,109332.0,109294.0,109328.0,300
2026-06-15 12:15:00,109326.0,109373.0,109308.0,109365.0,300
2026-06-15 12:20:00,109364.0,109381.0,109333.0,109343.0,300
2026-06-15 12:25:00,109345.0,109382.0,109345.0,109373.0,300
2026-06-15 12:30:00,109372.0,109377.0,109328.0,109328.0,300
2026-06-15 12:35:00,109329.0,109344.0,109302.0,109331.0,300
2026-06-15 12:40:00,109330.0,109357.0,109324.0,109327.0,300
2026-06-15 12:45:00,109329.0,109331.0,109297.0,109308.0,300
2026-06-15 12:50:00,109310.0,109321.0,109281.0,109290.0,300
2026-06-15 12:55:00,109289.0,109338.0,109286.0,109332.0,300
2026-06-15 13:00:00,109333.0,109341.0,109311.0,109329.0,300
2026-06-15 13:05:00,109331.0,109350.0,109321.0,109331.0,300
2026-06-15 13:10:00,109329.0,109342.0,109295.0,109296.0,300
2026-06-15 13:15:00,109295.0,109327.0,109291.0,109319.0,300
2026-06-15 13:20:00,109321.0,109330.0,109300.0,109308.0,300
2026-06-15 13:25:00,109306.0,109334.0,109300.0,109309.0,300
2026-06-15 13:30:00,109307.0,109315.0,109260.0,109270.0,300
2026-06-15 13:35:00,109269.0,109282.0,109245.0,109250.0,300
2026-06-15 13:40:00,109248.0,109263.0,109219.0,109219.0,300
2026-06-15 13:45:00,109218.0,109220.0,109170.0,109219.0,300
2026-06-15 13:50:00,109220.0,109238.0,109184.0,109216.0,300
2026-06-15 13:55:00,109214.0,109258.0,109194.0,109250.0,300
2026-06-15 14:00:00,109252.0,109298.0,109250.0,109294.0,300
2026-06-15 14:05:00,109293.0,109295.0,109248.0,109252.0,300
2026-06-15 14:10:00,109251.0,109285.0,109247.0,109269.0,300
2026-06-15 14:15:00,109267.0,109278.0,109240.0,109272.0,300
2026-06-15 14:20:00,109274.0,109292.0,109265.0,109279.0,300
2026-06-15 14:25:00,109280.0,109291.0,109262.0,109273.0,300
2026-06-15 14:30:00,109272.0,109288.0,109257.0,109273.0,300
2026-06-15 14:35:00,109274.0,109284.0,109246.0,109265.0,300
2026-06-15 14:40:00,109264.0,109314.0,109249.0,109314.0,300
2026-06-15 14:45:00,109316.0,109346.0,109311.0,109335.0,300
2026-06-15 14:50:00,109333.0,109345.0,109308.0,109336.0,300
2026-06-15 14:55:00,109335.0,109390.0,109324.0,109388.0,300
2026-06-15 15:00:00,109390.0,109417.0,109384.0,109415.0,300
2026-06-15 15:05:00,109416.0,109424.0,109385.0,109397.0,300
2026-06-15 15:10:00,109398.0,109405.0,109363.0,109371.0,300
2026-06-15 15:15:00,109370.0,109397.0,109361.0,109373.0,300
2026-06-15 15:20:00,109371.0,109413.0,109363.0,109394.0,300
2026-06-15 15:25:00,109396.0,109411.0,109364.0,109410.0,300
2026-06-15 15:30:00,109408.0,109432.0,109381.0,109432.0,300
2026-06-15 15:35:00,109431.0,109442.0,109412.0,109426.0,300
2026-06-15 15:40:00,109428.0,109437.0,109399.0,109425.0,300
2026-06-15 15:45:00,109426.0,109431.0,109401.0,109423.0,300
2026-06-15 15:50:00,109425.0,109459.0,109411.0,109429.0,300
2026-06-15 15:55:00,109428.0,109445.0,109399.0,109442.0,300
2026-06-15 16:00:00,109441.0,109452.0,109425.0,109445.0,300
2026-06-15 16:05:00,109444.0,109500.0,109444.0,109500.0,300
2026-06-15 16:10:00,109498.0,109535.0,109497.0,109512.0,300
2026-06-15 16:15:00,109514.0,109554.0,109509.0,109549.0,300
2026-06-15 16:20:00,109548.0,109551.0,109513.0,109527.0,300
2026-06-15 16:25:00,109525.0,109564.0,109521.0,109564.0,300
2026-06-15 16:30:00,109563.0,109566.0,109487.0,109489.0,300
2026-06-15 16:35:00,109488.0,109513.0,109485.0,109489.0,300
2026-06-15 16:40:00,109490.0,109491.0,109463.0,109477.0,300
2026-06-15 16:45:00,109476.0,109488.0,109428.0,109436.0,300
2026-06-15 16:50:00,109434.0,109488.0,109428.0,109488.0,300
2026-06-15 16:55:00,109487.0,109493.0,109445.0,109468.0,300
2026-06-15 17:00:00,109467.0,109476.0,109432.0,109436.0,300
2026-06-15 17:05:00,109435.0,109460.0,109408.0,109415.0,300
2026-06-15 17:10:00,109416.0,109465.0,109408.0,109449.0,300
2026-06-15 17:15:00,109447.0,109458.0,109425.0,109431.0,300
2026-06-15 17:20:00,109433.0,109437.0,109398.0,109405.0,300
2026-06-15 17:25:00,109403.0,109419.0,109389.0,109415.0,300
2026-06-15 17:30:00,109417.0,109419.0,109354.0,109363.0,300
2026-06-15 17:35:00,109365.0,109366.0,109301.0,109327.0,300
2026-06-15 17:40:00,109326.0,109363.0,109303.0,109355.0,300
2026-06-15 17:45:00,109354.0,109367.0,109334.0,109349.0,300
2026-06-15 17:50:00,109348.0,109385.0,109347.0,109382.0,300
2026-06-15 17:55:00,109380.0,109389.0,109357.0,109377.0,300
2026-06-15 18:00:00,109378.0,109392.0,109340.0,109350.0,300
2026-06-15 18:05:00,109349.0,109363.0,109331.0,109340.0,300
2026-06-15 18:10:00,109342.0,109359.0,109315.0,109315.0,300
2026-06-15 18:15:00,109317.0,109359.0,109304.0,109333.0,300
2026-06-15 18:20:00,109331.0,109336.0,109273.0,109289.0,300
2026-06-15 18:25:00,109288.0,109318.0,109275.0,109279.0,300
2026-06-15 18:30:00,109281.0,109283.0,109224.0,109230.0,300
2026-06-15 18:35:00,109228.0,109247.0,109211.0,109246.0,300
2026-06-15 18:40:00,109247.0,109259.0,109224.0,109244.0,300
2026-06-15 18:45:00,109246.0,109256.0,109221.0,109225.0,300
2026-06-15 18:50:00,109223.0,109249.0,109200.0,109210.0,300
2026-06-15 18:55:00,109209.0,109210.0,109175.0,109180.0,300
2026-06-15 19:00:00,109181.0,109190.0,109145.0,109145.0,300
2026-06-15 19:05:00,109147.0,109147.0,109116.0,109141.0,300
2026-06-15 19:10:00,109140.0,109155.0,109134.0,109155.0,300
2026-06-15 19:15:00,109154.0,109182.0,109139.0,109153.0,300
2026-06-15 19:20:00,109152.0,109214.0,109145.0,109208.0,300
2026-06-15 19:25:00,109209.0,109219.0,109197.0,109215.0,300
2026-06-15 19:30:00,109214.0,109227.0,109204.0,109221.0,300
2026-06-15 19:35:00,109222.0,109266.0,109213.0,109264.0,300
2026-06-15 19:40:00,109266.0,109294.0,109257.0,109274.0,300
2026-06-15 19:45:00,109273.0,109288.0,109250.0,109260.0,300
2026-06-15 19:50:00,109262.0,109268.0,109230.0,109257.0,300
2026-06-15 19:55:00,109255.0,109265.0,109215.0,109231.0,300
2026-06-15 20:00:00,109229.0,109239.0,109215.0,109220.0,300
2026-06-15 20:05:00,109219.0,109238.0,109210.0,109221.0,300
2026-06-15 20:10:00,109222.0,109254.0,109214.0,109242.0,300
2026-06-15 20:15:00,109241.0,109274.0,109237.0,109251.0,300
2026-06-15 20:20:00,109249.0,109291.0,109229.0,109291.0,300
2026-06-15 20:25:00,109292.0,109315.0,109281.0,109291.0,300
2026-06-15 20:30:00,109292.0,109308.0,109275.0,109288.0,300
2026-06-15 20:35:00,109286.0,109301.0,109268.0,109296.0,300
2026-06-15 20:40:00,109297.0,109311.0,109283.0,109285.0,300
2026-06-15 20:45:00,109286.0,109317.0,109282.0,109311.0,300
2026-06-15 20:50:00,109313.0,109328.0,109294.0,109294.0,300
2026-06-15 20:55:00,109293.0,109330.0,109280.0,109329.0,300
2026-06-15 21:00:00,109327.0,109338.0,109299.0,109327.0,300
2026-06-15 21:05:00,109325.0,109343.0,109293.0,109302.0,300
2026-06-15 21:10:00,109300.0,109362.0,109300.0,109362.0,300
2026-06-15 21:15:00,109364.0,109380.0,109344.0,109374.0,300
2026-06-15 21:20:00,109375.0,109377.0,109309.0,109326.0,300
2026-06-15 21:25:00,109328.0,109335.0,109289.0,109294.0,300
2026-06-15 21:30:00,109295.0,109302.0,109247.0,109250.0,300
2026-06-15 21:35:00,109252.0,109333.0,109250.0,109304.0,300
2026-06-15 21:40:00,109302.0,109304.0,109239.0,109260.0,300
2026-06-15 21:45:00,109259.0,109269.0,109225.0,109230.0,300
2026-06-15 21:50:00,109232.0,109263.0,109215.0,109261.0,300
2026-06-15 21:55:00,109263.0,109325.0,109254.0,109318.0,300
2026-06-15 22:00:00,109317.0,109335.0,109316.0,109328.0,300
2026-06-15 22:05:00,109330.0,109344.0,109316.0,109329.0,300
2026-06-15 22:10:00,109328.0,109351.0,109310.0,109346.0,300
2026-06-15 22:15:00,109348.0,109373.0,109332.0,109343.0,300
2026-06-15 22:20:00,109341.0,109368.0,109335.0,109356.0,300
2026-06-15 22:25:00,109355.0,109364.0,109296.0,109301.0,300
2026-06-15 22:30:00,109302.0,109307.0,109266.0,109273.0,300
2026-06-15 22:35:00,109274.0,109277.0,109237.0,109250.0,300
2026-06-15 22:40:00,109252.0,109267.0,109231.0,109244.0,300
2026-06-15 22:45:00,109242.0,109250.0,109218.0,109237.0,300
2026-06-15 22:50:00,109236.0,109248.0,109203.0,109205.0,300
2026-06-15 22:55:00,109207.0,109228.0,109170.0,109180.0,300
2026-06-15 23:00:00,109181.0,109220.0,109157.0,109214.0,300
2026-06-15 23:05:00,109215.0,109241.0,109203.0,109236.0,300
2026-06-15 23:10:00,109238.0,109239.0,109179.0,109184.0,300
2026-06-15 23:15:00,109185.0,109193.0,109143.0,109150.0,300
2026-06-15 23:20:00,109149.0,109208.0,109145.0,109196.0,300
2026-06-15 23:25:00,109194.0,109231.0,109183.0,109211.0,300
2026-06-15 23:30:00,109209.0,109211.0,109183.0,109200.0,300
2026-06-15 23:35:00,109198.0,109206.0,109166.0,109179.0,300
2026-06-15 23:40:00,109178.0,109181.0,109134.0,109141.0,300
2026-06-15 23:45:00,109139.0,109140.0,109106.0,109127.0,300
2026-06-15 23:50:00,109125.0,109125.0,109101.0,109120.0,300
2026-06-15 23:55:00,109121.0,109124.0,109082.0,109093.0,300
2026-06-16 00:00:00,109095.0,109105.0,109057.0,109084.0,300
2026-06-16 00:05:00,109082.0,109088.0,109055.0,109064.0,300
2026-06-16 00:10:00,109062.0,109105.0,109041.0,109094.0,300
2026-06-16 00:15:00,109092.0,109117.0,109089.0,109090.0,300
2026-06-16 00:20:00,109091.0,109091.0,109066.0,109076.0,300
2026-06-16 00:25:00,109074.0,109110.0,109063.0,109105.0,300
2026-06-16 00:30:00,109106.0,109118.0,109068.0,109078.0,300
2026-06-16 00:35:00,109077.0,109140.0,109077.0,109134.0,300
2026-06-16 00:40:00,109136.0,109148.0,109112.0,109116.0,300
2026-06-16 00:45:00,109114.0,109119.0,109091.0,109107.0,300
2026-06-16 00:50:00,109105.0,109105.0,109067.0,109074.0,300
2026-06-16 00:55:00,109076.0,109087.0,109048.0,109060.0,300
2026-06-16 01:00:00,109062.0,109083.0,109035.0,109048.0,300
2026-06-16 01:05:00,109046.0,109089.0,109046.0,109084.0,300
2026-06-16 01:10:00,109082.0,109099.0,109066.0,109087.0,300
2026-06-16 01:15:00,109089.0,109103.0,109059.0,109069.0,300
2026-06-16 01:20:00,109071.0,109095.0,109061.0,109066.0,300
2026-06-16 01:25:00,109065.0,109087.0,109056.0,109075.0,300
2026-06-16 01:30:00,109077.0,109096.0,109065.0,109071.0,300
2026-06-16 01:35:00,109072.0,109095.0,109049.0,109058.0,300
2026-06-16 01:40:00,109059.0,109081.0,109054.0,109077.0,300
2026-06-16 01:45:00,109075.0,109078.0,109051.0,109055.0,300
2026-06-16 01:50:00,109056.0,109077.0,109046.0,109068.0,300
2026-06-16 01:55:00,109070.0,109077.0,109049.0,109072.0,300
2026-06-16 02:00:00,109074.0,109095.0,109062.0,109077.0,300
2026-06-16 02:05:00,109076.0,109079.0,109046.0,109069.0,300
2026-06-16 02:10:00,109067.0,109152.0,109066.0,109152.0,300
2026-06-16 02:15:00,109150.0,109185.0,109139.0,109183.0,300
2026-06-16 02:20:00,109182.0,109197.0,109172.0,109182.0,300
2026-06-16 02:25:00,109183.0,109239.0,109183.0,109225.0,300
2026-06-16 02:30:00,109223.0,109255.0,109216.0,109221.0,300
2026-06-16 02:35:00,109220.0,109228.0,109198.0,109200.0,300
2026-06-16 02:40:00,109201.0,109207.0,109147.0,109148.0,300
2026-06-16 02:45:00,109150.0,109152.0,109113.0,109125.0,300
2026-06-16 02:50:00,109127.0,109130.0,109094.0,109114.0,300
2026-06-16 02:55:00,109113.0,109115.0,109088.0,109100.0,300
2026-06-16 03:00:00,109101.0,109105.0,109062.0,109092.0,300
2026-06-16 03:05:00,109090.0,109091.0,109060.0,109079.0,300
2026-06-16 03:10:00,109080.0,109088.0,109040.0,109071.0,300
2026-06-16 03:15:00,109069.0,109074.0,109043.0,109065.0,300
2026-06-16 03:20:00,109067.0,109089.0,109059.0,109068.0,300
2026-06-16 03:25:00,109069.0,109092.0,109033.0,109034.0,300
2026-06-16 03:30:00,109036.0,109046.0,109004.0,109006.0,300
2026-06-16 03:35:00,109005.0,109010.0,108975.0,108979.0,300
2026-06-16 03:40:00,108981.0,109001.0,108964.0,108990.0,300
2026-06-16 03:45:00,108989.0,109018.0,108978.0,108999.0,300
2026-06-16 03:50:00,108997.0,109012.0,108977.0,108998.0,300
2026-06-16 03:55:00,108999.0,109018.0,108993.0,109017.0,300
2026-06-16 04:00:00,109015.0,109041.0,109003.0,109039.0,300
2026-06-16 04:05:00,109041.0,109044.0,108990.0,108994.0,300
2026-06-16 04:10:00,108993.0,109000.0,108955.0,108967.0,300
2026-06-16 04:15:00,108966.0,108980.0,108941.0,108948.0,300
2026-06-16 04:20:00,108949.0,109002.0,108948.0,109000.0,300
2026-06-16 04:25:00,108998.0,109016.0,108987.0,108992.0,300
2026-06-16 04:30:00,108993.0,109004.0,108975.0,108975.0,300
2026-06-16 04:35:00,108977.0,109007.0,108973.0,109002.0,300
2026-06-16 04:40:00,109003.0,109015.0,108983.0,108987.0,300
2026-06-16 04:45:00,108985.0,109009.0,108978.0,108996.0,300
2026-06-16 04:50:00,108998.0,109003.0,108967.0,108969.0,300
2026-06-16 04:55:00,108968.0,109004.0,108966.0,108989.0,300
2026-06-16 05:00:00,108990.0,109001.0,108963.0,109001.0,300
2026-06-16 05:05:00,109002.0,109049.0,109001.0,109027.0,300
2026-06-16 05:10:00,109028.0,109069.0,109017.0,109059.0,300
2026-06-16 05:15:00,109061.0,109061.0,109025.0,109030.0,300
2026-06-16 05:20:00,109029.0,109046.0,109024.0,109038.0,300
2026-06-16 05:25:00,109036.0,109054.0,109017.0,109034.0,300
2026-06-16 05:30:00,109032.0,109047.0,109013.0,109039.0,300
2026-06-16 05:35:00,109041.0,109043.0,108992.0,109013.0,300
2026-06-16 05:40:00,109015.0,109072.0,109010.0,109039.0,300
2026-06-16 05:45:00,109040.0,109081.0,109040.0,109076.0,300
2026-06-16 05:50:00,109075.0,109089.0,109015.0,109015.0,300
2026-06-16 05:55:00,109014.0,109029.0,108987.0,109011.0,300
2026-06-16 06:00:00,109013.0,109028.0,108997.0,109014.0,300
2026-06-16 06:05:00,109015.0,109029.0,108990.0,109002.0,300
2026-06-16 06:10:00,109004.0,109056.0,109003.0,109051.0,300
2026-06-16 06:15:00,109050.0,109066.0,109019.0,109042.0,300
2026-06-16 06:20:00,109041.0,109062.0,109025.0,109059.0,300
2026-06-16 06:25:00,109060.0,109083.0,109036.0,109077.0,300
2026-06-16 06:30:00,109079.0,109097.0,109056.0,109062.0,300
2026-06-16 06:35:00,109064.0,109095.0,109048.0,109075.0,300
2026-06-16 06:40:00,109077.0,109077.0,109017.0,109021.0,300
2026-06-16 06:45:00,109022.0,109058.0,109022.0,109035.0,300
2026-06-16 06:50:00,109037.0,109042.0,108975.0,108977.0,300
2026-06-16 06:55:00,108976.0,108990.0,108952.0,108962.0,300
2026-06-16 07:00:00,108964.0,108995.0,108957.0,108992.0,300
2026-06-16 07:05:00,108993.0,109011.0,108977.0,109009.0,300
2026-06-16 07:10:00,109008.0,109017.0,108995.0,109006.0,300
2026-06-16 07:15:00,109007.0,109040.0,109001.0,109030.0,300
2026-06-16 07:20:00,109032.0,109042.0,109003.0,109030.0,300
2026-06-16 07:25:00,109029.0,109043.0,109009.0,109025.0,300
2026-06-16 07:30:00,109026.0,109043.0,109004.0,109030.0,300
2026-06-16 07:35:00,109029.0,109034.0,109014.0,109028.0,300
2026-06-16 07:40:00,109029.0,109044.0,109010.0,109017.0,300
2026-06-16 07:45:00,109018.0,109043.0,109002.0,109039.0,300
2026-06-16 07:50:00,109041.0,109058.0,109018.0,109041.0,300
2026-06-16 07:55:00,109043.0,109066.0,109026.0,109052.0,300
2026-06-16 08:00:00,109051.0,109064.0,109009.0,109022.0,300
2026-06-16 08:05:00,109024.0,109036.0,108975.0,108977.0,300
2026-06-16 08:10:00,108976.0,109004.0,108971.0,108984.0,300
2026-06-16 08:15:00,108983.0,108987.0,108933.0,108938.0,300
2026-06-16 08:20:00,108936.0,108937.0,108902.0,108904.0,300
2026-06-16 08:25:00,108906.0,108955.0,108897.0,108947.0,300
2026-06-16 08:30:00,108949.0,108957.0,108923.0,108944.0,300
2026-06-16 08:35:00,108943.0,108961.0,108910.0,108961.0,300
2026-06-16 08:40:00,108959.0,108986.0,108938.0,108978.0,300
2026-06-16 08:45:00,108976.0,109026.0,108959.0,109016.0,300
2026-06-16 08:50:00,109015.0,109020.0,108984.0,109018.0,300
2026-06-16 08:55:00,109016.0,109028.0,108992.0,109014.0,300
2026-06-16 09:00:00,109012.0,109022.0,108972.0,108979.0,300
2026-06-16 09:05:00,108977.0,109023.0,108957.0,109012.0,300
2026-06-16 09:10:00,109010.0,109067.0,108998.0,109050.0,300
2026-06-16 09:15:00,109048.0,109049.0,109003.0,109028.0,300
2026-06-16 09:20:00,109026.0,109026.0,108982.0,108982.0,300
2026-06-16 09:25:00,108981.0,108985.0,108939.0,108962.0,300
2026-06-16 09:30:00,108963.0,108989.0,108952.0,108967.0,300
2026-06-16 09:35:00,108969.0,108982.0,108945.0,108952.0,300
2026-06-16 09:40:00,108954.0,108982.0,108951.0,108975.0,300
2026-06-16 09:45:00,108974.0,108977.0,108948.0,108956.0,300
2026-06-16 09:50:00,108958.0,109009.0,108953.0,108988.0,300
2026-06-16 09:55:00,108987.0,108996.0,108972.0,108986.0,300
2026-06-16 10:00:00,108984.0,109007.0,108968.0,108974.0,300
2026-06-16 10:05:00,108976.0,108986.0,108960.0,108980.0,300
2026-06-16 10:10:00,108978.0,109036.0,108972.0,109023.0,300
2026-06-16 10:15:00,109024.0,109067.0,109022.0,109055.0,300
2026-06-16 10:20:00,109057.0,109062.0,109016.0,109016.0,300
2026-06-16 10:25:00,109014.0,109084.0,109014.0,109076.0,300
2026-06-16 10:30:00,109074.0,109089.0,109041.0,109045.0,300
2026-06-16 10:35:00,109046.0,109048.0,109001.0,109017.0,300
2026-06-16 10:40:00,109015.0,109027.0,109002.0,109024.0,300
2026-06-16 10:45:00,109025.0,109034.0,108991.0,109003.0,300
2026-06-16 10:50:00,109001.0,109016.0,108971.0,108971.0,300
2026-06-16 10:55:00,108970.0,108992.0,108954.0,108975.0,300
2026-06-16 11:00:00,108976.0,109001.0,108954.0,108954.0,300
2026-06-16 11:05:00,108956.0,108963.0,108916.0,108918.0,300
2026-06-16 11:10:00,108916.0,108947.0,108913.0,108946.0,300
2026-06-16 11:15:00,108948.0,108968.0,108939.0,108949.0,300
2026-06-16 11:20:00,108951.0,108982.0,108939.0,108979.0,300
2026-06-16 11:25:00,108981.0,108987.0,108945.0,108965.0,300
2026-06-16 11:30:00,108966.0,109030.0,108960.0,109030.0,300
2026-06-16 11:35:00,109031.0,109076.0,109030.0,109034.0,300
2026-06-16 11:40:00,109036.0,109040.0,109020.0,109036.0,300
2026-06-16 11:45:00,109035.0,109070.0,109029.0,109062.0,300
2026-06-16 11:50:00,109064.0,109080.0,109026.0,109029.0,300
2026-06-16 11:55:00,109028.0,109076.0,109015.0,109074.0,300
2026-06-16 12:00:00,109075.0,109128.0,109071.0,109122.0,300
2026-06-16 12:05:00,109124.0,109135.0,109099.0,109099.0,300
2026-06-16 12:10:00,109097.0,109099.0,109055.0,109070.0,300
2026-06-16 12:15:00,109072.0,109082.0,109046.0,109071.0,300
2026-06-16 12:20:00,109073.0,109073.0,109030.0,109053.0,300
2026-06-16 12:25:00,109054.0,109071.0,109038.0,109053.0,300
2026-06-16 12:30:00,109055.0,109058.0,109026.0,109034.0,300
2026-06-16 12:35:00,109032.0,109044.0,109021.0,109041.0,300
2026-06-16 12:40:00,109040.0,109050.0,109017.0,109048.0,300
2026-06-16 12:45:00,109050.0,109063.0,109018.0,109036.0,300
2026-06-16 12:50:00,109038.0,109042.0,108988.0,109017.0,300
2026-06-16 12:55:00,109019.0,109034.0,108989.0,108992.0,300
2026-06-16 13:00:00,108994.0,109013.0,108973.0,108992.0,300
2026-06-16 13:05:00,108991.0,108993.0,108956.0,108969.0,300
2026-06-16 13:10:00,108968.0,108978.0,108954.0,108965.0,300
2026-06-16 13:15:00,108963.0,108971.0,108948.0,108968.0,300
2026-06-16 13:20:00,108967.0,108976.0,108931.0,108948.0,300
2026-06-16 13:25:00,108950.0,108950.0,108906.0,108907.0,300
2026-06-16 13:30:00,108906.0,108956.0,108904.0,108927.0,300
2026-06-16 13:35:00,108926.0,108943.0,108908.0,108936.0,300
2026-06-16 13:40:00,108938.0,108965.0,108931.0,108952.0,300
2026-06-16 13:45:00,108954.0,108956.0,108899.0,108919.0,300
2026-06-16 13:50:00,108918.0,108943.0,108898.0,108909.0,300
2026-06-16 13:55:00,108911.0,108939.0,108909.0,108909.0,300
2026-06-16 14:00:00,108907.0,108940.0,108905.0,108932.0,300
2026-06-16 14:05:00,108930.0,108932.0,108864.0,108865.0,300
2026-06-16 14:10:00,108866.0,108893.0,108854.0,108890.0,300
2026-06-16 14:15:00,108888.0,108889.0,108860.0,108866.0,300
2026-06-16 14:20:00,108868.0,108908.0,108856.0,108891.0,300
2026-06-16 14:25:00,108892.0,108907.0,108872.0,108902.0,300
2026-06-16 14:30:00,108903.0,108960.0,108892.0,108958.0,300
2026-06-16 14:35:00,108957.0,108968.0,108939.0,108967.0,300
2026-06-16 14:40:00,108968.0,108971.0,108912.0,108919.0,300
2026-06-16 14:45:00,108920.0,108927.0,108904.0,108920.0,300
2026-06-16 14:50:00,108922.0,108947.0,108918.0,108941.0,300
2026-06-16 14:55:00,108942.0,108963.0,108933.0,108944.0,300
2026-06-16 15:00:00,108942.0,108942.0,108854.0,108855.0,300
2026-06-16 15:05:00,108856.0,108859.0,108816.0,108823.0,300
2026-06-16 15:10:00,108824.0,108846.0,108803.0,108806.0,300
2026-06-16 15:15:00,108804.0,108804.0,108769.0,108777.0,300
2026-06-16 15:20:00,108776.0,108792.0,108731.0,108736.0,300
2026-06-16 15:25:00,108737.0,108810.0,108736.0,108808.0,300
2026-06-16 15:30:00,108810.0,108810.0,108757.0,108775.0,300
2026-06-16 15:35:00,108776.0,108798.0,108765.0,108798.0,300
2026-06-16 15:40:00,108796.0,108808.0,108784.0,108799.0,300
2026-06-16 15:45:00,108797.0,108813.0,108784.0,108788.0,300
2026-06-16 15:50:00,108786.0,108811.0,108774.0,108797.0,300
2026-06-16 15:55:00,108799.0,108844.0,108788.0,108799.0,300
2026-06-16 16:00:00,108798.0,108818.0,108788.0,108809.0,300
2026-06-16 16:05:00,108811.0,108815.0,108755.0,108761.0,300
2026-06-16 16:10:00,108762.0,108770.0,108742.0,108766.0,300
2026-06-16 16:15:00,108764.0,108806.0,108764.0,108804.0,300
2026-06-16 16:20:00,108803.0,108814.0,108787.0,108793.0,300
2026-06-16 16:25:00,108794.0,108806.0,108777.0,108798.0,300
2026-06-16 16:30:00,108796.0,108815.0,108784.0,108811.0,300
2026-06-16 16:35:00,108809.0,108828.0,108799.0,108808.0,300
2026-06-16 16:40:00,108810.0,108823.0,108762.0,108776.0,300
2026-06-16 16:45:00,108778.0,108790.0,108755.0,108771.0,300
2026-06-16 16:50:00,108773.0,108833.0,108773.0,108831.0,300
2026-06-16 16:55:00,108829.0,108874.0,108827.0,108871.0,300
2026-06-16 17:00:00,108870.0,108870.0,108841.0,108862.0,300
2026-06-16 17:05:00,108861.0,108880.0,108845.0,108865.0,300
2026-06-16 17:10:00,108863.0,108871.0,108828.0,108830.0,300
2026-06-16 17:15:00,108831.0,108833.0,108794.0,108825.0,300
2026-06-16 17:20:00,108827.0,108837.0,108789.0,108795.0,300
2026-06-16 17:25:00,108794.0,108809.0,108765.0,108801.0,300
2026-06-16 17:30:00,108799.0,108800.0,108760.0,108773.0,300
2026-06-16 17:35:00,108771.0,108791.0,108761.0,108788.0,300
2026-06-16 17:40:00,108787.0,108838.0,108783.0,108838.0,300
2026-06-16 17:45:00,108837.0,108847.0,108802.0,108805.0,300
2026-06-16 17:50:00,108807.0,108822.0,108784.0,108810.0,300
2026-06-16 17:55:00,108811.0,108848.0,108795.0,108848.0,300
2026-06-16 18:00:00,108846.0,108860.0,108826.0,108860.0,300
2026-06-16 18:05:00,108862.0,108862.0,108823.0,108836.0,300
2026-06-16 18:10:00,108838.0,108863.0,108825.0,108825.0,300
2026-06-16 18:15:00,108827.0,108868.0,108823.0,108862.0,300
2026-06-16 18:20:00,108861.0,108862.0,108803.0,108810.0,300
2026-06-16 18:25:00,108809.0,108865.0,108802.0,108860.0,300
2026-06-16 18:30:00,108858.0,108882.0,108839.0,108882.0,300
2026-06-16 18:35:00,108880.0,108898.0,108866.0,108876.0,300
2026-06-16 18:40:00,108878.0,108883.0,108856.0,108879.0,300
2026-06-16 18:45:00,108877.0,108905.0,108869.0,108876.0,300
2026-06-16 18:50:00,108875.0,108896.0,108873.0,108884.0,300
2026-06-16 18:55:00,108886.0,108895.0,108868.0,108891.0,300
2026-06-16 19:00:00,108893.0,108943.0,108893.0,108943.0,300
2026-06-16 19:05:00,108944.0,108997.0,108943.0,108997.0,300
2026-06-16 19:10:00,108998.0,109031.0,108980.0,109025.0,300
2026-06-16 19:15:00,109023.0,109047.0,109008.0,109045.0,300
2026-06-16 19:20:00,109046.0,109086.0,109041.0,109068.0,300
2026-06-16 19:25:00,109070.0,109084.0,109063.0,109082.0,300
2026-06-16 19:30:00,109083.0,109083.0,109055.0,109062.0,300
2026-06-16 19:35:00,109061.0,109075.0,109039.0,109075.0,300
2026-06-16 19:40:00,109074.0,109092.0,109059.0,109068.0,300
2026-06-16 19:45:00,109067.0,109070.0,109037.0,109044.0,300
2026-06-16 19:50:00,109045.0,109061.0,109024.0,109048.0,300
2026-06-16 19:55:00,109046.0,109046.0,109000.0,109000.0,300
2026-06-16 20:00:00,108998.0,108999.0,108958.0,108983.0,300
2026-06-16 20:05:00,108985.0,108994.0,108960.0,108961.0,300
2026-06-16 20:10:00,108963.0,108964.0,108910.0,108927.0,300
2026-06-16 20:15:00,108929.0,108937.0,108892.0,108899.0,300
2026-06-16 20:20:00,108900.0,108916.0,108876.0,108916.0,300
2026-06-16 20:25:00,108917.0,108927.0,108888.0,108912.0,300
2026-06-16 20:30:00,108911.0,108930.0,108877.0,108886.0,300
2026-06-16 20:35:00,108884.0,108935.0,108875.0,108928.0,300
2026-06-16 20:40:00,108929.0,108955.0,108918.0,108937.0,300
2026-06-16 20:45:00,108935.0,108946.0,108879.0,108884.0,300
2026-06-16 20:50:00,108883.0,108895.0,108868.0,108871.0,300
2026-06-16 20:55:00,108869.0,108936.0,108865.0,108912.0,300
2026-06-16 21:00:00,108910.0,108944.0,108905.0,108912.0,300
2026-06-16 21:05:00,108914.0,108918.0,108882.0,108887.0,300
2026-06-16 21:10:00,108886.0,108886.0,108840.0,108859.0,300
2026-06-16 21:15:00,108860.0,108868.0,108810.0,108818.0,300
2026-06-16 21:20:00,108817.0,108856.0,108817.0,108833.0,300
2026-06-16 21:25:00,108832.0,108868.0,108822.0,108854.0,300
2026-06-16 21:30:00,108856.0,108882.0,108853.0,108853.0,300
2026-06-16 21:35:00,108855.0,108858.0,108827.0,108828.0,300
2026-06-16 21:40:00,108826.0,108849.0,108817.0,108849.0,300
2026-06-16 21:45:00,108851.0,108853.0,108815.0,108818.0,300
2026-06-16 21:50:00,108817.0,108845.0,108791.0,108842.0,300
2026-06-16 21:55:00,108840.0,108869.0,108827.0,108843.0,300
2026-06-16 22:00:00,108841.0,108856.0,108827.0,108843.0,300
2026-06-16 22:05:00,108845.0,108845.0,108808.0,108811.0,300
2026-06-16 22:10:00,108812.0,108813.0,108772.0,108802.0,300
2026-06-16 22:15:00,108803.0,108819.0,108778.0,108816.0,300
2026-06-16 22:20:00,108815.0,108844.0,108803.0,108834.0,300
2026-06-16 22:25:00,108835.0,108836.0,108789.0,108796.0,300
2026-06-16 22:30:00,108797.0,108832.0,108782.0,108830.0,300
2026-06-16 22:35:00,108832.0,108879.0,108826.0,108879.0,300
2026-06-16 22:40:00,108878.0,108880.0,108829.0,108838.0,300
2026-06-16 22:45:00,108837.0,108848.0,108805.0,108834.0,300
2026-06-16 22:50:00,108836.0,108872.0,108836.0,108847.0,300
2026-06-16 22:55:00,108849.0,108849.0,108807.0,108824.0,300
2026-06-16 23:00:00,108823.0,108845.0,108811.0,108829.0,300
2026-06-16 23:05:00,108828.0,108843.0,108823.0,108835.0,300
2026-06-16 23:10:00,108834.0,108876.0,108829.0,108874.0,300
2026-06-16 23:15:00,108875.0,108886.0,108858.0,108883.0,300
2026-06-16 23:20:00,108885.0,108901.0,108830.0,108833.0,300
2026-06-16 23:25:00,108834.0,108847.0,108814.0,108833.0,300
2026-06-16 23:30:00,108834.0,108873.0,108815.0,108862.0,300
2026-06-16 23:35:00,108861.0,108863.0,108835.0,108847.0,300
2026-06-16 23:40:00,108845.0,108889.0,108839.0,108839.0,300
2026-06-16 23:45:00,108841.0,108880.0,108840.0,108857.0,300
2026-06-16 23:50:00,108856.0,108899.0,108856.0,108886.0,300
2026-06-16 23:55:00,108884.0,108910.0,108875.0,108890.0,300
2026-06-17 00:00:00,108889.0,108915.0,108879.0,108902.0,300
2026-06-17 00:05:00,108903.0,108917.0,108875.0,108891.0,300
2026-06-17 00:10:00,108889.0,108895.0,108859.0,108885.0,300
2026-06-17 00:15:00,108886.0,108894.0,108850.0,108869.0,300
2026-06-17 00:20:00,108867.0,108888.0,108854.0,108880.0,300
2026-06-17 00:25:00,108879.0,108909.0,108871.0,108903.0,300
2026-06-17 00:30:00,108904.0,108944.0,108903.0,108940.0,300
2026-06-17 00:35:00,108938.0,108952.0,108910.0,108928.0,300
2026-06-17 00:40:00,108927.0,108935.0,108902.0,108917.0,300
2026-06-17 00:45:00,108915.0,108915.0,108873.0,108882.0,300
2026-06-17 00:50:00,108880.0,108888.0,108856.0,108876.0,300
2026-06-17 00:55:00,108875.0,108912.0,108863.0,108895.0,300
2026-06-17 01:00:00,108897.0,108909.0,108875.0,108884.0,300
2026-06-17 01:05:00,108883.0,108895.0,108871.0,108877.0,300
2026-06-17 01:10:00,108879.0,108900.0,108861.0,108898.0,300
2026-06-17 01:15:00,108899.0,108917.0,108898.0,108911.0,300
2026-06-17 01:20:00,108909.0,108919.0,108890.0,108893.0,300
2026-06-17 01:25:00,108892.0,108915.0,108887.0,108891.0,300
2026-06-17 01:30:00,108890.0,108916.0,108880.0,108898.0,300
2026-06-17 01:35:00,108899.0,108949.0,108891.0,108949.0,300
2026-06-17 01:40:00,108951.0,108977.0,108940.0,108945.0,300
2026-06-17 01:45:00,108944.0,108951.0,108915.0,108936.0,300
2026-06-17 01:50:00,108937.0,108937.0,108878.0,108891.0,300
2026-06-17 01:55:00,108892.0,108925.0,108883.0,108911.0,300
2026-06-17 02:00:00,108910.0,108949.0,108908.0,108930.0,300
2026-06-17 02:05:00,108929.0,108939.0,108907.0,108928.0,300
2026-06-17 02:10:00,108929.0,108949.0,108923.0,108935.0,300
2026-06-17 02:15:00,108933.0,108983.0,108932.0,108975.0,300
2026-06-17 02:20:00,108976.0,108983.0,108949.0,108961.0,300
2026-06-17 02:25:00,108963.0,108970.0,108897.0,108904.0,300
2026-06-17 02:30:00,108905.0,108948.0,108905.0,108941.0,300
2026-06-17 02:35:00,108942.0,108947.0,108871.0,108871.0,300
2026-06-17 02:40:00,108869.0,108870.0,108833.0,108846.0,300
2026-06-17 02:45:00,108845.0,108851.0,108819.0,108851.0,300
2026-06-17 02:50:00,108853.0,108857.0,108823.0,108830.0,300
2026-06-17 02:55:00,108829.0,108834.0,108787.0,108789.0,300
2026-06-17 03:00:00,108787.0,108843.0,108765.0,108835.0,300
2026-06-17 03:05:00,108834.0,108874.0,108834.0,108847.0,300
2026-06-17 03:10:00,108845.0,108927.0,108842.0,108908.0,300
2026-06-17 03:15:00,108909.0,108922.0,108894.0,108906.0,300
2026-06-17 03:20:00,108904.0,108915.0,108889.0,108907.0,300
2026-06-17 03:25:00,108908.0,108938.0,108903.0,108910.0,300
2026-06-17 03:30:00,108912.0,108941.0,108905.0,108911.0,300
2026-06-17 03:35:00,108910.0,108933.0,108899.0,108921.0,300
2026-06-17 03:40:00,108920.0,108948.0,108915.0,108945.0,300
2026-06-17 03:45:00,108946.0,109000.0,108940.0,108999.0,300
2026-06-17 03:50:00,108997.0,109016.0,108980.0,109002.0,300
2026-06-17 03:55:00,109003.0,109031.0,109000.0,109025.0,300
2026-06-17 04:00:00,109023.0,109029.0,108980.0,108989.0,300
2026-06-17 04:05:00,108988.0,109002.0,108978.0,108984.0,300
2026-06-17 04:10:00,108983.0,108990.0,108947.0,108962.0,300
2026-06-17 04:15:00,108964.0,108980.0,108939.0,108956.0,300
2026-06-17 04:20:00,108954.0,108960.0,108931.0,108956.0,300
2026-06-17 04:25:00,108958.0,108958.0,108904.0,108925.0,300
2026-06-17 04:30:00,108927.0,108965.0,108922.0,108961.0,300
2026-06-17 04:35:00,108962.0,108967.0,108921.0,108954.0,300
2026-06-17 04:40:00,108956.0,108959.0,108928.0,108947.0,300
2026-06-17 04:45:00,108946.0,108971.0,108946.0,108947.0,300
2026-06-17 04:50:00,108948.0,108955.0,108917.0,108922.0,300
2026-06-17 04:55:00,108923.0,108966.0,108917.0,108955.0,300
2026-06-17 05:00:00,108954.0,108970.0,108950.0,108955.0,300
2026-06-17 05:05:00,108957.0,108976.0,108945.0,108953.0,300
2026-06-17 05:10:00,108954.0,108954.0,108925.0,108934.0,300
2026-06-17 05:15:00,108936.0,108960.0,108921.0,108956.0,300
2026-06-17 05:20:00,108955.0,108964.0,108932.0,108943.0,300
2026-06-17 05:25:00,108945.0,108945.0,108891.0,108896.0,300
2026-06-17 05:30:00,108897.0,108911.0,108877.0,108898.0,300
2026-06-17 05:35:00,108897.0,108920.0,108877.0,108920.0,300
2026-06-17 05:40:00,108921.0,108925.0,108859.0,108863.0,300
2026-06-17 05:45:00,108865.0,108865.0,108812.0,108818.0,300
2026-06-17 05:50:00,108819.0,108829.0,108788.0,108829.0,300
2026-06-17 05:55:00,108828.0,108843.0,108813.0,108821.0,300
2026-06-17 06:00:00,108822.0,108822.0,108777.0,108807.0,300
2026-06-17 06:05:00,108808.0,108857.0,108802.0,108856.0,300
2026-06-17 06:10:00,108857.0,108857.0,108815.0,108836.0,300
2026-06-17 06:15:00,108837.0,108852.0,108817.0,108838.0,300
2026-06-17 06:20:00,108837.0,108878.0,108829.0,108864.0,300
2026-06-17 06:25:00,108863.0,108878.0,108847.0,108871.0,300
2026-06-17 06:30:00,108869.0,108895.0,108864.0,108867.0,300
2026-06-17 06:35:00,108865.0,108876.0,108844.0,108871.0,300
2026-06-17 06:40:00,108870.0,108880.0,108808.0,108819.0,300
2026-06-17 06:45:00,108820.0,108851.0,108815.0,108850.0,300
2026-06-17 06:50:00,108852.0,108859.0,108815.0,108819.0,300
2026-06-17 06:55:00,108818.0,108826.0,108797.0,108800.0,300
2026-06-17 07:00:00,108798.0,108808.0,108780.0,108808.0,300
2026-06-17 07:05:00,108806.0,108810.0,108775.0,108776.0,300
2026-06-17 07:10:00,108777.0,108796.0,108753.0,108761.0,300
2026-06-17 07:15:00,108759.0,108778.0,108741.0,108764.0,300
2026-06-17 07:20:00,108762.0,108770.0,108730.0,108737.0,300
2026-06-17 07:25:00,108739.0,108774.0,108732.0,108757.0,300
2026-06-17 07:30:00,108756.0,108762.0,108719.0,108725.0,300
2026-06-17 07:35:00,108726.0,108795.0,108725.0,108788.0,300
2026-06-17 07:40:00,108786.0,108789.0,108756.0,108777.0,300
2026-06-17 07:45:00,108778.0,108819.0,108771.0,108810.0,300
2026-06-17 07:50:00,108808.0,108821.0,108767.0,108767.0,300
2026-06-17 07:55:00,108769.0,108809.0,108764.0,108790.0,300
2026-06-17 08:00:00,108792.0,108811.0,108779.0,108792.0,300
2026-06-17 08:05:00,108790.0,108814.0,108788.0,108795.0,300
2026-06-17 08:10:00,108793.0,108807.0,108753.0,108755.0,300
2026-06-17 08:15:00,108754.0,108790.0,108747.0,108783.0,300
2026-06-17 08:20:00,108781.0,108792.0,108768.0,108791.0,300
2026-06-17 08:25:00,108789.0,108809.0,108782.0,108794.0,300
2026-06-17 08:30:00,108796.0,108866.0,108786.0,108857.0,300
2026-06-17 08:35:00,108859.0,108885.0,108840.0,108885.0,300
2026-06-17 08:40:00,108884.0,108890.0,108833.0,108842.0,300
2026-06-17 08:45:00,108843.0,108852.0,108784.0,108797.0,300
2026-06-17 08:50:00,108799.0,108800.0,108751.0,108757.0,300
2026-06-17 08:55:00,108758.0,108763.0,108746.0,108752.0,300
2026-06-17 09:00:00,108753.0,108770.0,108745.0,108747.0,300
2026-06-17 09:05:00,108746.0,108746.0,108660.0,108678.0,300
2026-06-17 09:10:00,108680.0,108697.0,108654.0,108697.0,300
2026-06-17 09:15:00,108698.0,108701.0,108660.0,108661.0,300
2026-06-17 09:20:00,108660.0,108678.0,108621.0,108625.0,300
2026-06-17 09:25:00,108623.0,108638.0,108603.0,108622.0,300
2026-06-17 09:30:00,108623.0,108627.0,108588.0,108588.0,300
2026-06-17 09:35:00,108586.0,108603.0,108578.0,108596.0,300
2026-06-17 09:40:00,108594.0,108619.0,108568.0,108618.0,300
2026-06-17 09:45:00,108620.0,108679.0,108616.0,108670.0,300
2026-06-17 09:50:00,108669.0,108698.0,108668.0,108672.0,300
2026-06-17 09:55:00,108670.0,108704.0,108670.0,108701.0,300
2026-06-17 10:00:00,108703.0,108717.0,108683.0,108691.0,300
2026-06-17 10:05:00,108693.0,108716.0,108665.0,108714.0,300
2026-06-17 10:10:00,108715.0,108716.0,108683.0,108708.0,300
2026-06-17 10:15:00,108706.0,108727.0,108690.0,108715.0,300
2026-06-17 10:20:00,108717.0,108730.0,108695.0,108698.0,300
2026-06-17 10:25:00,108697.0,108757.0,108693.0,108755.0,300
2026-06-17 10:30:00,108756.0,108764.0,108728.0,108731.0,300
2026-06-17 10:35:00,108729.0,108736.0,108712.0,108722.0,300
2026-06-17 10:40:00,108723.0,108756.0,108716.0,108744.0,300
2026-06-17 10:45:00,108743.0,108765.0,108743.0,108757.0,300
2026-06-17 10:50:00,108759.0,108822.0,108742.0,108820.0,300
2026-06-17 10:55:00,108821.0,108878.0,108817.0,108878.0,300
2026-06-17 11:00:00,108879.0,108893.0,108833.0,108833.0,300
2026-06-17 11:05:00,108834.0,108862.0,108829.0,108840.0,300
2026-06-17 11:10:00,108838.0,108860.0,108825.0,108850.0,300
2026-06-17 11:15:00,108851.0,108854.0,108793.0,108793.0,300
2026-06-17 11:20:00,108795.0,108848.0,108788.0,108836.0,300
2026-06-17 11:25:00,108835.0,108838.0,108805.0,108830.0,300
2026-06-17 11:30:00,108829.0,108860.0,108824.0,108841.0,300
2026-06-17 11:35:00,108839.0,108885.0,108836.0,108878.0,300
2026-06-17 11:40:00,108880.0,108899.0,108867.0,108891.0,300
2026-06-17 11:45:00,108889.0,108916.0,108878.0,108896.0,300
2026-06-17 11:50:00,108898.0,108899.0,108869.0,108877.0,300
2026-06-17 11:55:00,108875.0,108905.0,108854.0,108854.0,300
2026-06-17 12:00:00,108856.0,108862.0,108833.0,108860.0,300
2026-06-17 12:05:00,108858.0,108864.0,108831.0,108837.0,300
2026-06-17 12:10:00,108838.0,108864.0,108831.0,108834.0,300
2026-06-17 12:15:00,108835.0,108871.0,108835.0,108857.0,300
2026-06-17 12:20:00,108859.0,108868.0,108828.0,108833.0,300
2026-06-17 12:25:00,108835.0,108837.0,108811.0,108830.0,300
2026-06-17 12:30:00,108831.0,108839.0,108807.0,108822.0,300
2026-06-17 12:35:00,108824.0,108849.0,108808.0,108841.0,300
2026-06-17 12:40:00,108842.0,108853.0,108815.0,108818.0,300
2026-06-17 12:45:00,108817.0,108823.0,108792.0,108808.0,300
2026-06-17 12:50:00,108809.0,108819.0,108776.0,108810.0,300
2026-06-17 12:55:00,108809.0,108818.0,108765.0,108768.0,300
2026-06-17 13:00:00,108767.0,108767.0,108718.0,108757.0,300
2026-06-17 13:05:00,108758.0,108798.0,108757.0,108798.0,300
2026-06-17 13:10:00,108800.0,108837.0,108800.0,108820.0,300
2026-06-17 13:15:00,108822.0,108858.0,108814.0,108845.0,300
2026-06-17 13:20:00,108844.0,108882.0,108831.0,108865.0,300
2026-06-17 13:25:00,108867.0,108898.0,108847.0,108898.0,300
2026-06-17 13:30:00,108897.0,108936.0,108888.0,108926.0,300
2026-06-17 13:35:00,108928.0,108970.0,108926.0,108968.0,300
2026-06-17 13:40:00,108966.0,108980.0,108941.0,108960.0,300
2026-06-17 13:45:00,108958.0,108966.0,108925.0,108950.0,300
2026-06-17 13:50:00,108948.0,108985.0,108948.0,108956.0,300
2026-06-17 13:55:00,108955.0,108994.0,108950.0,108953.0,300
2026-06-17 14:00:00,108955.0,108958.0,108906.0,108911.0,300
2026-06-17 14:05:00,108913.0,108922.0,108894.0,108901.0,300
2026-06-17 14:10:00,108902.0,108932.0,108897.0,108929.0,300
2026-06-17 14:15:00,108927.0,108927.0,108889.0,108915.0,300
2026-06-17 14:20:00,108914.0,108953.0,108912.0,108929.0,300
2026-06-17 14:25:00,108928.0,108932.0,108875.0,108881.0,300
2026-06-17 14:30:00,108880.0,108884.0,108818.0,108824.0,300
2026-06-17 14:35:00,108823.0,108827.0,108801.0,108817.0,300
2026-06-17 14:40:00,108816.0,108857.0,108805.0,108841.0,300
2026-06-17 14:45:00,108842.0,108864.0,108804.0,108805.0,300
2026-06-17 14:50:00,108803.0,108807.0,108767.0,108767.0,300
2026-06-17 14:55:00,108765.0,108806.0,108759.0,108779.0,300
2026-06-17 15:00:00,108781.0,108820.0,108772.0,108806.0,300
2026-06-17 15:05:00,108808.0,108824.0,108783.0,108787.0,300
2026-06-17 15:10:00,108788.0,108792.0,108759.0,108777.0,300
2026-06-17 15:15:00,108779.0,108797.0,108759.0,108793.0,300
2026-06-17 15:20:00,108791.0,108794.0,108756.0,108768.0,300
2026-06-17 15:25:00,108770.0,108848.0,108770.0,108848.0,300
2026-06-17 15:30:00,108849.0,108855.0,108807.0,108824.0,300
2026-06-17 15:35:00,108822.0,108823.0,108785.0,108805.0,300
2026-06-17 15:40:00,108806.0,108814.0,108787.0,108790.0,300
2026-06-17 15:45:00,108791.0,108816.0,108767.0,108777.0,300
2026-06-17 15:50:00,108778.0,108794.0,108756.0,108762.0,300
2026-06-17 15:55:00,108764.0,108764.0,108738.0,108751.0,300
2026-06-17 16:00:00,108753.0,108760.0,108729.0,108730.0,300
2026-06-17 16:05:00,108728.0,108774.0,108719.0,108772.0,300
2026-06-17 16:10:00,108771.0,108790.0,108755.0,108775.0,300
2026-06-17 16:15:00,108776.0,108791.0,108731.0,108744.0,300
2026-06-17 16:20:00,108745.0,108759.0,108726.0,108754.0,300
2026-06-17 16:25:00,108752.0,108757.0,108722.0,108757.0,300
2026-06-17 16:30:00,108758.0,108771.0,108743.0,108755.0,300
2026-06-17 16:35:00,108756.0,108764.0,108737.0,108745.0,300
2026-06-17 16:40:00,108743.0,108744.0,108706.0,108714.0,300
2026-06-17 16:45:00,108713.0,108729.0,108698.0,108702.0,300
2026-06-17 16:50:00,108703.0,108715.0,108694.0,108707.0,300
2026-06-17 16:55:00,108709.0,108719.0,108673.0,108679.0,300
2026-06-17 17:00:00,108677.0,108701.0,108637.0,108640.0,300
2026-06-17 17:05:00,108639.0,108656.0,108600.0,108602.0,300
2026-06-17 17:10:00,108604.0,108608.0,108570.0,108583.0,300
2026-06-17 17:15:00,108584.0,108588.0,108546.0,108561.0,300
2026-06-17 17:20:00,108562.0,108575.0,108542.0,108565.0,300
2026-06-17 17:25:00,108563.0,108578.0,108536.0,108548.0,300
2026-06-17 17:30:00,108547.0,108577.0,108545.0,108574.0,300
2026-06-17 17:35:00,108575.0,108583.0,108513.0,108514.0,300
2026-06-17 17:40:00,108516.0,108587.0,108508.0,108568.0,300
2026-06-17 17:45:00,108570.0,108579.0,108558.0,108574.0,300
2026-06-17 17:50:00,108575.0,108585.0,108550.0,108555.0,300
2026-06-17 17:55:00,108556.0,108563.0,108526.0,108540.0,300
2026-06-17 18:00:00,108538.0,108555.0,108527.0,108548.0,300
2026-06-17 18:05:00,108546.0,108561.0,108531.0,108546.0,300
2026-06-17 18:10:00,108547.0,108547.0,108482.0,108502.0,300
2026-06-17 18:15:00,108504.0,108529.0,108478.0,108488.0,300
2026-06-17 18:20:00,108490.0,108503.0,108475.0,108500.0,300
2026-06-17 18:25:00,108499.0,108540.0,108495.0,108523.0,300
2026-06-17 18:30:00,108525.0,108542.0,108478.0,108483.0,300
2026-06-17 18:35:00,108485.0,108512.0,108451.0,108451.0,300
2026-06-17 18:40:00,108449.0,108451.0,108401.0,108422.0,300
2026-06-17 18:45:00,108420.0,108420.0,108366.0,108375.0,300
2026-06-17 18:50:00,108373.0,108402.0,108371.0,108381.0,300
2026-06-17 18:55:00,108382.0,108388.0,108353.0,108374.0,300
2026-06-17 19:00:00,108376.0,108377.0,108332.0,108337.0,300
2026-06-17 19:05:00,108336.0,108345.0,108296.0,108307.0,300
2026-06-17 19:10:00,108305.0,108318.0,108273.0,108276.0,300
2026-06-17 19:15:00,108277.0,108287.0,108254.0,108263.0,300
2026-06-17 19:20:00,108262.0,108282.0,108249.0,108255.0,300
2026-06-17 19:25:00,108256.0,108270.0,108236.0,108268.0,300
2026-06-17 19:30:00,108266.0,108289.0,108228.0,108229.0,300
2026-06-17 19:35:00,108228.0,108252.0,108220.0,108235.0,300
2026-06-17 19:40:00,108236.0,108256.0,108220.0,108247.0,300
2026-06-17 19:45:00,108245.0,108306.0,108236.0,108294.0,300
2026-06-17 19:50:00,108293.0,108349.0,108291.0,108346.0,300
2026-06-17 19:55:00,108347.0,108371.0,108340.0,108340.0,300
2026-06-17 20:00:00,108341.0,108348.0,108306.0,108314.0,300
2026-06-17 20:05:00,108316.0,108323.0,108284.0,108296.0,300
2026-06-17 20:10:00,108295.0,108304.0,108266.0,108278.0,300
2026-06-17 20:15:00,108279.0,108298.0,108266.0,108266.0,300
2026-06-17 20:20:00,108268.0,108313.0,108267.0,108309.0,300
2026-06-17 20:25:00,108307.0,108357.0,108294.0,108348.0,300
2026-06-17 20:30:00,108349.0,108365.0,108343.0,108350.0,300
2026-06-17 20:35:00,108348.0,108348.0,108294.0,108308.0,300
2026-06-17 20:40:00,108310.0,108339.0,108304.0,108331.0,300
2026-06-17 20:45:00,108332.0,108344.0,108297.0,108297.0,300
2026-06-17 20:50:00,108295.0,108304.0,108269.0,108278.0,300
2026-06-17 20:55:00,108277.0,108277.0,108232.0,108235.0,300
2026-06-17 21:00:00,108233.0,108265.0,108218.0,108259.0,300
2026-06-17 21:05:00,108258.0,108258.0,108211.0,108236.0,300
2026-06-17 21:10:00,108237.0,108237.0,108210.0,108223.0,300
2026-06-17 21:15:00,108224.0,108240.0,108213.0,108227.0,300
2026-06-17 21:20:00,108225.0,108241.0,108197.0,108224.0,300
2026-06-17 21:25:00,108226.0,108255.0,108212.0,108249.0,300
2026-06-17 21:30:00,108248.0,108273.0,108247.0,108253.0,300
2026-06-17 21:35:00,108254.0,108290.0,108234.0,108287.0,300
2026-06-17 21:40:00,108288.0,108289.0,108236.0,108250.0,300
2026-06-17 21:45:00,108251.0,108282.0,108244.0,108248.0,300
2026-06-17 21:50:00,108246.0,108251.0,108220.0,108220.0,300
2026-06-17 21:55:00,108221.0,108228.0,108191.0,108225.0,300
2026-06-17 22:00:00,108226.0,108232.0,108209.0,108230.0,300
2026-06-17 22:05:00,108232.0,108264.0,108222.0,108248.0,300
2026-06-17 22:10:00,108249.0,108276.0,108223.0,108265.0,300
2026-06-17 22:15:00,108266.0,108326.0,108261.0,108324.0,300
2026-06-17 22:20:00,108325.0,108336.0,108290.0,108294.0,300
2026-06-17 22:25:00,108296.0,108305.0,108267.0,108296.0,300
2026-06-17 22:30:00,108294.0,108315.0,108266.0,108292.0,300
2026-06-17 22:35:00,108294.0,108316.0,108266.0,108312.0,300
2026-06-17 22:40:00,108314.0,108346.0,108298.0,108346.0,300
2026-06-17 22:45:00,108348.0,108357.0,108283.0,108287.0,300
2026-06-17 22:50:00,108289.0,108304.0,108250.0,108255.0,300
2026-06-17 22:55:00,108254.0,108261.0,108223.0,108223.0,300
2026-06-17 23:00:00,108222.0,108258.0,108222.0,108258.0,300
2026-06-17 23:05:00,108256.0,108261.0,108206.0,108211.0,300
2026-06-17 23:10:00,108212.0,108251.0,108211.0,108223.0,300
2026-06-17 23:15:00,108225.0,108227.0,108171.0,108175.0,300
2026-06-17 23:20:00,108176.0,108219.0,108176.0,108209.0,300
2026-06-17 23:25:00,108207.0,108211.0,108182.0,108198.0,300
2026-06-17 23:30:00,108197.0,108198.0,108165.0,108187.0,300
2026-06-17 23:35:00,108189.0,108211.0,108178.0,108208.0,300
2026-06-17 23:40:00,108206.0,108225.0,108172.0,108219.0,300
2026-06-17 23:45:00,108221.0,108254.0,108213.0,108242.0,300
2026-06-17 23:50:00,108241.0,108269.0,108224.0,108257.0,300
2026-06-17 23:55:00,108259.0,108263.0,108193.0,108198.0,300
2026-06-18 00:00:00,108197.0,108212.0,108183.0,108205.0,300
2026-06-18 00:05:00,108206.0,108206.0,108172.0,108185.0,300
2026-06-18 00:10:00,108184.0,108210.0,108173.0,108182.0,300
2026-06-18 00:15:00,108183.0,108200.0,108174.0,108185.0,300
2026-06-18 00:20:00,108187.0,108224.0,108179.0,108208.0,300
2026-06-18 00:25:00,108210.0,108234.0,108194.0,108223.0,300
2026-06-18 00:30:00,108224.0,108229.0,108191.0,108220.0,300
2026-06-18 00:35:00,108219.0,108246.0,108204.0,108237.0,300
2026-06-18 00:40:00,108235.0,108252.0,108229.0,108235.0,300
2026-06-18 00:45:00,108237.0,108237.0,108208.0,108233.0,300
2026-06-18 00:50:00,108232.0,108244.0,108201.0,108228.0,300
2026-06-18 00:55:00,108230.0,108241.0,108219.0,108229.0,300
2026-06-18 01:00:00,108230.0,108233.0,108206.0,108208.0,300
2026-06-18 01:05:00,108206.0,108231.0,108186.0,108228.0,300
2026-06-18 01:10:00,108227.0,108231.0,108193.0,108212.0,300
2026-06-18 01:15:00,108213.0,108239.0,108207.0,108232.0,300
2026-06-18 01:20:00,108233.0,108264.0,108223.0,108262.0,300
2026-06-18 01:25:00,108264.0,108269.0,108219.0,108219.0,300
2026-06-18 01:30:00,108218.0,108251.0,108211.0,108237.0,300
2026-06-18 01:35:00,108235.0,108249.0,108217.0,108222.0,300
2026-06-18 01:40:00,108224.0,108237.0,108211.0,108233.0,300
2026-06-18 01:45:00,108231.0,108239.0,108182.0,108182.0,300
2026-06-18 01:50:00,108184.0,108194.0,108165.0,108176.0,300
2026-06-18 01:55:00,108177.0,108209.0,108176.0,108209.0,300
2026-06-18 02:00:00,108211.0,108211.0,108167.0,108203.0,300
2026-06-18 02:05:00,108205.0,108211.0,108177.0,108209.0,300
2026-06-18 02:10:00,108211.0,108225.0,108173.0,108188.0,300
2026-06-18 02:15:00,108189.0,108203.0,108171.0,108197.0,300
2026-06-18 02:20:00,108198.0,108247.0,108198.0,108232.0,300
2026-06-18 02:25:00,108231.0,108276.0,108212.0,108269.0,300
2026-06-18 02:30:00,108271.0,108280.0,108218.0,108220.0,300
2026-06-18 02:35:00,108218.0,108244.0,108213.0,108219.0,300
2026-06-18 02:40:00,108221.0,108269.0,108221.0,108255.0,300
2026-06-18 02:45:00,108254.0,108285.0,108250.0,108264.0,300
2026-06-18 02:50:00,108265.0,108275.0,108229.0,108266.0,300
2026-06-18 02:55:00,108268.0,108276.0,108225.0,108225.0,300
2026-06-18 03:00:00,108226.0,108236.0,108183.0,108195.0,300
2026-06-18 03:05:00,108197.0,108221.0,108188.0,108208.0,300
2026-06-18 03:10:00,108207.0,108251.0,108207.0,108249.0,300
2026-06-18 03:15:00,108247.0,108280.0,108243.0,108255.0,300
2026-06-18 03:20:00,108256.0,108286.0,108237.0,108244.0,300
2026-06-18 03:25:00,108245.0,108274.0,108208.0,108212.0,300
2026-06-18 03:30:00,108213.0,108264.0,108203.0,108260.0,300
2026-06-18 03:35:00,108262.0,108267.0,108204.0,108206.0,300
2026-06-18 03:40:00,108205.0,108219.0,108153.0,108160.0,300
2026-06-18 03:45:00,108159.0,108192.0,108154.0,108188.0,300
2026-06-18 03:50:00,108190.0,108200.0,108144.0,108144.0,300
2026-06-18 03:55:00,108143.0,108148.0,108104.0,108143.0,300
2026-06-18 04:00:00,108141.0,108177.0,108122.0,108158.0,300
2026-06-18 04:05:00,108156.0,108194.0,108147.0,108156.0,300
2026-06-18 04:10:00,108157.0,108179.0,108136.0,108152.0,300
2026-06-18 04:15:00,108150.0,108180.0,108123.0,108176.0,300
2026-06-18 04:20:00,108177.0,108186.0,108159.0,108171.0,300
2026-06-18 04:25:00,108172.0,108207.0,108172.0,108204.0,300
2026-06-18 04:30:00,108205.0,108227.0,108184.0,108190.0,300
2026-06-18 04:35:00,108191.0,108237.0,108185.0,108217.0,300
2026-06-18 04:40:00,108218.0,108222.0,108173.0,108183.0,300
2026-06-18 04:45:00,108182.0,108240.0,108169.0,108220.0,300
2026-06-18 04:50:00,108218.0,108228.0,108190.0,108193.0,300
2026-06-18 04:55:00,108194.0,108243.0,108186.0,108207.0,300
2026-06-18 05:00:00,108208.0,108236.0,108186.0,108234.0,300
2026-06-18 05:05:00,108233.0,108261.0,108223.0,108244.0,300
2026-06-18 05:10:00,108245.0,108289.0,108244.0,108272.0,300
2026-06-18 05:15:00,108270.0,108270.0,108227.0,108238.0,300
2026-06-18 05:20:00,108237.0,108239.0,108211.0,108228.0,300
2026-06-18 05:25:00,108230.0,108287.0,108225.0,108284.0,300
2026-06-18 05:30:00,108282.0,108336.0,108279.0,108335.0,300
2026-06-18 05:35:00,108333.0,108363.0,108327.0,108355.0,300
2026-06-18 05:40:00,108357.0,108365.0,108336.0,108352.0,300
2026-06-18 05:45:00,108350.0,108359.0,108313.0,108325.0,300
2026-06-18 05:50:00,108323.0,108338.0,108306.0,108336.0,300
2026-06-18 05:55:00,108334.0,108347.0,108322.0,108347.0,300
2026-06-18 06:00:00,108348.0,108363.0,108327.0,108335.0,300
2026-06-18 06:05:00,108333.0,108336.0,108287.0,108322.0,300
2026-06-18 06:10:00,108323.0,108363.0,108322.0,108361.0,300
2026-06-18 06:15:00,108363.0,108378.0,108350.0,108369.0,300
2026-06-18 06:20:00,108370.0,108381.0,108342.0,108361.0,300
2026-06-18 06:25:00,108362.0,108362.0,108305.0,108316.0,300
2026-06-18 06:30:00,108315.0,108325.0,108297.0,108304.0,300
2026-06-18 06:35:00,108303.0,108320.0,108286.0,108318.0,300
2026-06-18 06:40:00,108316.0,108359.0,108314.0,108345.0,300
2026-06-18 06:45:00,108347.0,108391.0,108340.0,108383.0,300
2026-06-18 06:50:00,108385.0,108401.0,108371.0,108392.0,300
2026-06-18 06:55:00,108393.0,108396.0,108374.0,108384.0,300
2026-06-18 07:00:00,108383.0,108388.0,108334.0,108368.0,300
2026-06-18 07:05:00,108366.0,108397.0,108355.0,108382.0,300
2026-06-18 07:10:00,108383.0,108400.0,108338.0,108339.0,300
2026-06-18 07:15:00,108341.0,108351.0,108316.0,108333.0,300
2026-06-18 07:20:00,108335.0,108364.0,108323.0,108338.0,300
2026-06-18 07:25:00,108337.0,108343.0,108313.0,108317.0,300
2026-06-18 07:30:00,108315.0,108336.0,108299.0,108321.0,300
2026-06-18 07:35:00,108322.0,108334.0,108288.0,108292.0,300
2026-06-18 07:40:00,108291.0,108304.0,108273.0,108278.0,300
2026-06-18 07:45:00,108279.0,108288.0,108251.0,108252.0,300
2026-06-18 07:50:00,108251.0,108285.0,108239.0,108260.0,300
2026-06-18 07:55:00,108258.0,108273.0,108249.0,108271.0,300
2026-06-18 08:00:00,108269.0,108275.0,108228.0,108268.0,300
2026-06-18 08:05:00,108269.0,108285.0,108251.0,108254.0,300
2026-06-18 08:10:00,108256.0,108292.0,108248.0,108286.0,300
2026-06-18 08:15:00,108288.0,108309.0,108276.0,108309.0,300
2026-06-18 08:20:00,108311.0,108317.0,108263.0,108271.0,300
2026-06-18 08:25:00,108270.0,108290.0,108228.0,108235.0,300
2026-06-18 08:30:00,108233.0,108249.0,108207.0,108246.0,300
2026-06-18 08:35:00,108244.0,108246.0,108213.0,108215.0,300
2026-06-18 08:40:00,108214.0,108234.0,108196.0,108230.0,300
2026-06-18 08:45:00,108229.0,108248.0,108222.0,108248.0,300
2026-06-18 08:50:00,108249.0,108266.0,108222.0,108222.0,300
2026-06-18 08:55:00,108223.0,108238.0,108194.0,108205.0,300
2026-06-18 09:00:00,108203.0,108203.0,108156.0,108156.0,300
2026-06-18 09:05:00,108155.0,108174.0,108143.0,108171.0,300
2026-06-18 09:10:00,108169.0,108231.0,108169.0,108192.0,300
2026-06-18 09:15:00,108193.0,108216.0,108193.0,108211.0,300
2026-06-18 09:20:00,108209.0,108222.0,108192.0,108199.0,300
2026-06-18 09:25:00,108201.0,108206.0,108179.0,108187.0,300
2026-06-18 09:30:00,108186.0,108202.0,108166.0,108179.0,299
2026-06-18 09:35:00,108180.0,108201.0,108167.0,108190.0,301
2026-06-18 09:40:00,108188.0,108190.0,108164.0,108190.0,299
2026-06-18 09:45:00,108189.0,108254.0,108189.0,108244.0,301
2026-06-18 09:50:00,108246.0,108280.0,108225.0,108277.0,299
2026-06-18 09:55:00,108275.0,108292.0,108266.0,108285.0,301
2026-06-18 10:00:00,108284.0,108293.0,108256.0,108269.0,299
2026-06-18 10:05:00,108268.0,108274.0,108242.0,108272.0,300
2026-06-18 10:10:00,108274.0,108278.0,108246.0,108261.0,300
2026-06-18 10:15:00,108260.0,108292.0,108255.0,108286.0,300
2026-06-18 10:20:00,108288.0,108331.0,108279.0,108301.0,300
2026-06-18 10:25:00,108300.0,108311.0,108273.0,108305.0,300
2026-06-18 10:30:00,108304.0,108332.0,108293.0,108294.0,300
2026-06-18 10:35:00,108292.0,108292.0,108254.0,108270.0,300
2026-06-18 10:40:00,108268.0,108304.0,108252.0,108298.0,300
2026-06-18 10:45:00,108299.0,108314.0,108280.0,108290.0,300
2026-06-18 10:50:00,108291.0,108335.0,108284.0,108330.0,300
2026-06-18 10:55:00,108331.0,108400.0,108331.0,108383.0,300
2026-06-18 11:00:00,108385.0,108417.0,108378.0,108393.0,300
2026-06-18 11:05:00,108392.0,108401.0,108373.0,108381.0,300
2026-06-18 11:10:00,108383.0,108412.0,108382.0,108412.0,300
2026-06-18 11:15:00,108411.0,108415.0,108383.0,108415.0,300
2026-06-18 11:20:00,108416.0,108417.0,108367.0,108375.0,300
2026-06-18 11:25:00,108377.0,108385.0,108328.0,108351.0,300
2026-06-18 11:30:00,108350.0,108409.0,108344.0,108407.0,300
2026-06-18 11:35:00,108409.0,108425.0,108399.0,108419.0,300
2026-06-18 11:40:00,108417.0,108458.0,108417.0,108425.0,300
2026-06-18 11:45:00,108426.0,108456.0,108425.0,108437.0,300
2026-06-18 11:50:00,108436.0,108436.0,108401.0,108429.0,300
2026-06-18 11:55:00,108430.0,108453.0,108422.0,108448.0,300
2026-06-18 12:00:00,108447.0,108455.0,108424.0,108444.0,300
2026-06-18 12:05:00,108445.0,108457.0,108423.0,108424.0,300
2026-06-18 12:10:00,108423.0,108453.0,108419.0,108424.0,300
2026-06-18 12:15:00,108423.0,108446.0,108417.0,108420.0,300
2026-06-18 12:20:00,108421.0,108421.0,108382.0,108406.0,300
2026-06-18 12:25:00,108408.0,108408.0,108358.0,108366.0,300
2026-06-18 12:30:00,108368.0,108372.0,108326.0,108355.0,300
2026-06-18 12:35:00,108356.0,108367.0,108329.0,108349.0,300
2026-06-18 12:40:00,108348.0,108356.0,108319.0,108332.0,300
2026-06-18 12:45:00,108334.0,108334.0,108308.0,108319.0,300
2026-06-18 12:50:00,108321.0,108369.0,108314.0,108319.0,300
2026-06-18 12:55:00,108321.0,108331.0,108303.0,108321.0,300
2026-06-18 13:00:00,108322.0,108324.0,108291.0,108307.0,300
2026-06-18 13:05:00,108308.0,108308.0,108262.0,108292.0,300
2026-06-18 13:10:00,108294.0,108297.0,108259.0,108268.0,300
2026-06-18 13:15:00,108266.0,108365.0,108265.0,108365.0,300
2026-06-18 13:20:00,108366.0,108366.0,108328.0,108350.0,300
2026-06-18 13:25:00,108349.0,108374.0,108330.0,108335.0,300
2026-06-18 13:30:00,108336.0,108344.0,108325.0,108332.0,300
2026-06-18 13:35:00,108333.0,108349.0,108324.0,108349.0,300
2026-06-18 13:40:00,108348.0,108370.0,108333.0,108333.0,300
2026-06-18 13:45:00,108332.0,108373.0,108311.0,108368.0,300
2026-06-18 13:50:00,108370.0,108413.0,108364.0,108411.0,300
2026-06-18 13:55:00,108410.0,108423.0,108387.0,108407.0,300
2026-06-18 14:00:00,108408.0,108417.0,108387.0,108401.0,300
2026-06-18 14:05:00,108403.0,108453.0,108401.0,108447.0,300
2026-06-18 14:10:00,108449.0,108470.0,108438.0,108464.0,300
2026-06-18 14:15:00,108466.0,108478.0,108451.0,108456.0,300
2026-06-18 14:20:00,108458.0,108485.0,108438.0,108477.0,300
2026-06-18 14:25:00,108476.0,108527.0,108471.0,108524.0,300
2026-06-18 14:30:00,108526.0,108530.0,108498.0,108517.0,300
2026-06-18 14:35:00,108518.0,108557.0,108513.0,108549.0,300
2026-06-18 14:40:00,108548.0,108603.0,108548.0,108581.0,300
2026-06-18 14:45:00,108580.0,108613.0,108573.0,108586.0,300
2026-06-18 14:50:00,108587.0,108599.0,108561.0,108571.0,300
2026-06-18 14:55:00,108569.0,108604.0,108568.0,108600.0,300
2026-06-18 15:00:00,108599.0,108610.0,108564.0,108582.0,300
2026-06-18 15:05:00,108580.0,108580.0,108545.0,108561.0,300
2026-06-18 15:10:00,108563.0,108563.0,108513.0,108513.0,300
2026-06-18 15:15:00,108512.0,108523.0,108488.0,108520.0,300
2026-06-18 15:20:00,108518.0,108528.0,108494.0,108505.0,300
2026-06-18 15:25:00,108504.0,108508.0,108466.0,108469.0,300
2026-06-18 15:30:00,108470.0,108499.0,108439.0,108444.0,300
2026-06-18 15:35:00,108446.0,108455.0,108432.0,108447.0,300
2026-06-18 15:40:00,108446.0,108467.0,108428.0,108464.0,300
2026-06-18 15:45:00,108462.0,108467.0,108435.0,108437.0,300
2026-06-18 15:50:00,108435.0,108460.0,108428.0,108447.0,300
2026-06-18 15:55:00,108445.0,108467.0,108432.0,108457.0,300
2026-06-18 16:00:00,108455.0,108463.0,108395.0,108408.0,300
2026-06-18 16:05:00,108409.0,108468.0,108394.0,108467.0,300
2026-06-18 16:10:00,108469.0,108485.0,108454.0,108481.0,300
2026-06-18 16:15:00,108482.0,108513.0,108470.0,108512.0,300
2026-06-18 16:20:00,108513.0,108523.0,108495.0,108496.0,300
2026-06-18 16:25:00,108494.0,108502.0,108473.0,108485.0,300
2026-06-18 16:30:00,108487.0,108538.0,108483.0,108532.0,300
2026-06-18 16:35:00,108530.0,108551.0,108512.0,108521.0,300
2026-06-18 16:40:00,108520.0,108526.0,108492.0,108504.0,300
2026-06-18 16:45:00,108503.0,108510.0,108475.0,108482.0,300
2026-06-18 16:50:00,108483.0,108485.0,108435.0,108452.0,300
2026-06-18 16:55:00,108451.0,108470.0,108449.0,108461.0,300
2026-06-18 17:00:00,108459.0,108460.0,108408.0,108427.0,300
2026-06-18 17:05:00,108429.0,108430.0,108391.0,108419.0,300
2026-06-18 17:10:00,108420.0,108440.0,108409.0,108433.0,300
2026-06-18 17:15:00,108431.0,108464.0,108430.0,108454.0,300
2026-06-18 17:20:00,108452.0,108466.0,108438.0,108457.0,300
2026-06-18 17:25:00,108455.0,108455.0,108414.0,108417.0,300
2026-06-18 17:30:00,108415.0,108446.0,108413.0,108438.0,300
2026-06-18 17:35:00,108436.0,108444.0,108406.0,108430.0,300
2026-06-18 17:40:00,108432.0,108469.0,108417.0,108469.0,300
2026-06-18 17:45:00,108471.0,108497.0,108455.0,108458.0,300
2026-06-18 17:50:00,108457.0,108462.0,108399.0,108417.0,300
2026-06-18 17:55:00,108416.0,108416.0,108371.0,108382.0,300
2026-06-18 18:00:00,108381.0,108387.0,108350.0,108371.0,300
2026-06-18 18:05:00,108369.0,108395.0,108354.0,108381.0,300
2026-06-18 18:10:00,108380.0,108408.0,108362.0,108365.0,300
2026-06-18 18:15:00,108363.0,108373.0,108325.0,108331.0,300
2026-06-18 18:20:00,108330.0,108351.0,108319.0,108337.0,300
2026-06-18 18:25:00,108336.0,108378.0,108328.0,108341.0,300
2026-06-18 18:30:00,108342.0,108358.0,108293.0,108304.0,300
2026-06-18 18:35:00,108306.0,108309.0,108285.0,108300.0,300
2026-06-18 18:40:00,108299.0,108300.0,108269.0,108292.0,300
2026-06-18 18:45:00,108290.0,108300.0,108267.0,108285.0,300
2026-06-18 18:50:00,108287.0,108287.0,108251.0,108259.0,300
2026-06-18 18:55:00,108260.0,108262.0,108221.0,108238.0,300
2026-06-18 19:00:00,108236.0,108238.0,108203.0,108205.0,300
2026-06-18 19:05:00,108204.0,108216.0,108175.0,108180.0,300
2026-06-18 19:10:00,108181.0,108191.0,108145.0,108149.0,300
2026-06-18 19:15:00,108148.0,108164.0,108121.0,108125.0,300
2026-06-18 19:20:00,108123.0,108129.0,108104.0,108110.0,300
2026-06-18 19:25:00,108108.0,108122.0,108088.0,108110.0,300
2026-06-18 19:30:00,108112.0,108138.0,108112.0,108120.0,300
2026-06-18 19:35:00,108118.0,108129.0,108106.0,108119.0,300
2026-06-18 19:40:00,108118.0,108147.0,108098.0,108134.0,300
2026-06-18 19:45:00,108136.0,108145.0,108097.0,108100.0,300
2026-06-18 19:50:00,108101.0,108115.0,108087.0,108088.0,300
2026-06-18 19:55:00,108089.0,108094.0,108056.0,108056.0,300
2026-06-18 20:00:00,108055.0,108084.0,108041.0,108062.0,300
2026-06-18 20:05:00,108064.0,108067.0,108013.0,108013.0,300
2026-06-18 20:10:00,108014.0,108058.0,107995.0,108058.0,300
2026-06-18 20:15:00,108057.0,108074.0,108035.0,108059.0,300
2026-06-18 20:20:00,108060.0,108073.0,108043.0,108044.0,300
2026-06-18 20:25:00,108043.0,108046.0,107976.0,107981.0,300
2026-06-18 20:30:00,107983.0,107988.0,107962.0,107979.0,300
2026-06-18 20:35:00,107980.0,108047.0,107979.0,108047.0,300
2026-06-18 20:40:00,108046.0,108046.0,107998.0,108012.0,300
2026-06-18 20:45:00,108011.0,108043.0,108004.0,108043.0,300
2026-06-18 20:50:00,108042.0,108060.0,108034.0,108049.0,300
2026-06-18 20:55:00,108050.0,108061.0,108025.0,108039.0,300
2026-06-18 21:00:00,108040.0,108070.0,108027.0,108058.0,300
2026-06-18 21:05:00,108059.0,108125.0,108054.0,108125.0,300
2026-06-18 21:10:00,108123.0,108158.0,108117.0,108158.0,300
2026-06-18 21:15:00,108159.0,108163.0,108113.0,108115.0,300
2026-06-18 21:20:00,108116.0,108165.0,108094.0,108154.0,300
2026-06-18 21:25:00,108156.0,108159.0,108131.0,108153.0,300
2026-06-18 21:30:00,108154.0,108184.0,108154.0,108168.0,300
2026-06-18 21:35:00,108166.0,108180.0,108146.0,108160.0,300
2026-06-18 21:40:00,108159.0,108203.0,108159.0,108198.0,300
2026-06-18 21:45:00,108199.0,108242.0,108193.0,108242.0,300
2026-06-18 21:50:00,108240.0,108244.0,108213.0,108235.0,300
2026-06-18 21:55:00,108234.0,108277.0,108233.0,108272.0,300
2026-06-18 22:00:00,108273.0,108303.0,108262.0,108281.0,300
2026-06-18 22:05:00,108283.0,108313.0,108277.0,108304.0,300
2026-06-18 22:10:00,108306.0,108322.0,108292.0,108312.0,300
2026-06-18 22:15:00,108313.0,108315.0,108268.0,108269.0,300
2026-06-18 22:20:00,108270.0,108282.0,108249.0,108257.0,300
2026-06-18 22:25:00,108255.0,108322.0,108252.0,108318.0,300
2026-06-18 22:30:00,108316.0,108354.0,108313.0,108337.0,300
2026-06-18 22:35:00,108336.0,108392.0,108332.0,108377.0,300
2026-06-18 22:40:00,108376.0,108411.0,108363.0,108367.0,300
2026-06-18 22:45:00,108369.0,108374.0,108340.0,108344.0,300
2026-06-18 22:50:00,108345.0,108369.0,108313.0,108328.0,300
2026-06-18 22:55:00,108329.0,108338.0,108285.0,108299.0,300
2026-06-18 23:00:00,108298.0,108300.0,108252.0,108262.0,300
2026-06-18 23:05:00,108260.0,108273.0,108248.0,108250.0,300
2026-06-18 23:10:00,108251.0,108274.0,108239.0,108249.0,300
2026-06-18 23:15:00,108251.0,108270.0,108211.0,108223.0,300
2026-06-18 23:20:00,108221.0,108224.0,108182.0,108211.0,300
2026-06-18 23:25:00,108209.0,108214.0,108174.0,108184.0,300
2026-06-18 23:30:00,108185.0,108204.0,108153.0,108162.0,300
2026-06-18 23:35:00,108164.0,108194.0,108162.0,108186.0,300
2026-06-18 23:40:00,108188.0,108212.0,108180.0,108194.0,300
2026-06-18 23:45:00,108193.0,108230.0,108190.0,108225.0,300
2026-06-18 23:50:00,108223.0,108235.0,108213.0,108216.0,300
2026-06-18 23:55:00,108218.0,108276.0,108213.0,108275.0,300
2026-06-19 00:00:00,108274.0,108290.0,108240.0,108273.0,300
2026-06-19 00:05:00,108274.0,108295.0,108268.0,108291.0,300
2026-06-19 00:10:00,108290.0,108346.0,108288.0,108346.0,300
2026-06-19 00:15:00,108347.0,108354.0,108294.0,108312.0,300
2026-06-19 00:20:00,108311.0,108331.0,108282.0,108291.0,300
2026-06-19 00:25:00,108290.0,108300.0,108244.0,108256.0,300
2026-06-19 00:30:00,108255.0,108286.0,108251.0,108268.0,300
2026-06-19 00:35:00,108269.0,108299.0,108265.0,108296.0,300
2026-06-19 00:40:00,108298.0,108298.0,108244.0,108260.0,300
2026-06-19 00:45:00,108261.0,108285.0,108257.0,108282.0,300
2026-06-19 00:50:00,108284.0,108302.0,108252.0,108257.0,300
2026-06-19 00:55:00,108258.0,108264.0,108234.0,108247.0,300
2026-06-19 01:00:00,108246.0,108270.0,108244.0,108255.0,300
2026-06-19 01:05:00,108254.0,108299.0,108252.0,108299.0,300
2026-06-19 01:10:00,108300.0,108329.0,108284.0,108305.0,300
2026-06-19 01:15:00,108304.0,108330.0,108275.0,108279.0,300
2026-06-19 01:20:00,108281.0,108327.0,108276.0,108306.0,300
2026-06-19 01:25:00,108308.0,108319.0,108294.0,108307.0,300
2026-06-19 01:30:00,108306.0,108316.0,108268.0,108274.0,300
2026-06-19 01:35:00,108275.0,108280.0,108243.0,108250.0,300
2026-06-19 01:40:00,108252.0,108283.0,108252.0,108270.0,300
2026-06-19 01:45:00,108268.0,108268.0,108236.0,108257.0,300
2026-06-19 01:50:00,108256.0,108289.0,108236.0,108240.0,300
2026-06-19 01:55:00,108238.0,108278.0,108228.0,108272.0,300
2026-06-19 02:00:00,108273.0,108280.0,108257.0,108267.0,300
2026-06-19 02:05:00,108268.0,108331.0,108263.0,108312.0,300
2026-06-19 02:10:00,108310.0,108315.0,108268.0,108292.0,300
2026-06-19 02:15:00,108294.0,108320.0,108282.0,108292.0,300
2026-06-19 02:20:00,108291.0,108328.0,108281.0,108308.0,300
2026-06-19 02:25:00,108306.0,108314.0,108248.0,108252.0,300
2026-06-19 02:30:00,108251.0,108252.0,108190.0,108210.0,300
2026-06-19 02:35:00,108211.0,108214.0,108178.0,108195.0,300
2026-06-19 02:40:00,108197.0,108232.0,108193.0,108213.0,300
2026-06-19 02:45:00,108215.0,108250.0,108201.0,108244.0,300
2026-06-19 02:50:00,108245.0,108279.0,108244.0,108262.0,300
2026-06-19 02:55:00,108260.0,108303.0,108257.0,108290.0,300
2026-06-19 03:00:00,108289.0,108324.0,108269.0,108312.0,300
2026-06-19 03:05:00,108313.0,108325.0,108269.0,108284.0,300
2026-06-19 03:10:00,108285.0,108285.0,108218.0,108259.0,300
2026-06-19 03:15:00,108260.0,108268.0,108221.0,108223.0,300
2026-06-19 03:20:00,108222.0,108225.0,108196.0,108202.0,300
2026-06-19 03:25:00,108203.0,108236.0,108194.0,108216.0,300
2026-06-19 03:30:00,108218.0,108268.0,108212.0,108256.0,300
2026-06-19 03:35:00,108255.0,108262.0,108237.0,108251.0,300
2026-06-19 03:40:00,108253.0,108264.0,108223.0,108226.0,300
2026-06-19 03:45:00,108227.0,108237.0,108202.0,108236.0,300
2026-06-19 03:50:00,108235.0,108252.0,108222.0,108241.0,300
2026-06-19 03:55:00,108239.0,108254.0,108228.0,108243.0,300
2026-06-19 04:00:00,108242.0,108272.0,108232.0,108248.0,300
2026-06-19 04:05:00,108249.0,108249.0,108210.0,108240.0,300
2026-06-19 04:10:00,108239.0,108255.0,108205.0,108206.0,300
2026-06-19 04:15:00,108208.0,108222.0,108190.0,108209.0,300
2026-06-19 04:20:00,108208.0,108214.0,108167.0,108173.0,300
2026-06-19 04:25:00,108172.0,108199.0,108166.0,108182.0,300
2026-06-19 04:30:00,108184.0,108191.0,108160.0,108178.0,300
2026-06-19 04:35:00,108180.0,108204.0,108172.0,108195.0,300
2026-06-19 04:40:00,108197.0,108236.0,108186.0,108226.0,300
2026-06-19 04:45:00,108224.0,108283.0,108221.0,108279.0,300
2026-06-19 04:50:00,108281.0,108290.0,108267.0,108276.0,300
2026-06-19 04:55:00,108278.0,108301.0,108272.0,108281.0,300
2026-06-19 05:00:00,108280.0,108319.0,108262.0,108305.0,300
2026-06-19 05:05:00,108307.0,108319.0,108280.0,108292.0,300
2026-06-19 05:10:00,108291.0,108306.0,108248.0,108254.0,300
2026-06-19 05:15:00,108252.0,108281.0,108233.0,108246.0,300
2026-06-19 05:20:00,108248.0,108260.0,108228.0,108259.0,300
2026-06-19 05:25:00,108261.0,108290.0,108243.0,108288.0,300
2026-06-19 05:30:00,108289.0,108302.0,108268.0,108301.0,300
2026-06-19 05:35:00,108303.0,108312.0,108288.0,108296.0,300
2026-06-19 05:40:00,108297.0,108317.0,108280.0,108315.0,300
2026-06-19 05:45:00,108314.0,108328.0,108303.0,108319.0,300
2026-06-19 05:50:00,108318.0,108396.0,108314.0,108383.0,300
2026-06-19 05:55:00,108382.0,108408.0,108362.0,108406.0,300
2026-06-19 06:00:00,108407.0,108411.0,108378.0,108390.0,300
2026-06-19 06:05:00,108389.0,108438.0,108386.0,108423.0,300
2026-06-19 06:10:00,108422.0,108423.0,108359.0,108377.0,300
2026-06-19 06:15:00,108379.0,108392.0,108370.0,108381.0,300
2026-06-19 06:20:00,108379.0,108386.0,108301.0,108306.0,300
2026-06-19 06:25:00,108308.0,108327.0,108298.0,108305.0,300
2026-06-19 06:30:00,108307.0,108324.0,108250.0,108253.0,300
2026-06-19 06:35:00,108252.0,108286.0,108241.0,108270.0,300
2026-06-19 06:40:00,108268.0,108291.0,108255.0,108265.0,300
2026-06-19 06:45:00,108266.0,108273.0,108241.0,108255.0,300
2026-06-19 06:50:00,108257.0,108316.0,108249.0,108295.0,300
2026-06-19 06:55:00,108297.0,108351.0,108293.0,108335.0,300
2026-06-19 07:00:00,108336.0,108360.0,108324.0,108348.0,300
2026-06-19 07:05:00,108346.0,108372.0,108335.0,108363.0,300
2026-06-19 07:10:00,108362.0,108408.0,108362.0,108394.0,300
2026-06-19 07:15:00,108396.0,108451.0,108390.0,108419.0,300
2026-06-19 07:20:00,108421.0,108421.0,108352.0,108357.0,300
2026-06-19 07:25:00,108356.0,108376.0,108337.0,108352.0,300
2026-06-19 07:30:00,108353.0,108374.0,108334.0,108363.0,300
2026-06-19 07:35:00,108365.0,108372.0,108345.0,108354.0,300
2026-06-19 07:40:00,108352.0,108356.0,108316.0,108354.0,300
2026-06-19 07:45:00,108355.0,108377.0,108334.0,108339.0,300
2026-06-19 07:50:00,108337.0,108346.0,108307.0,108310.0,300
2026-06-19 07:55:00,108309.0,108324.0,108300.0,108318.0,300
2026-06-19 08:00:00,108320.0,108322.0,108239.0,108254.0,300
2026-06-19 08:05:00,108252.0,108298.0,108232.0,108289.0,300
2026-06-19 08:10:00,108290.0,108315.0,108276.0,108309.0,300
2026-06-19 08:15:00,108308.0,108351.0,108299.0,108350.0,300
2026-06-19 08:20:00,108351.0,108357.0,108324.0,108324.0,300
2026-06-19 08:25:00,108323.0,108328.0,108280.0,108292.0,300
2026-06-19 08:30:00,108293.0,108299.0,108265.0,108276.0,300
2026-06-19 08:35:00,108274.0,108302.0,108267.0,108293.0,300
2026-06-19 08:40:00,108294.0,108301.0,108221.0,108221.0,300
2026-06-19 08:45:00,108220.0,108222.0,108191.0,108218.0,300
2026-06-19 08:50:00,108217.0,108224.0,108184.0,108187.0,300
2026-06-19 08:55:00,108188.0,108207.0,108172.0,108201.0,300
2026-06-19 09:00:00,108203.0,108209.0,108178.0,108189.0,300
2026-06-19 09:05:00,108190.0,108193.0,108155.0,108159.0,300
2026-06-19 09:10:00,108160.0,108168.0,108129.0,108135.0,300
2026-06-19 09:15:00,108134.0,108146.0,108114.0,108139.0,300
2026-06-19 09:20:00,108137.0,108165.0,108136.0,108137.0,300
2026-06-19 09:25:00,108138.0,108142.0,108108.0,108110.0,300
2026-06-19 09:30:00,108109.0,108117.0,108074.0,108078.0,300
2026-06-19 09:35:00,108080.0,108086.0,108042.0,108055.0,300
2026-06-19 09:40:00,108056.0,108113.0,108044.0,108102.0,300
2026-06-19 09:45:00,108103.0,108137.0,108100.0,108137.0,300
2026-06-19 09:50:00,108139.0,108141.0,108106.0,108113.0,300
2026-06-19 09:55:00,108114.0,108163.0,108112.0,108163.0,300
2026-06-19 10:00:00,108161.0,108216.0,108154.0,108204.0,300
2026-06-19 10:05:00,108202.0,108215.0,108193.0,108213.0,300
2026-06-19 10:10:00,108211.0,108225.0,108173.0,108194.0,300
2026-06-19 10:15:00,108196.0,108213.0,108184.0,108190.0,300
2026-06-19 10:20:00,108191.0,108194.0,108169.0,108180.0,300
2026-06-19 10:25:00,108179.0,108184.0,108120.0,108120.0,300
2026-06-19 10:30:00,108122.0,108148.0,108105.0,108142.0,300
2026-06-19 10:35:00,108141.0,108145.0,108081.0,108084.0,300
2026-06-19 10:40:00,108086.0,108117.0,108074.0,108080.0,300
2026-06-19 10:45:00,108078.0,108079.0,108002.0,108004.0,300
2026-06-19 10:50:00,108002.0,108025.0,107997.0,108022.0,300
2026-06-19 10:55:00,108024.0,108037.0,107993.0,108025.0,300
2026-06-19 11:00:00,108026.0,108028.0,107993.0,108008.0,300
2026-06-19 11:05:00,108010.0,108024.0,107993.0,108000.0,300
2026-06-19 11:10:00,108001.0,108030.0,108001.0,108029.0,300
2026-06-19 11:15:00,108027.0,108052.0,108023.0,108052.0,300
2026-06-19 11:20:00,108050.0,108052.0,108011.0,108017.0,300
2026-06-19 11:25:00,108018.0,108033.0,108002.0,108023.0,300
2026-06-19 11:30:00,108024.0,108070.0,108024.0,108067.0,300
2026-06-19 11:35:00,108068.0,108081.0,108033.0,108064.0,300
2026-06-19 11:40:00,108063.0,108079.0,108047.0,108076.0,300
2026-06-19 11:45:00,108074.0,108087.0,108058.0,108083.0,300
2026-06-19 11:50:00,108081.0,108098.0,108040.0,108047.0,300
2026-06-19 11:55:00,108045.0,108058.0,108027.0,108044.0,300
2026-06-19 12:00:00,108043.0,108102.0,108043.0,108083.0,300
2026-06-19 12:05:00,108085.0,108103.0,108070.0,108076.0,300
2026-06-19 12:10:00,108078.0,108098.0,108054.0,108057.0,300
2026-06-19 12:15:00,108058.0,108078.0,108052.0,108069.0,300
2026-06-19 12:20:00,108071.0,108123.0,108059.0,108112.0,300
2026-06-19 12:25:00,108110.0,108116.0,108073.0,108075.0,300
2026-06-19 12:30:00,108076.0,108094.0,108066.0,108078.0,300
2026-06-19 12:35:00,108080.0,108122.0,108074.0,108114.0,300
2026-06-19 12:40:00,108116.0,108173.0,108114.0,108166.0,300
2026-06-19 12:45:00,108164.0,108172.0,108144.0,108159.0,300
2026-06-19 12:50:00,108160.0,108186.0,108144.0,108151.0,300
2026-06-19 12:55:00,108153.0,108180.0,108137.0,108166.0,300
2026-06-19 13:00:00,108168.0,108212.0,108164.0,108189.0,300
2026-06-19 13:05:00,108188.0,108196.0,108124.0,108145.0,300
2026-06-19 13:10:00,108144.0,108165.0,108132.0,108134.0,300
2026-06-19 13:15:00,108132.0,108195.0,108132.0,108147.0,300
2026-06-19 13:20:00,108149.0,108155.0,108132.0,108134.0,300
2026-06-19 13:25:00,108132.0,108196.0,108128.0,108186.0,300
2026-06-19 13:30:00,108184.0,108185.0,108150.0,108156.0,300
2026-06-19 13:35:00,108154.0,108202.0,108147.0,108187.0,300
2026-06-19 13:40:00,108188.0,108222.0,108181.0,108192.0,300
2026-06-19 13:45:00,108191.0,108206.0,108180.0,108186.0,300
2026-06-19 13:50:00,108185.0,108214.0,108175.0,108189.0,300
2026-06-19 13:55:00,108187.0,108214.0,108171.0,108212.0,300
2026-06-19 14:00:00,108213.0,108280.0,108210.0,108274.0,300
2026-06-19 14:05:00,108273.0,108277.0,108238.0,108238.0,300
2026-06-19 14:10:00,108237.0,108258.0,108225.0,108235.0,300
2026-06-19 14:15:00,108233.0,108243.0,108215.0,108223.0,300
2026-06-19 14:20:00,108221.0,108243.0,108220.0,108229.0,300
2026-06-19 14:25:00,108227.0,108250.0,108212.0,108246.0,300
2026-06-19 14:30:00,108245.0,108292.0,108243.0,108265.0,300
2026-06-19 14:35:00,108264.0,108272.0,108221.0,108222.0,300
2026-06-19 14:40:00,108221.0,108268.0,108218.0,108268.0,300
2026-06-19 14:45:00,108270.0,108303.0,108270.0,108275.0,300
2026-06-19 14:50:00,108274.0,108298.0,108243.0,108245.0,300
2026-06-19 14:55:00,108246.0,108290.0,108242.0,108279.0,300
2026-06-19 15:00:00,108281.0,108328.0,108280.0,108326.0,300
2026-06-19 15:05:00,108328.0,108330.0,108278.0,108293.0,300
2026-06-19 15:10:00,108294.0,108307.0,108264.0,108268.0,300
2026-06-19 15:15:00,108269.0,108270.0,108248.0,108257.0,300
2026-06-19 15:20:00,108255.0,108262.0,108240.0,108256.0,300
2026-06-19 15:25:00,108257.0,108268.0,108218.0,108232.0,300
2026-06-19 15:30:00,108230.0,108283.0,108224.0,108263.0,300
2026-06-19 15:35:00,108262.0,108279.0,108253.0,108253.0,300
2026-06-19 15:40:00,108255.0,108256.0,108229.0,108250.0,300
2026-06-19 15:45:00,108252.0,108255.0,108225.0,108248.0,300
2026-06-19 15:50:00,108249.0,108259.0,108228.0,108239.0,300
2026-06-19 15:55:00,108238.0,108252.0,108218.0,108229.0,300
2026-06-19 16:00:00,108231.0,108254.0,108227.0,108240.0,300
2026-06-19 16:05:00,108239.0,108250.0,108213.0,108227.0,300
2026-06-19 16:10:00,108225.0,108253.0,108210.0,108224.0,300
2026-06-19 16:15:00,108226.0,108234.0,108209.0,108233.0,300
2026-06-19 16:20:00,108234.0,108249.0,108213.0,108220.0,300
2026-06-19 16:25:00,108218.0,108236.0,108186.0,108194.0,300
2026-06-19 16:30:00,108192.0,108198.0,108163.0,108193.0,300
2026-06-19 16:35:00,108192.0,108203.0,108160.0,108194.0,300
2026-06-19 16:40:00,108193.0,108210.0,108192.0,108195.0,300
2026-06-19 16:45:00,108193.0,108202.0,108177.0,108184.0,300
2026-06-19 16:50:00,108185.0,108220.0,108182.0,108198.0,300
2026-06-19 16:55:00,108200.0,108241.0,108195.0,108216.0,300
2026-06-19 17:00:00,108218.0,108252.0,108218.0,108246.0,300
2026-06-19 17:05:00,108244.0,108269.0,108239.0,108261.0,300
2026-06-19 17:10:00,108263.0,108353.0,108261.0,108348.0,300
2026-06-19 17:15:00,108349.0,108365.0,108311.0,108324.0,300
2026-06-19 17:20:00,108323.0,108331.0,108283.0,108286.0,300
2026-06-19 17:25:00,108285.0,108298.0,108273.0,108281.0,300
2026-06-19 17:30:00,108283.0,108286.0,108210.0,108221.0,300
2026-06-19 17:35:00,108222.0,108235.0,108207.0,108225.0,300
2026-06-19 17:40:00,108226.0,108288.0,108226.0,108281.0,300
2026-06-19 17:45:00,108280.0,108325.0,108278.0,108297.0,300
2026-06-19 17:50:00,108298.0,108314.0,108291.0,108304.0,300
2026-06-19 17:55:00,108305.0,108320.0,108277.0,108277.0,300
2026-06-19 18:00:00,108278.0,108291.0,108229.0,108250.0,300
2026-06-19 18:05:00,108251.0,108264.0,108213.0,108215.0,300
2026-06-19 18:10:00,108217.0,108220.0,108180.0,108184.0,300
2026-06-19 18:15:00,108185.0,108190.0,108137.0,108142.0,300
2026-06-19 18:20:00,108144.0,108175.0,108137.0,108145.0,300
2026-06-19 18:25:00,108147.0,108161.0,108115.0,108136.0,300
2026-06-19 18:30:00,108138.0,108158.0,108122.0,108140.0,300
2026-06-19 18:35:00,108141.0,108146.0,108089.0,108089.0,300
2026-06-19 18:40:00,108091.0,108128.0,108090.0,108112.0,300
2026-06-19 18:45:00,108114.0,108118.0,108076.0,108099.0,300
2026-06-19 18:50:00,108098.0,108106.0,108075.0,108079.0,300
2026-06-19 18:55:00,108081.0,108096.0,108050.0,108095.0,300
2026-06-19 19:00:00,108096.0,108112.0,108065.0,108069.0,300
2026-06-19 19:05:00,108070.0,108092.0,108061.0,108075.0,300
2026-06-19 19:10:00,108074.0,108122.0,108061.0,108119.0,300
2026-06-19 19:15:00,108121.0,108134.0,108080.0,108080.0,300
2026-06-19 19:20:00,108082.0,108098.0,108072.0,108085.0,300
2026-06-19 19:25:00,108086.0,108092.0,108034.0,108034.0,300
2026-06-19 19:30:00,108035.0,108036.0,107984.0,107984.0,300
2026-06-19 19:35:00,107985.0,108015.0,107960.0,107978.0,300
2026-06-19 19:40:00,107977.0,107981.0,107936.0,107940.0,300
2026-06-19 19:45:00,107939.0,107964.0,107919.0,107920.0,300
2026-06-19 19:50:00,107919.0,107924.0,107844.0,107848.0,300
2026-06-19 19:55:00,107849.0,107853.0,107801.0,107812.0,300
2026-06-19 20:00:00,107810.0,107851.0,107808.0,107824.0,300
2026-06-19 20:05:00,107825.0,107831.0,107802.0,107813.0,300
2026-06-19 20:10:00,107815.0,107816.0,107772.0,107805.0,300
2026-06-19 20:15:00,107803.0,107804.0,107748.0,107765.0,300
2026-06-19 20:20:00,107763.0,107766.0,107719.0,107719.0,300
2026-06-19 20:25:00,107718.0,107735.0,107713.0,107729.0,300
2026-06-19 20:30:00,107730.0,107777.0,107720.0,107773.0,300
2026-06-19 20:35:00,107775.0,107805.0,107759.0,107805.0,300
2026-06-19 20:40:00,107806.0,107826.0,107767.0,107774.0,300
2026-06-19 20:45:00,107773.0,107774.0,107740.0,107761.0,300
2026-06-19 20:50:00,107760.0,107775.0,107730.0,107735.0,300
2026-06-19 20:55:00,107734.0,107738.0,107682.0,107728.0,300
2026-06-19 21:00:00,107727.0,107761.0,107722.0,107757.0,300
2026-06-19 21:05:00,107759.0,107765.0,107736.0,107736.0,300
2026-06-19 21:10:00,107738.0,107780.0,107712.0,107780.0,300
2026-06-19 21:15:00,107778.0,107782.0,107727.0,107751.0,300
2026-06-19 21:20:00,107752.0,107769.0,107730.0,107734.0,300
2026-06-19 21:25:00,107735.0,107741.0,107697.0,107715.0,300
2026-06-19 21:30:00,107714.0,107721.0,107670.0,107689.0,300
2026-06-19 21:35:00,107688.0,107728.0,107685.0,107721.0,300
2026-06-19 21:40:00,107723.0,107733.0,107684.0,107687.0,300
2026-06-19 21:45:00,107686.0,107689.0,107658.0,107684.0,300
2026-06-19 21:50:00,107685.0,107694.0,107664.0,107670.0,300
2026-06-19 21:55:00,107672.0,107723.0,107669.0,107713.0,300
2026-06-19 22:00:00,107711.0,107795.0,107710.0,107783.0,300
2026-06-19 22:05:00,107782.0,107815.0,107782.0,107814.0,300
2026-06-19 22:10:00,107813.0,107849.0,107805.0,107834.0,300
2026-06-19 22:15:00,107833.0,107833.0,107788.0,107794.0,300
2026-06-19 22:20:00,107796.0,107852.0,107793.0,107844.0,300
2026-06-19 22:25:00,107846.0,107897.0,107833.0,107890.0,300
2026-06-19 22:30:00,107892.0,107907.0,107872.0,107880.0,300
2026-06-19 22:35:00,107881.0,107896.0,107854.0,107854.0,300
2026-06-19 22:40:00,107853.0,107879.0,107833.0,107860.0,300
2026-06-19 22:45:00,107862.0,107880.0,107849.0,107860.0,300
2026-06-19 22:50:00,107858.0,107881.0,107849.0,107869.0,300
2026-06-19 22:55:00,107870.0,107901.0,107865.0,107878.0,300
2026-06-19 23:00:00,107879.0,107940.0,107876.0,107934.0,300
2026-06-19 23:05:00,107933.0,107935.0,107887.0,107902.0,300
2026-06-19 23:10:00,107901.0,107941.0,107897.0,107939.0,300
2026-06-19 23:15:00,107938.0,107954.0,107922.0,107948.0,300
2026-06-19 23:20:00,107946.0,107995.0,107946.0,107970.0,300
2026-06-19 23:25:00,107972.0,107984.0,107941.0,107955.0,300
2026-06-19 23:30:00,107953.0,107964.0,107931.0,107951.0,300
2026-06-19 23:35:00,107952.0,107960.0,107928.0,107930.0,300
2026-06-19 23:40:00,107931.0,107947.0,107864.0,107885.0,300
2026-06-19 23:45:00,107887.0,107898.0,107869.0,107885.0,300
2026-06-19 23:50:00,107886.0,107894.0,107826.0,107831.0,300
2026-06-19 23:55:00,107833.0,107853.0,107830.0,107847.0,300
2026-06-20 00:00:00,107846.0,107851.0,107808.0,107819.0,300
2026-06-20 00:05:00,107821.0,107854.0,107821.0,107849.0,300
2026-06-20 00:10:00,107848.0,107860.0,107823.0,107842.0,300
2026-06-20 00:15:00,107841.0,107857.0,107832.0,107849.0,300
2026-06-20 00:20:00,107851.0,107885.0,107847.0,107885.0,300
2026-06-20 00:25:00,107884.0,107887.0,107848.0,107854.0,300
2026-06-20 00:30:00,107855.0,107889.0,107854.0,107877.0,300
2026-06-20 00:35:00,107879.0,107908.0,107848.0,107891.0,300
2026-06-20 00:40:00,107893.0,107897.0,107823.0,107835.0,300
2026-06-20 00:45:00,107833.0,107849.0,107812.0,107836.0,300
2026-06-20 00:50:00,107837.0,107874.0,107837.0,107865.0,300
2026-06-20 00:55:00,107866.0,107866.0,107812.0,107817.0,300
2026-06-20 01:00:00,107815.0,107834.0,107808.0,107825.0,300
2026-06-20 01:05:00,107824.0,107841.0,107809.0,107828.0,300
2026-06-20 01:10:00,107830.0,107866.0,107830.0,107852.0,300
2026-06-20 01:15:00,107854.0,107858.0,107820.0,107827.0,300
2026-06-20 01:20:00,107829.0,107834.0,107774.0,107776.0,300
2026-06-20 01:25:00,107775.0,107817.0,107771.0,107798.0,300
2026-06-20 01:30:00,107800.0,107826.0,107793.0,107797.0,300
2026-06-20 01:35:00,107799.0,107800.0,107771.0,107781.0,300
2026-06-20 01:40:00,107779.0,107787.0,107745.0,107747.0,300
2026-06-20 01:45:00,107749.0,107789.0,107745.0,107784.0,300
2026-06-20 01:50:00,107783.0,107789.0,107750.0,107780.0,300
2026-06-20 01:55:00,107779.0,107802.0,107767.0,107771.0,300
2026-06-20 02:00:00,107773.0,107792.0,107739.0,107746.0,300
2026-06-20 02:05:00,107747.0,107755.0,107704.0,107714.0,300
2026-06-20 02:10:00,107715.0,107775.0,107708.0,107769.0,300
2026-06-20 02:15:00,107771.0,107811.0,107765.0,107808.0,300
2026-06-20 02:20:00,107810.0,107813.0,107789.0,107802.0,300
2026-06-20 02:25:00,107803.0,107862.0,107802.0,107843.0,300
2026-06-20 02:30:00,107841.0,107877.0,107830.0,107830.0,300
2026-06-20 02:35:00,107828.0,107875.0,107828.0,107865.0,300
2026-06-20 02:40:00,107864.0,107869.0,107826.0,107830.0,300
2026-06-20 02:45:00,107831.0,107831.0,107792.0,107797.0,300
2026-06-20 02:50:00,107799.0,107854.0,107799.0,107836.0,300
2026-06-20 02:55:00,107835.0,107852.0,107804.0,107846.0,300
2026-06-20 03:00:00,107845.0,107846.0,107806.0,107829.0,300
2026-06-20 03:05:00,107831.0,107831.0,107804.0,107829.0,300
2026-06-20 03:10:00,107830.0,107839.0,107801.0,107811.0,300
2026-06-20 03:15:00,107812.0,107827.0,107801.0,107826.0,300
2026-06-20 03:20:00,107827.0,107851.0,107821.0,107832.0,300
2026-06-20 03:25:00,107833.0,107856.0,107813.0,107813.0,300
2026-06-20 03:30:00,107811.0,107843.0,107784.0,107823.0,300
2026-06-20 03:35:00,107825.0,107868.0,107825.0,107857.0,300
2026-06-20 03:40:00,107855.0,107892.0,107845.0,107855.0,300
2026-06-20 03:45:00,107854.0,107891.0,107854.0,107869.0,300
2026-06-20 03:50:00,107871.0,107886.0,107857.0,107880.0,300
2026-06-20 03:55:00,107879.0,107891.0,107863.0,107880.0,300
2026-06-20 04:00:00,107881.0,107907.0,107868.0,107872.0,300
2026-06-20 04:05:00,107874.0,107894.0,107810.0,107817.0,300
2026-06-20 04:10:00,107815.0,107838.0,107807.0,107815.0,300
2026-06-20 04:15:00,107816.0,107833.0,107799.0,107829.0,300
2026-06-20 04:20:00,107827.0,107852.0,107820.0,107840.0,300
2026-06-20 04:25:00,107841.0,107896.0,107831.0,107892.0,300
2026-06-20 04:30:00,107893.0,107929.0,107892.0,107925.0,300
2026-06-20 04:35:00,107924.0,107941.0,107892.0,107897.0,300
2026-06-20 04:40:00,107896.0,107899.0,107814.0,107820.0,300
2026-06-20 04:45:00,107818.0,107830.0,107800.0,107809.0,300
2026-06-20 04:50:00,107807.0,107808.0,107759.0,107759.0,300
2026-06-20 04:55:00,107757.0,107808.0,107751.0,107786.0,300
2026-06-20 05:00:00,107787.0,107814.0,107777.0,107790.0,300
2026-06-20 05:05:00,107792.0,107821.0,107770.0,107815.0,300
2026-06-20 05:10:00,107814.0,107820.0,107781.0,107793.0,300
2026-06-20 05:15:00,107795.0,107804.0,107767.0,107800.0,300
2026-06-20 05:20:00,107799.0,107807.0,107761.0,107791.0,300
2026-06-20 05:25:00,107792.0,107827.0,107786.0,107818.0,300
2026-06-20 05:30:00,107816.0,107856.0,107816.0,107839.0,300
2026-06-20 05:35:00,107838.0,107863.0,107822.0,107853.0,300
2026-06-20 05:40:00,107852.0,107865.0,107841.0,107856.0,300
2026-06-20 05:45:00,107855.0,107876.0,107844.0,107852.0,300
2026-06-20 05:50:00,107853.0,107867.0,107845.0,107867.0,300
2026-06-20 05:55:00,107868.0,107874.0,107833.0,107833.0,300
2026-06-20 06:00:00,107835.0,107872.0,107835.0,107855.0,300
2026-06-20 06:05:00,107854.0,107894.0,107843.0,107846.0,300
2026-06-20 06:10:00,107845.0,107864.0,107817.0,107828.0,300
2026-06-20 06:15:00,107830.0,107832.0,107781.0,107783.0,300
2026-06-20 06:20:00,107785.0,107789.0,107712.0,107744.0,300
2026-06-20 06:25:00,107743.0,107785.0,107734.0,107768.0,300
2026-06-20 06:30:00,107770.0,107792.0,107764.0,107778.0,300
2026-06-20 06:35:00,107780.0,107784.0,107745.0,107761.0,300
2026-06-20 06:40:00,107763.0,107773.0,107743.0,107763.0,300
2026-06-20 06:45:00,107761.0,107790.0,107749.0,107761.0,300
2026-06-20 06:50:00,107762.0,107779.0,107752.0,107758.0,300
2026-06-20 06:55:00,107760.0,107766.0,107723.0,107723.0,300
2026-06-20 07:00:00,107722.0,107742.0,107699.0,107704.0,300
2026-06-20 07:05:00,107702.0,107729.0,107677.0,107715.0,300
2026-06-20 07:10:00,107714.0,107736.0,107708.0,107729.0,300
2026-06-20 07:15:00,107730.0,107739.0,107699.0,107715.0,300
2026-06-20 07:20:00,107717.0,107724.0,107688.0,107700.0,300
2026-06-20 07:25:00,107702.0,107721.0,107691.0,107698.0,300
2026-06-20 07:30:00,107696.0,107704.0,107668.0,107700.0,300
2026-06-20 07:35:00,107701.0,107756.0,107699.0,107734.0,300
2026-06-20 07:40:00,107732.0,107733.0,107690.0,107693.0,300
2026-06-20 07:45:00,107692.0,107705.0,107675.0,107685.0,300
2026-06-20 07:50:00,107683.0,107693.0,107660.0,107686.0,300
2026-06-20 07:55:00,107685.0,107712.0,107682.0,107704.0,300
2026-06-20 08:00:00,107706.0,107721.0,107683.0,107684.0,300
2026-06-20 08:05:00,107683.0,107693.0,107669.0,107677.0,300
2026-06-20 08:10:00,107676.0,107704.0,107669.0,107688.0,300
2026-06-20 08:15:00,107690.0,107702.0,107672.0,107673.0,300
2026-06-20 08:20:00,107672.0,107719.0,107666.0,107719.0,300
2026-06-20 08:25:00,107720.0,107726.0,107695.0,107695.0,300
2026-06-20 08:30:00,107697.0,107704.0,107672.0,107689.0,300
2026-06-20 08:35:00,107690.0,107690.0,107658.0,107682.0,300
2026-06-20 08:40:00,107684.0,107699.0,107658.0,107681.0,300
2026-06-20 08:45:00,107680.0,107715.0,107672.0,107715.0,300
2026-06-20 08:50:00,107713.0,107728.0,107699.0,107705.0,300
2026-06-20 08:55:00,107703.0,107733.0,107687.0,107716.0,300
2026-06-20 09:00:00,107715.0,107731.0,107699.0,107711.0,300
2026-06-20 09:05:00,107709.0,107755.0,107706.0,107750.0,300
2026-06-20 09:10:00,107752.0,107796.0,107746.0,107792.0,300
2026-06-20 09:15:00,107790.0,107811.0,107785.0,107787.0,300
2026-06-20 09:20:00,107789.0,107803.0,107753.0,107753.0,300
2026-06-20 09:25:00,107754.0,107762.0,107728.0,107760.0,300
2026-06-20 09:30:00,107761.0,107792.0,107758.0,107770.0,300
2026-06-20 09:35:00,107768.0,107780.0,107740.0,107764.0,300
2026-06-20 09:40:00,107766.0,107814.0,107763.0,107813.0,300
2026-06-20 09:45:00,107815.0,107867.0,107815.0,107863.0,300
2026-06-20 09:50:00,107862.0,107906.0,107862.0,107906.0,300
2026-06-20 09:55:00,107907.0,107950.0,107905.0,107950.0,300
2026-06-20 10:00:00,107948.0,107996.0,107948.0,107968.0,300
2026-06-20 10:05:00,107970.0,107978.0,107930.0,107945.0,300
2026-06-20 10:10:00,107944.0,107959.0,107890.0,107895.0,300
2026-06-20 10:15:00,107893.0,107932.0,107892.0,107907.0,300
2026-06-20 10:20:00,107908.0,107912.0,107858.0,107881.0,300
2026-06-20 10:25:00,107882.0,107905.0,107879.0,107894.0,300
2026-06-20 10:30:00,107893.0,107933.0,107892.0,107928.0,300
2026-06-20 10:35:00,107930.0,107948.0,107922.0,107946.0,300
2026-06-20 10:40:00,107944.0,107967.0,107932.0,107932.0,300
2026-06-20 10:45:00,107933.0,107940.0,107891.0,107896.0,300
2026-06-20 10:50:00,107897.0,107904.0,107866.0,107877.0,300
2026-06-20 10:55:00,107878.0,107889.0,107866.0,107883.0,300
2026-06-20 11:00:00,107885.0,107919.0,107858.0,107913.0,300
2026-06-20 11:05:00,107914.0,107916.0,107858.0,107863.0,300
2026-06-20 11:10:00,107861.0,107911.0,107856.0,107909.0,300
2026-06-20 11:15:00,107911.0,107957.0,107891.0,107934.0,300
2026-06-20 11:20:00,107936.0,107936.0,107899.0,107936.0,212
2026-06-20 11:25:00,107936.0,107953.0,107915.0,107921.0,210
2026-06-20 11:30:00,107920.0,107929.0,107887.0,107929.0,300
2026-06-20 11:35:00,107927.0,107929.0,107891.0,107911.0,300
2026-06-20 11:40:00,107909.0,107988.0,107908.0,107988.0,300
2026-06-20 11:45:00,107986.0,108006.0,107971.0,107983.0,300
2026-06-20 11:50:00,107982.0,108022.0,107976.0,108013.0,300
2026-06-20 11:55:00,108015.0,108020.0,107988.0,108012.0,300
2026-06-20 12:00:00,108013.0,108046.0,108010.0,108027.0,300
2026-06-20 12:05:00,108029.0,108033.0,108009.0,108012.0,300
2026-06-20 12:10:00,108011.0,108031.0,108005.0,108029.0,300
2026-06-20 12:15:00,108031.0,108031.0,107978.0,107986.0,300
2026-06-20 12:20:00,107987.0,107995.0,107963.0,107969.0,300
2026-06-20 12:25:00,107971.0,107973.0,107875.0,107879.0,300
2026-06-20 12:30:00,107880.0,107897.0,107857.0,107859.0,300
2026-06-20 12:35:00,107858.0,107863.0,107820.0,107834.0,300
2026-06-20 12:40:00,107833.0,107868.0,107822.0,107843.0,300
2026-06-20 12:45:00,107842.0,107854.0,107827.0,107851.0,300
2026-06-20 12:50:00,107853.0,107893.0,107850.0,107893.0,300
2026-06-20 12:55:00,107891.0,107894.0,107832.0,107832.0,300
2026-06-20 13:00:00,107831.0,107831.0,107786.0,107793.0,300
2026-06-20 13:05:00,107794.0,107807.0,107780.0,107794.0,300
2026-06-20 13:10:00,107795.0,107828.0,107770.0,107771.0,300
2026-06-20 13:15:00,107772.0,107781.0,107741.0,107758.0,300
2026-06-20 13:20:00,107759.0,107776.0,107744.0,107749.0,300
2026-06-20 13:25:00,107751.0,107756.0,107711.0,107746.0,300
2026-06-20 13:30:00,107745.0,107761.0,107724.0,107755.0,300
2026-06-20 13:35:00,107753.0,107754.0,107722.0,107746.0,300
2026-06-20 13:40:00,107745.0,107755.0,107716.0,107754.0,300
2026-06-20 13:45:00,107755.0,107770.0,107740.0,107768.0,300
2026-06-20 13:50:00,107767.0,107781.0,107741.0,107741.0,300
2026-06-20 13:55:00,107742.0,107763.0,107730.0,107744.0,300
2026-06-20 14:00:00,107743.0,107746.0,107719.0,107731.0,300
2026-06-20 14:05:00,107730.0,107752.0,107711.0,107743.0,300
2026-06-20 14:10:00,107744.0,107779.0,107738.0,107766.0,300
2026-06-20 14:15:00,107767.0,107775.0,107726.0,107730.0,300
2026-06-20 14:20:00,107732.0,107739.0,107685.0,107693.0,300
2026-06-20 14:25:00,107691.0,107705.0,107644.0,107644.0,300
2026-06-20 14:30:00,107646.0,107686.0,107644.0,107683.0,300
2026-06-20 14:35:00,107684.0,107728.0,107681.0,107725.0,300
2026-06-20 14:40:00,107724.0,107788.0,107722.0,107775.0,300
2026-06-20 14:45:00,107776.0,107792.0,107761.0,107780.0,300
2026-06-20 14:50:00,107782.0,107794.0,107757.0,107794.0,300
2026-06-20 14:55:00,107796.0,107823.0,107772.0,107775.0,300
2026-06-20 15:00:00,107773.0,107810.0,107748.0,107805.0,300
2026-06-20 15:05:00,107803.0,107803.0,107753.0,107764.0,300
2026-06-20 15:10:00,107762.0,107775.0,107725.0,107772.0,300
2026-06-20 15:15:00,107771.0,107806.0,107769.0,107787.0,300
2026-06-20 15:20:00,107788.0,107801.0,107773.0,107788.0,300
2026-06-20 15:25:00,107787.0,107822.0,107781.0,107814.0,300
2026-06-20 15:30:00,107812.0,107812.0,107754.0,107757.0,300
2026-06-20 15:35:00,107756.0,107792.0,107756.0,107781.0,300
2026-06-20 15:40:00,107779.0,107786.0,107754.0,107756.0,300
2026-06-20 15:45:00,107754.0,107754.0,107711.0,107722.0,300
2026-06-20 15:50:00,107724.0,107724.0,107675.0,107687.0,300
2026-06-20 15:55:00,107688.0,107729.0,107679.0,107682.0,300
2026-06-20 16:00:00,107683.0,107691.0,107660.0,107681.0,300
2026-06-20 16:05:00,107683.0,107705.0,107661.0,107696.0,300
2026-06-20 16:10:00,107694.0,107719.0,107691.0,107706.0,300
2026-06-20 16:15:00,107708.0,107709.0,107646.0,107658.0,300
2026-06-20 16:20:00,107659.0,107703.0,107659.0,107697.0,300
2026-06-20 16:25:00,107699.0,107706.0,107685.0,107696.0,300
2026-06-20 16:30:00,107694.0,107696.0,107653.0,107658.0,300
2026-06-20 16:35:00,107659.0,107659.0,107582.0,107582.0,300
2026-06-20 16:40:00,107584.0,107629.0,107584.0,107617.0,300
2026-06-20 16:45:00,107618.0,107632.0,107604.0,107617.0,300
2026-06-20 16:50:00,107615.0,107641.0,107613.0,107624.0,300
2026-06-20 16:55:00,107622.0,107624.0,107598.0,107600.0,300
2026-06-20 17:00:00,107599.0,107625.0,107588.0,107617.0,300
2026-06-20 17:05:00,107618.0,107636.0,107609.0,107618.0,300
2026-06-20 17:10:00,107616.0,107634.0,107603.0,107625.0,300
2026-06-20 17:15:00,107626.0,107635.0,107604.0,107612.0,300
2026-06-20 17:20:00,107611.0,107650.0,107607.0,107650.0,300
2026-06-20 17:25:00,107648.0,107652.0,107624.0,107627.0,300
2026-06-20 17:30:00,107629.0,107668.0,107625.0,107635.0,300
2026-06-20 17:35:00,107636.0,107667.0,107636.0,107639.0,300
2026-06-20 17:40:00,107637.0,107639.0,107595.0,107599.0,300
2026-06-20 17:45:00,107601.0,107602.0,107576.0,107597.0,300
2026-06-20 17:50:00,107595.0,107614.0,107573.0,107612.0,300
2026-06-20 17:55:00,107611.0,107635.0,107595.0,107629.0,300
2026-06-20 18:00:00,107631.0,107632.0,107569.0,107594.0,300
2026-06-20 18:05:00,107596.0,107620.0,107588.0,107611.0,300
2026-06-20 18:10:00,107612.0,107612.0,107565.0,107565.0,300
2026-06-20 18:15:00,107564.0,107589.0,107550.0,107583.0,300
2026-06-20 18:20:00,107584.0,107593.0,107563.0,107588.0,300
2026-06-20 18:25:00,107587.0,107591.0,107551.0,107571.0,300
2026-06-20 18:30:00,107573.0,107578.0,107540.0,107556.0,300
2026-06-20 18:35:00,107557.0,107579.0,107544.0,107574.0,300
2026-06-20 18:40:00,107575.0,107580.0,107525.0,107525.0,300
2026-06-20 18:45:00,107526.0,107583.0,107516.0,107581.0,300
2026-06-20 18:50:00,107580.0,107599.0,107558.0,107577.0,300
2026-06-20 18:55:00,107575.0,107592.0,107557.0,107571.0,300
2026-06-20 19:00:00,107570.0,107632.0,107559.0,107608.0,300
2026-06-20 19:05:00,107609.0,107611.0,107551.0,107557.0,300
2026-06-20 19:10:00,107559.0,107580.0,107555.0,107572.0,300
2026-06-20 19:15:00,107573.0,107617.0,107573.0,107602.0,300
2026-06-20 19:20:00,107603.0,107603.0,107530.0,107536.0,300
2026-06-20 19:25:00,107535.0,107537.0,107512.0,107525.0,300
2026-06-20 19:30:00,107523.0,107537.0,107503.0,107513.0,300
2026-06-20 19:35:00,107512.0,107512.0,107409.0,107413.0,300
2026-06-20 19:40:00,107414.0,107429.0,107389.0,107393.0,300
2026-06-20 19:45:00,107392.0,107392.0,107342.0,107347.0,300
2026-06-20 19:50:00,107348.0,107358.0,107305.0,107306.0,300
2026-06-20 19:55:00,107305.0,107331.0,107286.0,107289.0,300
2026-06-20 20:00:00,107291.0,107315.0,107277.0,107285.0,300
2026-06-20 20:05:00,107286.0,107309.0,107267.0,107309.0,300
2026-06-20 20:10:00,107307.0,107331.0,107297.0,107308.0,300
2026-06-20 20:15:00,107306.0,107352.0,107302.0,107352.0,300
2026-06-20 20:20:00,107351.0,107357.0,107301.0,107316.0,300
2026-06-20 20:25:00,107314.0,107331.0,107305.0,107320.0,300
2026-06-20 20:30:00,107318.0,107322.0,107273.0,107296.0,300
2026-06-20 20:35:00,107297.0,107298.0,107259.0,107287.0,300
2026-06-20 20:40:00,107285.0,107338.0,107284.0,107331.0,300
2026-06-20 20:45:00,107330.0,107346.0,107312.0,107326.0,300
2026-06-20 20:50:00,107327.0,107335.0,107308.0,107312.0,300
2026-06-20 20:55:00,107310.0,107369.0,107310.0,107369.0,300
2026-06-20 21:00:00,107370.0,107397.0,107367.0,107389.0,300
2026-06-20 21:05:00,107388.0,107415.0,107381.0,107406.0,300
2026-06-20 21:10:00,107407.0,107445.0,107398.0,107420.0,300
2026-06-20 21:15:00,107418.0,107431.0,107399.0,107399.0,300
2026-06-20 21:20:00,107397.0,107425.0,107388.0,107403.0,300
2026-06-20 21:25:00,107404.0,107425.0,107397.0,107417.0,300
2026-06-20 21:30:00,107419.0,107432.0,107399.0,107405.0,300
2026-06-20 21:35:00,107404.0,107407.0,107375.0,107395.0,300
2026-06-20 21:40:00,107397.0,107415.0,107382.0,107403.0,300
2026-06-20 21:45:00,107401.0,107434.0,107392.0,107412.0,300
2026-06-20 21:50:00,107410.0,107476.0,107402.0,107457.0,300
2026-06-20 21:55:00,107459.0,107504.0,107443.0,107485.0,300
2026-06-20 22:00:00,107484.0,107517.0,107469.0,107488.0,300
2026-06-20 22:05:00,107489.0,107501.0,107472.0,107499.0,300
2026-06-20 22:10:00,107497.0,107556.0,107491.0,107531.0,300
2026-06-20 22:15:00,107529.0,107531.0,107501.0,107505.0,300
2026-06-20 22:20:00,107504.0,107556.0,107503.0,107551.0,300
2026-06-20 22:25:00,107553.0,107585.0,107526.0,107548.0,300
2026-06-20 22:30:00,107549.0,107575.0,107545.0,107571.0,300
2026-06-20 22:35:00,107570.0,107576.0,107506.0,107507.0,300
2026-06-20 22:40:00,107505.0,107521.0,107486.0,107486.0,300
2026-06-20 22:45:00,107484.0,107493.0,107449.0,107473.0,300
2026-06-20 22:50:00,107471.0,107514.0,107460.0,107494.0,300
2026-06-20 22:55:00,107496.0,107532.0,107495.0,107524.0,300
2026-06-20 23:00:00,107523.0,107527.0,107465.0,107467.0,300
2026-06-20 23:05:00,107466.0,107518.0,107463.0,107515.0,300
2026-06-20 23:10:00,107514.0,107557.0,107507.0,107535.0,300
2026-06-20 23:15:00,107537.0,107565.0,107527.0,107556.0,300
2026-06-20 23:20:00,107557.0,107594.0,107545.0,107576.0,300
2026-06-20 23:25:00,107574.0,107580.0,107550.0,107572.0,300
2026-06-20 23:30:00,107570.0,107591.0,107562.0,107590.0,300
2026-06-20 23:35:00,107591.0,107625.0,107567.0,107621.0,300
2026-06-20 23:40:00,107620.0,107625.0,107567.0,107575.0,300
2026-06-20 23:45:00,107576.0,107629.0,107574.0,107626.0,300
2026-06-20 23:50:00,107627.0,107675.0,107615.0,107672.0,300
2026-06-20 23:55:00,107670.0,107704.0,107670.0,107697.0,300
2026-06-21 00:00:00,107698.0,107713.0,107676.0,107697.0,300
2026-06-21 00:05:00,107696.0,107725.0,107686.0,107694.0,300
2026-06-21 00:10:00,107693.0,107694.0,107653.0,107667.0,300
2026-06-21 00:15:00,107666.0,107693.0,107658.0,107680.0,300
2026-06-21 00:20:00,107681.0,107696.0,107657.0,107696.0,300
2026-06-21 00:25:00,107694.0,107741.0,107684.0,107733.0,300
2026-06-21 00:30:00,107731.0,107756.0,107723.0,107756.0,300
2026-06-21 00:35:00,107755.0,107800.0,107749.0,107800.0,300
2026-06-21 00:40:00,107802.0,107844.0,107800.0,107844.0,300
2026-06-21 00:45:00,107846.0,107876.0,107844.0,107868.0,300
2026-06-21 00:50:00,107870.0,107910.0,107852.0,107906.0,300
2026-06-21 00:55:00,107907.0,107939.0,107901.0,107912.0,300
2026-06-21 01:00:00,107911.0,107928.0,107896.0,107900.0,300
2026-06-21 01:05:00,107901.0,107922.0,107896.0,107914.0,300
2026-06-21 01:10:00,107912.0,107926.0,107882.0,107926.0,300
2026-06-21 01:15:00,107924.0,107933.0,107897.0,107903.0,300
2026-06-21 01:20:00,107901.0,107908.0,107865.0,107874.0,300
2026-06-21 01:25:00,107873.0,107880.0,107836.0,107855.0,300
2026-06-21 01:30:00,107857.0,107904.0,107848.0,107896.0,300
2026-06-21 01:35:00,107894.0,107907.0,107877.0,107894.0,300
2026-06-21 01:40:00,107893.0,107897.0,107820.0,107830.0,300
2026-06-21 01:45:00,107828.0,107838.0,107794.0,107795.0,300
2026-06-21 01:50:00,107793.0,107803.0,107762.0,107763.0,300
2026-06-21 01:55:00,107762.0,107827.0,107761.0,107821.0,300
2026-06-21 02:00:00,107822.0,107851.0,107814.0,107844.0,300
2026-06-21 02:05:00,107845.0,107867.0,107832.0,107859.0,300
2026-06-21 02:10:00,107857.0,107879.0,107849.0,107878.0,300
2026-06-21 02:15:00,107876.0,107884.0,107853.0,107859.0,300
2026-06-21 02:20:00,107858.0,107908.0,107853.0,107908.0,300
2026-06-21 02:25:00,107909.0,107914.0,107874.0,107887.0,300
2026-06-21 02:30:00,107889.0,107900.0,107877.0,107890.0,300
2026-06-21 02:35:00,107892.0,107906.0,107858.0,107870.0,300
2026-06-21 02:40:00,107872.0,107906.0,107861.0,107903.0,300
2026-06-21 02:45:00,107904.0,107916.0,107890.0,107890.0,300
2026-06-21 02:50:00,107888.0,107912.0,107873.0,107908.0,300
2026-06-21 02:55:00,107907.0,107940.0,107900.0,107930.0,300
2026-06-21 03:00:00,107928.0,107955.0,107920.0,107955.0,300
2026-06-21 03:05:00,107957.0,107957.0,107905.0,107914.0,300
2026-06-21 03:10:00,107915.0,107943.0,107910.0,107940.0,300
2026-06-21 03:15:00,107942.0,107950.0,107906.0,107908.0,300
2026-06-21 03:20:00,107909.0,107927.0,107884.0,107897.0,300
2026-06-21 03:25:00,107899.0,107927.0,107899.0,107918.0,300
2026-06-21 03:30:00,107916.0,107950.0,107907.0,107927.0,300
2026-06-21 03:35:00,107929.0,107973.0,107922.0,107955.0,300
2026-06-21 03:40:00,107957.0,107965.0,107938.0,107941.0,300
2026-06-21 03:45:00,107943.0,107983.0,107932.0,107978.0,300
2026-06-21 03:50:00,107979.0,107986.0,107958.0,107976.0,300
2026-06-21 03:55:00,107974.0,108010.0,107971.0,108009.0,300
2026-06-21 04:00:00,108010.0,108033.0,107989.0,108027.0,300
2026-06-21 04:05:00,108029.0,108041.0,108003.0,108007.0,300
2026-06-21 04:10:00,108008.0,108009.0,107981.0,108005.0,300
2026-06-21 04:15:00,108003.0,108017.0,107982.0,107999.0,300
2026-06-21 04:20:00,107998.0,108034.0,107987.0,107996.0,300
2026-06-21 04:25:00,107995.0,108024.0,107975.0,108008.0,300
2026-06-21 04:30:00,108007.0,108025.0,107987.0,107989.0,300
2026-06-21 04:35:00,107990.0,108011.0,107969.0,108000.0,300
2026-06-21 04:40:00,107998.0,108027.0,107988.0,107995.0,300
2026-06-21 04:45:00,107996.0,108001.0,107966.0,107993.0,300
2026-06-21 04:50:00,107994.0,108028.0,107977.0,108019.0,300
2026-06-21 04:55:00,108017.0,108051.0,108013.0,108029.0,300
2026-06-21 05:00:00,108028.0,108032.0,107983.0,108015.0,300
2026-06-21 05:05:00,108013.0,108015.0,107992.0,108013.0,300
2026-06-21 05:10:00,108015.0,108036.0,108002.0,108015.0,300
2026-06-21 05:15:00,108017.0,108030.0,107985.0,107986.0,300
2026-06-21 05:20:00,107988.0,108009.0,107959.0,107962.0,300
2026-06-21 05:25:00,107961.0,107972.0,107927.0,107944.0,300
2026-06-21 05:30:00,107946.0,107952.0,107925.0,107947.0,300
2026-06-21 05:35:00,107946.0,107962.0,107929.0,107958.0,300
2026-06-21 05:40:00,107959.0,107970.0,107937.0,107960.0,300
2026-06-21 05:45:00,107958.0,107975.0,107939.0,107947.0,300
2026-06-21 05:50:00,107946.0,107968.0,107929.0,107956.0,300
2026-06-21 05:55:00,107954.0,107982.0,107942.0,107952.0,300
2026-06-21 06:00:00,107951.0,107966.0,107905.0,107912.0,300
2026-06-21 06:05:00,107914.0,107927.0,107904.0,107909.0,300
2026-06-21 06:10:00,107907.0,107913.0,107869.0,107893.0,300
2026-06-21 06:15:00,107895.0,107930.0,107877.0,107920.0,300
2026-06-21 06:20:00,107921.0,107966.0,107921.0,107949.0,300
2026-06-21 06:25:00,107947.0,108004.0,107940.0,108002.0,300
2026-06-21 06:30:00,108003.0,108026.0,107991.0,108014.0,300
2026-06-21 06:35:00,108012.0,108047.0,107997.0,108045.0,300
2026-06-21 06:40:00,108043.0,108049.0,108021.0,108047.0,300
2026-06-21 06:45:00,108046.0,108071.0,108018.0,108030.0,300
2026-06-21 07:00:00,108031.0,108090.0,108031.0,108071.0,300
2026-06-21 07:05:00,108069.0,108089.0,108060.0,108071.0,300
2026-06-21 07:10:00,108070.0,108092.0,108059.0,108069.0,300
2026-06-21 07:15:00,108070.0,108120.0,108069.0,108101.0,300
2026-06-21 07:20:00,108099.0,108154.0,108091.0,108153.0,300
2026-06-21 07:25:00,108154.0,108175.0,108113.0,108114.0,300
2026-06-21 07:30:00,108112.0,108139.0,108096.0,108130.0,300
2026-06-21 07:35:00,108129.0,108135.0,108081.0,108095.0,300
2026-06-21 07:40:00,108096.0,108125.0,108087.0,108118.0,300
2026-06-21 07:45:00,108119.0,108119.0,108057.0,108059.0,300
2026-06-21 07:50:00,108061.0,108078.0,108055.0,108061.0,300
2026-06-21 07:55:00,108059.0,108089.0,108046.0,108076.0,300
2026-06-21 08:00:00,108075.0,108077.0,108032.0,108036.0,237
2026-06-21 08:05:00,108037.0,108042.0,108016.0,108034.0,300
2026-06-21 08:10:00,108036.0,108054.0,108026.0,108054.0,300
2026-06-21 08:15:00,108055.0,108067.0,107996.0,108039.0,300
2026-06-21 08:20:00,108038.0,108058.0,108029.0,108029.0,300
2026-06-21 08:25:00,108027.0,108028.0,107996.0,108007.0,300
2026-06-21 08:30:00,108005.0,108044.0,107994.0,108040.0,300
2026-06-21 08:35:00,108038.0,108049.0,108006.0,108013.0,300
2026-06-21 08:40:00,108012.0,108035.0,108006.0,108032.0,300
2026-06-21 08:45:00,108030.0,108036.0,107977.0,107978.0,300
2026-06-21 08:50:00,107979.0,108009.0,107979.0,108004.0,300
2026-06-21 08:55:00,108002.0,108046.0,107999.0,108036.0,300
2026-06-21 09:00:00,108038.0,108056.0,108014.0,108022.0,300
2026-06-21 09:05:00,108020.0,108050.0,108007.0,108012.0,300
2026-06-21 09:10:00,108014.0,108037.0,108005.0,108031.0,300
2026-06-21 09:15:00,108032.0,108040.0,108000.0,108011.0,300
2026-06-21 09:20:00,108013.0,108039.0,108013.0,108038.0,300
2026-06-21 09:25:00,108040.0,108052.0,108014.0,108020.0,300
2026-06-21 09:30:00,108018.0,108029.0,107991.0,107991.0,300
2026-06-21 09:35:00,107993.0,107994.0,107975.0,107985.0,300
2026-06-21 09:40:00,107984.0,107993.0,107955.0,107965.0,300
2026-06-21 09:45:00,107967.0,107970.0,107937.0,107938.0,300
2026-06-21 09:50:00,107936.0,107945.0,107921.0,107921.0,300
2026-06-21 09:55:00,107920.0,107948.0,107906.0,107906.0,300
2026-06-21 10:00:00,107907.0,107928.0,107898.0,107905.0,300
2026-06-21 10:05:00,107904.0,107911.0,107874.0,107877.0,300
2026-06-21 10:10:00,107878.0,107899.0,107868.0,107887.0,300
2026-06-21 10:15:00,107889.0,107891.0,107819.0,107825.0,300
2026-06-21 10:20:00,107827.0,107873.0,107825.0,107867.0,300
2026-06-21 10:25:00,107869.0,107869.0,107830.0,107839.0,300
2026-06-21 10:30:00,107838.0,107855.0,107830.0,107843.0,300
2026-06-21 10:35:00,107844.0,107862.0,107825.0,107862.0,300
2026-06-21 10:40:00,107863.0,107882.0,107849.0,107862.0,300
2026-06-21 10:45:00,107861.0,107900.0,107858.0,107896.0,300
2026-06-21 10:50:00,107898.0,107914.0,107881.0,107885.0,300
2026-06-21 10:55:00,107887.0,107904.0,107875.0,107896.0,300
2026-06-21 11:00:00,107897.0,107940.0,107885.0,107932.0,300
2026-06-21 11:05:00,107930.0,107961.0,107915.0,107921.0,294
2026-06-21 11:10:00,107923.0,107932.0,107901.0,107914.0,300
2026-06-21 11:15:00,107916.0,107919.0,107881.0,107896.0,300
2026-06-21 11:20:00,107898.0,107966.0,107893.0,107961.0,300
2026-06-21 11:25:00,107963.0,107985.0,107958.0,107981.0,300
2026-06-21 11:30:00,107982.0,108017.0,107979.0,108005.0,300
2026-06-21 11:35:00,108003.0,108015.0,107984.0,107986.0,300
2026-06-21 11:40:00,107987.0,107996.0,107971.0,107982.0,300
2026-06-21 11:45:00,107984.0,108042.0,107977.0,108038.0,300
2026-06-21 11:50:00,108040.0,108069.0,108035.0,108038.0,300
2026-06-21 11:55:00,108039.0,108060.0,108002.0,108002.0,300
2026-06-21 12:00:00,108000.0,108020.0,107970.0,108018.0,300
2026-06-21 12:05:00,108017.0,108054.0,108008.0,108042.0,300
2026-06-21 12:10:00,108041.0,108043.0,108014.0,108033.0,300
2026-06-21 12:15:00,108031.0,108045.0,107977.0,107984.0,300
2026-06-21 12:20:00,107985.0,108015.0,107963.0,108011.0,300
2026-06-21 12:25:00,108012.0,108012.0,107965.0,107966.0,300
2026-06-21 12:30:00,107964.0,107971.0,107930.0,107935.0,300
2026-06-21 12:35:00,107937.0,107975.0,107934.0,107973.0,300
2026-06-21 12:40:00,107972.0,107989.0,107957.0,107982.0,300
2026-06-21 12:45:00,107983.0,108024.0,107978.0,108012.0,300
2026-06-21 12:50:00,108010.0,108011.0,107979.0,107992.0,300
2026-06-21 12:55:00,107991.0,108020.0,107985.0,108001.0,300
2026-06-21 13:00:00,108002.0,108015.0,107973.0,107989.0,300
2026-06-21 13:05:00,107987.0,107999.0,107979.0,107995.0,300
2026-06-21 13:10:00,107993.0,108019.0,107959.0,107989.0,300
2026-06-21 13:15:00,107988.0,108031.0,107978.0,108009.0,300
2026-06-21 13:20:00,108007.0,108008.0,107966.0,107997.0,300
2026-06-21 13:25:00,107999.0,108002.0,107978.0,107986.0,300
2026-06-21 13:30:00,107988.0,108003.0,107972.0,107980.0,300
2026-06-21 13:35:00,107978.0,107983.0,107924.0,107924.0,300
2026-06-21 13:40:00,107923.0,107934.0,107908.0,107928.0,300
2026-06-21 13:45:00,107930.0,107955.0,107906.0,107944.0,300
2026-06-21 13:50:00,107943.0,107965.0,107935.0,107959.0,300
2026-06-21 13:55:00,107958.0,108000.0,107955.0,107990.0,300
2026-06-21 14:00:00,107989.0,107994.0,107950.0,107952.0,300
2026-06-21 14:05:00,107951.0,107981.0,107951.0,107959.0,300
2026-06-21 14:10:00,107961.0,107965.0,107920.0,107922.0,300
2026-06-21 14:15:00,107923.0,107956.0,107903.0,107954.0,300
2026-06-21 14:20:00,107955.0,107963.0,107934.0,107944.0,300
2026-06-21 14:25:00,107945.0,107951.0,107907.0,107911.0,300
2026-06-21 14:30:00,107912.0,107939.0,107912.0,107927.0,300
2026-06-21 14:35:00,107929.0,107960.0,107926.0,107959.0,300
2026-06-21 14:40:00,107960.0,108018.0,107959.0,108012.0,300
2026-06-21 14:45:00,108013.0,108032.0,107985.0,107992.0,300
2026-06-21 14:50:00,107991.0,107991.0,107935.0,107958.0,300
2026-06-21 14:55:00,107956.0,107971.0,107937.0,107946.0,300
2026-06-21 15:00:00,107947.0,107956.0,107914.0,107944.0,300
2026-06-21 15:05:00,107946.0,107970.0,107931.0,107964.0,300
2026-06-21 15:10:00,107962.0,107986.0,107945.0,107985.0,300
2026-06-21 15:15:00,107984.0,107995.0,107963.0,107989.0,300
2026-06-21 15:20:00,107988.0,107999.0,107954.0,107998.0,300
2026-06-21 15:25:00,107996.0,108017.0,107955.0,108016.0,300
2026-06-21 15:30:00,108017.0,108054.0,108017.0,108046.0,300
2026-06-21 15:35:00,108047.0,108084.0,108043.0,108078.0,300
2026-06-21 15:40:00,108079.0,108083.0,108063.0,108069.0,300
2026-06-21 15:45:00,108068.0,108096.0,108067.0,108081.0,300
2026-06-21 15:50:00,108083.0,108093.0,108064.0,108090.0,300
2026-06-21 15:55:00,108092.0,108117.0,108088.0,108114.0,300
2026-06-21 16:00:00,108112.0,108144.0,108103.0,108137.0,300
2026-06-21 16:05:00,108135.0,108150.0,108127.0,108133.0,300
2026-06-21 16:10:00,108135.0,108151.0,108118.0,108121.0,300
2026-06-21 16:15:00,108123.0,108123.0,108067.0,108072.0,300
2026-06-21 16:20:00,108073.0,108091.0,108057.0,108067.0,300
2026-06-21 16:25:00,108065.0,108070.0,108045.0,108051.0,300
2026-06-21 16:30:00,108049.0,108063.0,108032.0,108054.0,300
2026-06-21 16:35:00,108055.0,108071.0,108021.0,108024.0,300
2026-06-21 16:40:00,108025.0,108032.0,108010.0,108029.0,300
2026-06-21 16:45:00,108027.0,108034.0,108007.0,108016.0,300
2026-06-21 16:50:00,108018.0,108053.0,108013.0,108021.0,300
2026-06-21 16:55:00,108019.0,108027.0,107953.0,107955.0,300
2026-06-21 17:00:00,107953.0,107988.0,107938.0,107979.0,300
2026-06-21 17:05:00,107977.0,108013.0,107971.0,108013.0,300
2026-06-21 17:10:00,108012.0,108050.0,108006.0,108023.0,300
2026-06-21 17:15:00,108022.0,108025.0,107995.0,108003.0,300
2026-06-21 17:20:00,108001.0,108009.0,107976.0,107989.0,300
2026-06-21 17:25:00,107988.0,108025.0,107984.0,108024.0,300
2026-06-21 17:30:00,108026.0,108057.0,108018.0,108044.0,300
2026-06-21 17:35:00,108043.0,108044.0,108015.0,108022.0,300
2026-06-21 17:40:00,108024.0,108030.0,107979.0,107987.0,300
2026-06-21 17:45:00,107988.0,108003.0,107973.0,107990.0,300
2026-06-21 17:50:00,107988.0,108018.0,107986.0,107991.0,300
2026-06-21 17:55:00,107989.0,108012.0,107974.0,108003.0,300
2026-06-21 18:00:00,108001.0,108002.0,107920.0,107920.0,300
2026-06-21 18:05:00,107921.0,107931.0,107885.0,107890.0,300
2026-06-21 18:10:00,107889.0,107912.0,107870.0,107882.0,300
2026-06-21 18:15:00,107883.0,107908.0,107879.0,107883.0,300
2026-06-21 18:20:00,107882.0,107908.0,107876.0,107902.0,300
2026-06-21 18:25:00,107904.0,107908.0,107853.0,107882.0,300
2026-06-21 18:30:00,107883.0,107939.0,107880.0,107935.0,300
2026-06-21 18:35:00,107937.0,107939.0,107884.0,107884.0,300
2026-06-21 18:40:00,107886.0,107888.0,107853.0,107854.0,300
2026-06-21 18:45:00,107856.0,107940.0,107856.0,107938.0,300
2026-06-21 18:50:00,107939.0,108006.0,107934.0,107996.0,300
2026-06-21 18:55:00,107997.0,108009.0,107986.0,108007.0,300
2026-06-21 19:00:00,108005.0,108019.0,107958.0,107960.0,300
2026-06-21 19:05:00,107958.0,107973.0,107941.0,107963.0,300
2026-06-21 19:10:00,107961.0,107978.0,107950.0,107963.0,300
2026-06-21 19:15:00,107962.0,107999.0,107947.0,107999.0,300
2026-06-21 19:20:00,107998.0,108018.0,107974.0,108015.0,300
2026-06-21 19:25:00,108014.0,108030.0,107995.0,108005.0,300
2026-06-21 19:30:00,108003.0,108025.0,107988.0,108015.0,300
2026-06-21 19:35:00,108013.0,108014.0,107980.0,107991.0,300
2026-06-21 19:40:00,107990.0,107996.0,107950.0,107950.0,300
2026-06-21 19:45:00,107951.0,107968.0,107928.0,107950.0,300
2026-06-21 19:50:00,107948.0,107993.0,107948.0,107960.0,300
2026-06-21 19:55:00,107959.0,107969.0,107931.0,107967.0,300
2026-06-21 20:00:00,107969.0,107997.0,107957.0,107989.0,300
2026-06-21 20:05:00,107990.0,108026.0,107984.0,107993.0,300
2026-06-21 20:10:00,107995.0,108022.0,107973.0,107973.0,300
2026-06-21 20:15:00,107974.0,108007.0,107973.0,107990.0,300
2026-06-21 20:20:00,107992.0,108053.0,107983.0,108030.0,300
2026-06-21 20:25:00,108028.0,108037.0,108006.0,108026.0,300
2026-06-21 20:30:00,108028.0,108057.0,108018.0,108030.0,300
2026-06-21 20:35:00,108029.0,108052.0,107989.0,107991.0,300
2026-06-21 20:40:00,107992.0,107996.0,107955.0,107981.0,300
2026-06-21 20:45:00,107979.0,108010.0,107968.0,108002.0,300
2026-06-21 20:50:00,108000.0,108037.0,107985.0,108028.0,300
2026-06-21 20:55:00,108029.0,108032.0,108000.0,108016.0,300
2026-06-21 21:00:00,108018.0,108049.0,108010.0,108016.0,300
2026-06-21 21:05:00,108015.0,108018.0,107988.0,107988.0,300
2026-06-21 21:10:00,107989.0,108030.0,107987.0,108020.0,300
2026-06-21 21:15:00,108018.0,108018.0,107940.0,107944.0,300
2026-06-21 21:20:00,107943.0,107961.0,107934.0,107935.0,300
2026-06-21 21:25:00,107936.0,107953.0,107930.0,107930.0,300
2026-06-21 21:30:00,107932.0,107959.0,107916.0,107916.0,300
2026-06-21 21:35:00,107918.0,107999.0,107917.0,107996.0,300
2026-06-21 21:40:00,107998.0,108004.0,107966.0,107978.0,300
2026-06-21 21:45:00,107980.0,108046.0,107971.0,108046.0,300
2026-06-21 21:50:00,108045.0,108072.0,108023.0,108053.0,300
2026-06-21 21:55:00,108054.0,108057.0,108010.0,108011.0,300
2026-06-21 22:00:00,108012.0,108058.0,108010.0,108046.0,300
2026-06-21 22:05:00,108047.0,108080.0,108047.0,108053.0,300
2026-06-21 22:10:00,108055.0,108064.0,108025.0,108029.0,300
2026-06-21 22:15:00,108030.0,108038.0,108014.0,108019.0,300
2026-06-21 22:20:00,108018.0,108024.0,107985.0,107988.0,300
2026-06-21 22:25:00,107989.0,107997.0,107940.0,107949.0,300
2026-06-21 22:30:00,107950.0,107953.0,107906.0,107925.0,300
2026-06-21 22:35:00,107926.0,107943.0,107917.0,107937.0,300
2026-06-21 22:40:00,107939.0,107939.0,107884.0,107911.0,300
2026-06-21 22:45:00,107910.0,107919.0,107839.0,107864.0,300
2026-06-21 22:50:00,107865.0,107873.0,107846.0,107859.0,300
2026-06-21 22:55:00,107858.0,107890.0,107853.0,107885.0,300
2026-06-21 23:00:00,107886.0,107922.0,107886.0,107915.0,300
2026-06-21 23:05:00,107913.0,107922.0,107871.0,107874.0,300
2026-06-21 23:10:00,107872.0,107889.0,107855.0,107867.0,300
2026-06-21 23:15:00,107868.0,107869.0,107824.0,107839.0,300
2026-06-21 23:20:00,107837.0,107870.0,107835.0,107849.0,300
2026-06-21 23:25:00,107850.0,107870.0,107837.0,107837.0,300
2026-06-21 23:30:00,107835.0,107837.0,107796.0,107819.0,300
2026-06-21 23:35:00,107821.0,107827.0,107772.0,107798.0,300
2026-06-21 23:40:00,107797.0,107807.0,107773.0,107776.0,300
2026-06-21 23:45:00,107778.0,107821.0,107762.0,107762.0,300
2026-06-21 23:50:00,107760.0,107763.0,107736.0,107763.0,300
2026-06-21 23:55:00,107765.0,107799.0,107763.0,107775.0,300
2026-06-22 00:00:00,107777.0,107778.0,107742.0,107748.0,300
2026-06-22 00:05:00,107749.0,107753.0,107676.0,107685.0,300
2026-06-22 00:10:00,107683.0,107691.0,107657.0,107689.0,300
2026-06-22 00:15:00,107687.0,107691.0,107648.0,107652.0,300
2026-06-22 00:20:00,107651.0,107684.0,107651.0,107684.0,300
2026-06-22 00:25:00,107685.0,107730.0,107681.0,107716.0,300
2026-06-22 00:30:00,107714.0,107726.0,107689.0,107709.0,300
2026-06-22 00:35:00,107711.0,107713.0,107660.0,107676.0,300
2026-06-22 00:40:00,107677.0,107697.0,107663.0,107673.0,300
2026-06-22 00:45:00,107671.0,107698.0,107664.0,107692.0,300
2026-06-22 00:50:00,107691.0,107692.0,107630.0,107630.0,300
2026-06-22 00:55:00,107628.0,107654.0,107603.0,107654.0,300
2026-06-22 01:00:00,107653.0,107685.0,107649.0,107652.0,300
2026-06-22 01:05:00,107650.0,107665.0,107596.0,107598.0,300
2026-06-22 01:10:00,107600.0,107614.0,107562.0,107605.0,300
2026-06-22 01:15:00,107603.0,107627.0,107583.0,107599.0,300
2026-06-22 01:20:00,107601.0,107606.0,107559.0,107586.0,300
2026-06-22 01:25:00,107588.0,107592.0,107569.0,107569.0,300
2026-06-22 01:30:00,107570.0,107599.0,107565.0,107590.0,300
2026-06-22 01:35:00,107592.0,107606.0,107582.0,107589.0,300
2026-06-22 01:40:00,107587.0,107590.0,107528.0,107536.0,300
2026-06-22 01:45:00,107535.0,107552.0,107474.0,107502.0,300
2026-06-22 01:50:00,107503.0,107555.0,107503.0,107552.0,300
2026-06-22 01:55:00,107551.0,107583.0,107540.0,107572.0,300
2026-06-22 02:00:00,107571.0,107590.0,107567.0,107585.0,300
2026-06-22 02:05:00,107587.0,107624.0,107586.0,107610.0,300
2026-06-22 02:10:00,107611.0,107611.0,107568.0,107591.0,300
2026-06-22 02:15:00,107589.0,107602.0,107573.0,107599.0,300
2026-06-22 02:20:00,107597.0,107609.0,107580.0,107606.0,300
2026-06-22 02:25:00,107604.0,107608.0,107587.0,107592.0,300
2026-06-22 02:30:00,107593.0,107608.0,107553.0,107557.0,300
2026-06-22 02:35:00,107559.0,107560.0,107518.0,107547.0,300
2026-06-22 02:40:00,107546.0,107557.0,107531.0,107540.0,300
2026-06-22 02:45:00,107539.0,107574.0,107536.0,107570.0,300
2026-06-22 02:50:00,107572.0,107576.0,107541.0,107568.0,300
2026-06-22 02:55:00,107567.0,107597.0,107558.0,107571.0,300
2026-06-22 03:00:00,107573.0,107622.0,107571.0,107620.0,300
2026-06-22 03:05:00,107618.0,107632.0,107603.0,107614.0,300
2026-06-22 03:10:00,107616.0,107646.0,107596.0,107639.0,300
2026-06-22 03:15:00,107638.0,107662.0,107637.0,107661.0,300
2026-06-22 03:20:00,107662.0,107671.0,107632.0,107662.0,300
2026-06-22 03:25:00,107663.0,107687.0,107639.0,107641.0,300
2026-06-22 03:30:00,107643.0,107674.0,107638.0,107672.0,300
2026-06-22 03:35:00,107673.0,107712.0,107652.0,107695.0,300
2026-06-22 03:40:00,107693.0,107710.0,107672.0,107676.0,300
2026-06-22 03:45:00,107674.0,107677.0,107623.0,107627.0,300
2026-06-22 03:50:00,107626.0,107642.0,107604.0,107631.0,300
2026-06-22 03:55:00,107630.0,107652.0,107620.0,107636.0,300
2026-06-22 04:00:00,107635.0,107637.0,107606.0,107629.0,300
2026-06-22 04:05:00,107628.0,107631.0,107605.0,107612.0,300
2026-06-22 04:10:00,107613.0,107638.0,107602.0,107631.0,300
2026-06-22 04:15:00,107630.0,107659.0,107622.0,107652.0,300
2026-06-22 04:20:00,107653.0,107674.0,107639.0,107645.0,300
2026-06-22 04:25:00,107643.0,107646.0,107597.0,107615.0,300
2026-06-22 04:30:00,107613.0,107665.0,107602.0,107648.0,300
2026-06-22 04:35:00,107647.0,107700.0,107645.0,107696.0,300
2026-06-22 04:40:00,107697.0,107702.0,107665.0,107667.0,300
2026-06-22 04:45:00,107669.0,107683.0,107660.0,107668.0,300
2026-06-22 04:50:00,107666.0,107672.0,107629.0,107631.0,300
2026-06-22 04:55:00,107633.0,107664.0,107624.0,107655.0,300
2026-06-22 05:00:00,107657.0,107657.0,107624.0,107631.0,300
2026-06-22 05:05:00,107632.0,107639.0,107576.0,107578.0,300
2026-06-22 05:10:00,107579.0,107602.0,107562.0,107562.0,300
2026-06-22 05:15:00,107564.0,107596.0,107560.0,107589.0,300
2026-06-22 05:20:00,107590.0,107590.0,107546.0,107578.0,300
2026-06-22 05:25:00,107580.0,107593.0,107571.0,107585.0,300
2026-06-22 05:30:00,107584.0,107591.0,107552.0,107565.0,300
2026-06-22 05:35:00,107567.0,107581.0,107526.0,107530.0,300
2026-06-22 05:40:00,107532.0,107534.0,107491.0,107494.0,300
2026-06-22 05:45:00,107493.0,107495.0,107471.0,107476.0,300
2026-06-22 05:50:00,107477.0,107478.0,107444.0,107460.0,300
2026-06-22 05:55:00,107459.0,107464.0,107437.0,107464.0,300
2026-06-22 06:00:00,107466.0,107483.0,107460.0,107479.0,300
2026-06-22 06:05:00,107480.0,107507.0,107471.0,107484.0,300
2026-06-22 06:10:00,107483.0,107484.0,107458.0,107467.0,300
2026-06-22 06:15:00,107469.0,107487.0,107457.0,107466.0,300
2026-06-22 06:20:00,107465.0,107478.0,107444.0,107464.0,300
2026-06-22 06:25:00,107463.0,107473.0,107408.0,107416.0,300
2026-06-22 06:30:00,107415.0,107432.0,107399.0,107425.0,300
2026-06-22 06:35:00,107426.0,107468.0,107423.0,107451.0,300
2026-06-22 06:40:00,107453.0,107478.0,107444.0,107470.0,300
2026-06-22 06:45:00,107468.0,107506.0,107468.0,107483.0,300
2026-06-22 06:50:00,107484.0,107505.0,107474.0,107486.0,300
2026-06-22 06:55:00,107487.0,107522.0,107462.0,107485.0,300
2026-06-22 07:00:00,107483.0,107502.0,107463.0,107487.0,300
2026-06-22 07:05:00,107485.0,107519.0,107482.0,107507.0,300
2026-06-22 07:10:00,107505.0,107538.0,107489.0,107516.0,300
2026-06-22 07:15:00,107514.0,107521.0,107486.0,107517.0,300
2026-06-22 07:20:00,107518.0,107535.0,107497.0,107521.0,300
2026-06-22 07:25:00,107520.0,107573.0,107520.0,107554.0,300
2026-06-22 07:30:00,107553.0,107557.0,107495.0,107500.0,299
2026-06-22 07:35:00,107498.0,107506.0,107410.0,107416.0,301
2026-06-22 07:40:00,107418.0,107481.0,107418.0,107467.0,299
2026-06-22 07:45:00,107465.0,107466.0,107421.0,107450.0,301
2026-06-22 07:50:00,107448.0,107483.0,107441.0,107465.0,299
2026-06-22 07:55:00,107466.0,107562.0,107465.0,107558.0,300
2026-06-22 08:00:00,107557.0,107558.0,107514.0,107527.0,300
2026-06-22 08:05:00,107526.0,107546.0,107511.0,107542.0,300
2026-06-22 08:10:00,107540.0,107558.0,107514.0,107521.0,300
2026-06-22 08:15:00,107520.0,107535.0,107507.0,107523.0,300
2026-06-22 08:20:00,107524.0,107567.0,107515.0,107563.0,300
2026-06-22 08:25:00,107561.0,107568.0,107539.0,107567.0,300
2026-06-22 08:30:00,107565.0,107570.0,107526.0,107547.0,300
2026-06-22 08:35:00,107549.0,107596.0,107545.0,107585.0,300
2026-06-22 08:40:00,107584.0,107585.0,107545.0,107551.0,300
2026-06-22 08:45:00,107552.0,107578.0,107545.0,107560.0,300
2026-06-22 08:50:00,107558.0,107574.0,107529.0,107553.0,300
2026-06-22 08:55:00,107555.0,107595.0,107545.0,107595.0,300
2026-06-22 09:00:00,107594.0,107648.0,107585.0,107648.0,300
2026-06-22 09:05:00,107649.0,107697.0,107642.0,107686.0,300
2026-06-22 09:10:00,107688.0,107718.0,107684.0,107706.0,300
2026-06-22 09:15:00,107704.0,107712.0,107667.0,107687.0,300
2026-06-22 09:20:00,107686.0,107686.0,107645.0,107648.0,300
2026-06-22 09:25:00,107646.0,107668.0,107634.0,107650.0,300
2026-06-22 09:30:00,107651.0,107661.0,107625.0,107635.0,300
2026-06-22 09:35:00,107637.0,107643.0,107574.0,107577.0,300
2026-06-22 09:40:00,107578.0,107605.0,107574.0,107585.0,300
2026-06-22 09:45:00,107583.0,107622.0,107576.0,107618.0,300
2026-06-22 09:50:00,107617.0,107656.0,107608.0,107642.0,300
2026-06-22 09:55:00,107641.0,107659.0,107633.0,107659.0,300
2026-06-22 10:00:00,107657.0,107675.0,107655.0,107659.0,300
2026-06-22 10:05:00,107661.0,107668.0,107635.0,107667.0,300
2026-06-22 10:10:00,107669.0,107672.0,107619.0,107630.0,300
2026-06-22 10:15:00,107628.0,107630.0,107596.0,107625.0,300
2026-06-22 10:20:00,107626.0,107664.0,107619.0,107630.0,300
2026-06-22 10:25:00,107629.0,107666.0,107629.0,107635.0,300
2026-06-22 10:30:00,107634.0,107665.0,107617.0,107653.0,300
2026-06-22 10:35:00,107652.0,107672.0,107633.0,107663.0,300
2026-06-22 10:40:00,107665.0,107725.0,107663.0,107720.0,300
2026-06-22 10:45:00,107718.0,107723.0,107691.0,107704.0,300
2026-06-22 10:50:00,107706.0,107722.0,107693.0,107717.0,300
2026-06-22 10:55:00,107719.0,107739.0,107708.0,107725.0,300
2026-06-22 11:00:00,107726.0,107749.0,107709.0,107709.0,300
2026-06-22 11:05:00,107708.0,107746.0,107701.0,107741.0,300
2026-06-22 11:10:00,107739.0,107768.0,107733.0,107758.0,300
2026-06-22 11:15:00,107756.0,107774.0,107746.0,107770.0,300
2026-06-22 11:20:00,107768.0,107824.0,107766.0,107799.0,300
2026-06-22 11:25:00,107798.0,107819.0,107786.0,107789.0,300
2026-06-22 11:30:00,107788.0,107802.0,107774.0,107782.0,300
2026-06-22 11:35:00,107784.0,107802.0,107776.0,107786.0,300
2026-06-22 11:40:00,107787.0,107796.0,107770.0,107772.0,300
2026-06-22 11:45:00,107770.0,107812.0,107765.0,107811.0,300
2026-06-22 11:50:00,107809.0,107823.0,107791.0,107806.0,300
2026-06-22 11:55:00,107804.0,107845.0,107791.0,107824.0,300
2026-06-22 12:00:00,107823.0,107835.0,107804.0,107806.0,300
2026-06-22 12:05:00,107804.0,107816.0,107735.0,107753.0,300
2026-06-22 12:10:00,107754.0,107760.0,107727.0,107739.0,300
2026-06-22 12:15:00,107741.0,107782.0,107726.0,107782.0,300
2026-06-22 12:20:00,107780.0,107833.0,107774.0,107825.0,300
2026-06-22 12:25:00,107824.0,107881.0,107823.0,107879.0,300
2026-06-22 12:30:00,107877.0,107887.0,107843.0,107874.0,300
2026-06-22 12:35:00,107873.0,107931.0,107870.0,107909.0,300
2026-06-22 12:40:00,107911.0,107944.0,107907.0,107942.0,300
2026-06-22 12:45:00,107944.0,107958.0,107911.0,107948.0,300
2026-06-22 12:50:00,107949.0,107954.0,107877.0,107888.0,300
2026-06-22 12:55:00,107890.0,107916.0,107868.0,107880.0,300
2026-06-22 13:00:00,107881.0,107925.0,107870.0,107920.0,300
2026-06-22 13:05:00,107919.0,107926.0,107889.0,107907.0,300
2026-06-22 13:10:00,107905.0,107930.0,107891.0,107901.0,300
2026-06-22 13:15:00,107902.0,107911.0,107884.0,107884.0,300
2026-06-22 13:20:00,107885.0,107895.0,107845.0,107853.0,300
2026-06-22 13:25:00,107851.0,107865.0,107837.0,107852.0,300
2026-06-22 13:30:00,107851.0,107866.0,107832.0,107861.0,300
2026-06-22 13:35:00,107859.0,107877.0,107837.0,107874.0,300
2026-06-22 13:40:00,107876.0,107878.0,107834.0,107836.0,300
2026-06-22 13:45:00,107838.0,107901.0,107838.0,107882.0,300
2026-06-22 13:50:00,107884.0,107901.0,107862.0,107870.0,300
2026-06-22 13:55:00,107871.0,107922.0,107868.0,107875.0,300
2026-06-22 14:00:00,107877.0,107922.0,107870.0,107900.0,300
2026-06-22 14:05:00,107901.0,107926.0,107897.0,107902.0,300
2026-06-22 14:10:00,107900.0,107920.0,107894.0,107906.0,300
2026-06-22 14:15:00,107908.0,107940.0,107899.0,107930.0,300
2026-06-22 14:20:00,107928.0,107950.0,107910.0,107914.0,300
2026-06-22 14:25:00,107915.0,107939.0,107910.0,107921.0,300
2026-06-22 14:30:00,107920.0,107932.0,107878.0,107886.0,300
2026-06-22 14:35:00,107887.0,107940.0,107862.0,107930.0,300
2026-06-22 14:40:00,107931.0,108020.0,107931.0,108010.0,300
2026-06-22 14:45:00,108012.0,108035.0,107995.0,107995.0,300
2026-06-22 14:50:00,107993.0,108001.0,107970.0,107987.0,300
2026-06-22 14:55:00,107986.0,108031.0,107970.0,108020.0,300
2026-06-22 15:00:00,108021.0,108032.0,107989.0,107995.0,300
2026-06-22 15:05:00,107996.0,107999.0,107954.0,107966.0,300
2026-06-22 15:10:00,107965.0,107967.0,107894.0,107928.0,300
2026-06-22 15:15:00,107926.0,107965.0,107924.0,107930.0,300
2026-06-22 15:20:00,107931.0,107959.0,107928.0,107928.0,300
2026-06-22 15:25:00,107930.0,107967.0,107923.0,107963.0,300
2026-06-22 15:30:00,107964.0,107982.0,107945.0,107978.0,300
2026-06-22 15:35:00,107979.0,108020.0,107968.0,108006.0,300
2026-06-22 15:40:00,108008.0,108025.0,107983.0,108019.0,300
2026-06-22 15:45:00,108021.0,108040.0,107998.0,108021.0,300
2026-06-22 15:50:00,108020.0,108071.0,108020.0,108055.0,300
2026-06-22 15:55:00,108053.0,108060.0,108029.0,108035.0,300
2026-06-22 16:00:00,108036.0,108041.0,107997.0,108018.0,300
2026-06-22 16:05:00,108019.0,108074.0,108011.0,108061.0,300
2026-06-22 16:10:00,108059.0,108091.0,108056.0,108078.0,300
2026-06-22 16:15:00,108077.0,108112.0,108069.0,108090.0,300
2026-06-22 16:20:00,108088.0,108124.0,108064.0,108120.0,300
2026-06-22 16:25:00,108119.0,108149.0,108102.0,108146.0,300
2026-06-22 16:30:00,108147.0,108189.0,108141.0,108185.0,300
2026-06-22 16:35:00,108186.0,108203.0,108174.0,108182.0,300
2026-06-22 16:40:00,108180.0,108208.0,108165.0,108199.0,300
2026-06-22 16:45:00,108201.0,108201.0,108170.0,108171.0,300
2026-06-22 16:50:00,108169.0,108192.0,108140.0,108189.0,300
2026-06-22 16:55:00,108191.0,108194.0,108160.0,108192.0,300
2026-06-22 17:00:00,108190.0,108210.0,108182.0,108203.0,300
2026-06-22 17:05:00,108202.0,108260.0,108199.0,108259.0,300
2026-06-22 17:10:00,108257.0,108260.0,108238.0,108249.0,300
2026-06-22 17:15:00,108251.0,108256.0,108230.0,108248.0,300
2026-06-22 17:20:00,108250.0,108266.0,108238.0,108244.0,300
2026-06-22 17:25:00,108242.0,108261.0,108223.0,108240.0,300
2026-06-22 17:30:00,108238.0,108279.0,108235.0,108261.0,300
2026-06-22 17:35:00,108260.0,108293.0,108260.0,108274.0,300
2026-06-22 17:40:00,108275.0,108295.0,108247.0,108295.0,300
2026-06-22 17:45:00,108293.0,108311.0,108280.0,108309.0,300
2026-06-22 17:50:00,108310.0,108337.0,108296.0,108296.0,300
2026-06-22 17:55:00,108295.0,108296.0,108268.0,108286.0,300
2026-06-22 18:00:00,108287.0,108303.0,108266.0,108272.0,300
2026-06-22 18:05:00,108271.0,108281.0,108260.0,108262.0,300
2026-06-22 18:10:00,108260.0,108300.0,108255.0,108298.0,300
2026-06-22 18:15:00,108300.0,108327.0,108295.0,108325.0,300
2026-06-22 18:20:00,108324.0,108378.0,108302.0,108373.0,300
2026-06-22 18:25:00,108375.0,108389.0,108356.0,108381.0,300
2026-06-22 18:30:00,108383.0,108439.0,108383.0,108413.0,300
2026-06-22 18:35:00,108415.0,108439.0,108403.0,108431.0,300
2026-06-22 18:40:00,108432.0,108451.0,108423.0,108451.0,300
2026-06-22 18:45:00,108450.0,108468.0,108441.0,108462.0,300
2026-06-22 18:50:00,108460.0,108506.0,108460.0,108485.0,300
2026-06-22 18:55:00,108486.0,108525.0,108484.0,108524.0,300
2026-06-22 19:00:00,108522.0,108554.0,108512.0,108554.0,300
2026-06-22 19:05:00,108552.0,108583.0,108551.0,108571.0,300
2026-06-22 19:10:00,108570.0,108600.0,108570.0,108588.0,300
2026-06-22 19:15:00,108586.0,108587.0,108537.0,108562.0,300
2026-06-22 19:20:00,108561.0,108579.0,108538.0,108549.0,300
2026-06-22 19:25:00,108547.0,108553.0,108530.0,108533.0,300
2026-06-22 19:30:00,108532.0,108539.0,108499.0,108503.0,300
2026-06-22 19:35:00,108502.0,108513.0,108474.0,108481.0,300
2026-06-22 19:40:00,108482.0,108489.0,108445.0,108453.0,300
2026-06-22 19:45:00,108454.0,108467.0,108433.0,108465.0,300
2026-06-22 19:50:00,108463.0,108472.0,108450.0,108461.0,300
2026-06-22 19:55:00,108463.0,108469.0,108422.0,108449.0,300
2026-06-22 20:00:00,108450.0,108478.0,108436.0,108456.0,300
2026-06-22 20:05:00,108457.0,108495.0,108449.0,108488.0,300
2026-06-22 20:10:00,108487.0,108493.0,108460.0,108463.0,300
2026-06-22 20:15:00,108462.0,108479.0,108446.0,108471.0,300
2026-06-22 20:20:00,108472.0,108483.0,108447.0,108451.0,300
2026-06-22 20:25:00,108449.0,108464.0,108432.0,108455.0,297
2026-06-22 20:30:00,108454.0,108479.0,108448.0,108476.0,300
2026-06-22 20:35:00,108474.0,108501.0,108443.0,108445.0,300
2026-06-22 20:40:00,108447.0,108474.0,108416.0,108419.0,300
2026-06-22 20:45:00,108420.0,108429.0,108386.0,108396.0,300
2026-06-22 20:50:00,108397.0,108442.0,108397.0,108425.0,300
2026-06-22 20:55:00,108426.0,108455.0,108413.0,108451.0,300
2026-06-22 21:00:00,108450.0,108501.0,108448.0,108480.0,300
2026-06-22 21:05:00,108478.0,108481.0,108445.0,108466.0,300
2026-06-22 21:10:00,108465.0,108491.0,108452.0,108480.0,300
2026-06-22 21:15:00,108479.0,108481.0,108435.0,108459.0,300
2026-06-22 21:20:00,108461.0,108465.0,108411.0,108411.0,300
2026-06-22 21:25:00,108410.0,108455.0,108405.0,108424.0,300
2026-06-22 21:30:00,108422.0,108452.0,108405.0,108422.0,300
2026-06-22 21:35:00,108421.0,108421.0,108389.0,108411.0,300
2026-06-22 21:40:00,108412.0,108460.0,108384.0,108460.0,300
2026-06-22 21:45:00,108458.0,108479.0,108443.0,108478.0,300
2026-06-22 21:50:00,108477.0,108493.0,108462.0,108492.0,300
2026-06-22 21:55:00,108490.0,108506.0,108470.0,108475.0,300
2026-06-22 22:00:00,108477.0,108498.0,108468.0,108492.0,300
2026-06-22 22:05:00,108491.0,108520.0,108470.0,108475.0,300
2026-06-22 22:10:00,108477.0,108521.0,108472.0,108477.0,300
2026-06-22 22:15:00,108479.0,108518.0,108479.0,108510.0,300
2026-06-22 22:20:00,108512.0,108539.0,108475.0,108533.0,300
2026-06-22 22:25:00,108535.0,108543.0,108502.0,108508.0,300
2026-06-22 22:30:00,108509.0,108518.0,108495.0,108501.0,300
2026-06-22 22:35:00,108502.0,108566.0,108500.0,108532.0,300
2026-06-22 22:40:00,108531.0,108551.0,108507.0,108515.0,300
2026-06-22 22:45:00,108513.0,108539.0,108491.0,108491.0,300
2026-06-22 22:50:00,108493.0,108518.0,108477.0,108490.0,300
2026-06-22 22:55:00,108488.0,108498.0,108475.0,108482.0,300
2026-06-22 23:00:00,108484.0,108491.0,108448.0,108459.0,300
2026-06-22 23:05:00,108460.0,108512.0,108455.0,108471.0,300
2026-06-22 23:10:00,108470.0,108505.0,108457.0,108492.0,300
2026-06-22 23:15:00,108493.0,108510.0,108454.0,108465.0,300
2026-06-22 23:20:00,108463.0,108479.0,108432.0,108441.0,300
2026-06-22 23:25:00,108439.0,108465.0,108429.0,108458.0,300
2026-06-22 23:30:00,108459.0,108503.0,108459.0,108494.0,300
2026-06-22 23:35:00,108492.0,108493.0,108450.0,108488.0,300
2026-06-22 23:40:00,108489.0,108556.0,108479.0,108550.0,300
2026-06-22 23:45:00,108548.0,108583.0,108546.0,108579.0,300
2026-06-22 23:50:00,108578.0,108631.0,108546.0,108626.0,300
2026-06-22 23:55:00,108625.0,108657.0,108617.0,108635.0,300
2026-06-23 00:00:00,108636.0,108652.0,108610.0,108622.0,300
2026-06-23 00:05:00,108620.0,108635.0,108587.0,108631.0,300
2026-06-23 00:10:00,108632.0,108652.0,108615.0,108630.0,300
2026-06-23 00:15:00,108632.0,108646.0,108610.0,108631.0,300
2026-06-23 00:20:00,108632.0,108666.0,108630.0,108656.0,300
2026-06-23 00:25:00,108655.0,108656.0,108615.0,108616.0,300
2026-06-23 00:30:00,108617.0,108618.0,108573.0,108583.0,300
2026-06-23 00:35:00,108585.0,108587.0,108531.0,108543.0,300
2026-06-23 00:40:00,108545.0,108559.0,108518.0,108555.0,300
2026-06-23 00:45:00,108556.0,108599.0,108553.0,108590.0,300
2026-06-23 00:50:00,108589.0,108612.0,108575.0,108606.0,300
2026-06-23 00:55:00,108608.0,108627.0,108554.0,108576.0,300
2026-06-23 01:00:00,108575.0,108620.0,108573.0,108597.0,300
2026-06-23 01:05:00,108596.0,108631.0,108592.0,108620.0,300
2026-06-23 01:10:00,108619.0,108621.0,108579.0,108588.0,300
2026-06-23 01:15:00,108589.0,108635.0,108588.0,108611.0,300
2026-06-23 01:20:00,108612.0,108612.0,108566.0,108596.0,300
2026-06-23 01:25:00,108595.0,108598.0,108526.0,108527.0,300
2026-06-23 01:30:00,108526.0,108534.0,108494.0,108495.0,300
2026-06-23 01:35:00,108497.0,108530.0,108495.0,108515.0,300
2026-06-23 01:40:00,108513.0,108542.0,108511.0,108529.0,300
2026-06-23 01:45:00,108527.0,108577.0,108523.0,108567.0,300
2026-06-23 01:50:00,108569.0,108581.0,108519.0,108522.0,300
2026-06-23 01:55:00,108521.0,108557.0,108514.0,108533.0,300
2026-06-23 02:00:00,108534.0,108556.0,108520.0,108520.0,300
2026-06-23 02:05:00,108518.0,108543.0,108508.0,108512.0,300
2026-06-23 02:10:00,108513.0,108513.0,108469.0,108477.0,300
2026-06-23 02:15:00,108475.0,108496.0,108461.0,108478.0,300
2026-06-23 02:20:00,108476.0,108486.0,108455.0,108470.0,300
2026-06-23 02:25:00,108468.0,108476.0,108445.0,108460.0,300
2026-06-23 02:30:00,108462.0,108523.0,108454.0,108514.0,300
2026-06-23 02:35:00,108513.0,108524.0,108499.0,108501.0,300
2026-06-23 02:40:00,108502.0,108516.0,108468.0,108470.0,300
2026-06-23 02:45:00,108468.0,108514.0,108456.0,108512.0,300
2026-06-23 02:50:00,108513.0,108540.0,108512.0,108537.0,300
2026-06-23 02:55:00,108539.0,108546.0,108513.0,108529.0,300
2026-06-23 03:00:00,108530.0,108598.0,108526.0,108598.0,300
2026-06-23 03:05:00,108600.0,108619.0,108576.0,108603.0,300
2026-06-23 03:10:00,108605.0,108633.0,108580.0,108623.0,300
2026-06-23 03:15:00,108625.0,108653.0,108617.0,108646.0,300
2026-06-23 03:20:00,108645.0,108649.0,108620.0,108628.0,300
2026-06-23 03:25:00,108629.0,108631.0,108591.0,108605.0,300
2026-06-23 03:30:00,108603.0,108633.0,108597.0,108622.0,300
2026-06-23 03:35:00,108623.0,108647.0,108613.0,108631.0,300
2026-06-23 03:40:00,108630.0,108639.0,108605.0,108627.0,300
2026-06-23 03:45:00,108625.0,108662.0,108615.0,108644.0,300
2026-06-23 03:50:00,108645.0,108665.0,108614.0,108617.0,300
2026-06-23 03:55:00,108618.0,108658.0,108614.0,108641.0,300
2026-06-23 04:00:00,108642.0,108649.0,108626.0,108646.0,300
2026-06-23 04:05:00,108644.0,108662.0,108628.0,108639.0,300
2026-06-23 04:10:00,108641.0,108658.0,108617.0,108630.0,300
2026-06-23 04:15:00,108631.0,108652.0,108609.0,108622.0,300
2026-06-23 04:20:00,108621.0,108660.0,108608.0,108660.0,300
2026-06-23 04:25:00,108658.0,108685.0,108650.0,108677.0,300
2026-06-23 04:30:00,108678.0,108682.0,108654.0,108663.0,300
2026-06-23 04:35:00,108661.0,108685.0,108653.0,108684.0,300
2026-06-23 04:40:00,108685.0,108694.0,108660.0,108675.0,300
2026-06-23 04:45:00,108677.0,108700.0,108662.0,108697.0,300
2026-06-23 04:50:00,108699.0,108734.0,108699.0,108718.0,300
2026-06-23 04:55:00,108716.0,108730.0,108667.0,108673.0,300
2026-06-23 05:00:00,108674.0,108718.0,108667.0,108715.0,300
2026-06-23 05:05:00,108717.0,108736.0,108712.0,108725.0,300
2026-06-23 05:10:00,108726.0,108730.0,108690.0,108690.0,300
2026-06-23 05:15:00,108688.0,108699.0,108647.0,108660.0,300
2026-06-23 05:20:00,108662.0,108683.0,108640.0,108652.0,300
2026-06-23 05:25:00,108653.0,108669.0,108639.0,108661.0,300
2026-06-23 05:30:00,108662.0,108703.0,108660.0,108692.0,300
2026-06-23 05:35:00,108694.0,108704.0,108683.0,108690.0,300
2026-06-23 05:40:00,108689.0,108730.0,108669.0,108722.0,300
2026-06-23 05:45:00,108720.0,108773.0,108703.0,108768.0,300
2026-06-23 05:50:00,108770.0,108813.0,108763.0,108766.0,300
2026-06-23 05:55:00,108764.0,108782.0,108732.0,108742.0,300
2026-06-23 06:00:00,108741.0,108759.0,108727.0,108753.0,300
2026-06-23 06:05:00,108754.0,108773.0,108748.0,108767.0,300
2026-06-23 06:10:00,108765.0,108769.0,108711.0,108715.0,300
2026-06-23 06:15:00,108714.0,108740.0,108685.0,108740.0,300
2026-06-23 06:20:00,108742.0,108791.0,108732.0,108788.0,300
2026-06-23 06:25:00,108787.0,108818.0,108774.0,108784.0,300
2026-06-23 06:30:00,108786.0,108826.0,108779.0,108798.0,300
2026-06-23 06:35:00,108797.0,108799.0,108757.0,108764.0,300
2026-06-23 06:40:00,108763.0,108803.0,108763.0,108800.0,300
2026-06-23 06:45:00,108799.0,108834.0,108795.0,108795.0,300
2026-06-23 06:50:00,108794.0,108815.0,108776.0,108784.0,300
2026-06-23 06:55:00,108782.0,108790.0,108762.0,108780.0,300
2026-06-23 07:00:00,108778.0,108784.0,108768.0,108772.0,300
2026-06-23 07:05:00,108773.0,108784.0,108749.0,108782.0,300
2026-06-23 07:10:00,108783.0,108803.0,108757.0,108769.0,300
2026-06-23 07:15:00,108767.0,108769.0,108740.0,108751.0,300
2026-06-23 07:20:00,108749.0,108803.0,108746.0,108801.0,300
2026-06-23 07:25:00,108800.0,108811.0,108764.0,108800.0,300
2026-06-23 07:30:00,108799.0,108805.0,108761.0,108784.0,300
2026-06-23 07:35:00,108785.0,108813.0,108778.0,108811.0,300
2026-06-23 07:40:00,108810.0,108811.0,108769.0,108775.0,300
2026-06-23 07:45:00,108774.0,108787.0,108764.0,108786.0,300
2026-06-23 07:50:00,108785.0,108813.0,108778.0,108794.0,300
2026-06-23 07:55:00,108796.0,108800.0,108762.0,108764.0,300
2026-06-23 08:00:00,108766.0,108776.0,108738.0,108764.0,300
2026-06-23 08:05:00,108765.0,108797.0,108756.0,108796.0,300
2026-06-23 08:10:00,108797.0,108805.0,108777.0,108793.0,300
2026-06-23 08:15:00,108792.0,108803.0,108772.0,108788.0,300
2026-06-23 08:20:00,108790.0,108813.0,108783.0,108787.0,300
2026-06-23 08:25:00,108786.0,108791.0,108750.0,108765.0,300
2026-06-23 08:30:00,108766.0,108774.0,108726.0,108739.0,300
2026-06-23 08:35:00,108740.0,108757.0,108695.0,108696.0,300
2026-06-23 08:40:00,108695.0,108723.0,108690.0,108710.0,300
2026-06-23 08:45:00,108712.0,108727.0,108688.0,108695.0,300
2026-06-23 08:50:00,108693.0,108713.0,108679.0,108694.0,300
2026-06-23 08:55:00,108696.0,108699.0,108660.0,108662.0,300
2026-06-23 09:00:00,108664.0,108669.0,108628.0,108644.0,300
2026-06-23 09:05:00,108645.0,108648.0,108620.0,108634.0,300
2026-06-23 09:10:00,108633.0,108634.0,108576.0,108605.0,300
2026-06-23 09:15:00,108607.0,108657.0,108602.0,108650.0,300
2026-06-23 09:20:00,108652.0,108691.0,108647.0,108682.0,300
2026-06-23 09:25:00,108681.0,108697.0,108652.0,108694.0,300
2026-06-23 09:30:00,108696.0,108699.0,108669.0,108675.0,300
2026-06-23 09:35:00,108673.0,108697.0,108670.0,108693.0,300
2026-06-23 09:40:00,108691.0,108721.0,108688.0,108701.0,300
2026-06-23 09:45:00,108699.0,108748.0,108696.0,108736.0,300
2026-06-23 09:50:00,108738.0,108754.0,108722.0,108727.0,300
2026-06-23 09:55:00,108726.0,108742.0,108692.0,108692.0,300
2026-06-23 10:00:00,108693.0,108693.0,108622.0,108622.0,300
2026-06-23 10:05:00,108620.0,108692.0,108619.0,108685.0,300
2026-06-23 10:10:00,108686.0,108708.0,108682.0,108691.0,300
2026-06-23 10:15:00,108692.0,108716.0,108691.0,108697.0,300
2026-06-23 10:20:00,108695.0,108729.0,108686.0,108728.0,300
2026-06-23 10:25:00,108726.0,108748.0,108714.0,108732.0,300
2026-06-23 10:30:00,108733.0,108737.0,108656.0,108669.0,300
2026-06-23 10:35:00,108670.0,108676.0,108623.0,108636.0,300
2026-06-23 10:40:00,108635.0,108660.0,108633.0,108640.0,300
2026-06-23 10:45:00,108642.0,108680.0,108636.0,108658.0,300
2026-06-23 10:50:00,108657.0,108667.0,108625.0,108625.0,300
2026-06-23 10:55:00,108624.0,108641.0,108580.0,108603.0,300
2026-06-23 11:00:00,108604.0,108604.0,108567.0,108584.0,300
2026-06-23 11:05:00,108586.0,108622.0,108576.0,108588.0,300
2026-06-23 11:10:00,108589.0,108602.0,108568.0,108589.0,300
2026-06-23 11:15:00,108587.0,108589.0,108535.0,108536.0,300
2026-06-23 11:20:00,108534.0,108544.0,108504.0,108512.0,300
2026-06-23 11:25:00,108514.0,108549.0,108505.0,108529.0,300
2026-06-23 11:30:00,108527.0,108529.0,108485.0,108496.0,300
2026-06-23 11:35:00,108494.0,108496.0,108424.0,108443.0,300
2026-06-23 11:40:00,108441.0,108450.0,108387.0,108388.0,300
2026-06-23 11:45:00,108386.0,108451.0,108386.0,108446.0,300
2026-06-23 11:50:00,108448.0,108484.0,108438.0,108478.0,300
2026-06-23 11:55:00,108480.0,108501.0,108468.0,108488.0,300
2026-06-23 12:00:00,108486.0,108503.0,108481.0,108497.0,300
2026-06-23 12:05:00,108496.0,108535.0,108488.0,108529.0,300
2026-06-23 12:10:00,108528.0,108557.0,108518.0,108527.0,300
2026-06-23 12:15:00,108525.0,108547.0,108513.0,108534.0,300
2026-06-23 12:20:00,108535.0,108553.0,108514.0,108525.0,300
2026-06-23 12:25:00,108524.0,108524.0,108455.0,108481.0,300
2026-06-23 12:30:00,108479.0,108504.0,108469.0,108489.0,300
2026-06-23 12:35:00,108490.0,108503.0,108465.0,108495.0,300
2026-06-23 12:40:00,108494.0,108499.0,108460.0,108490.0,300
2026-06-23 12:45:00,108488.0,108510.0,108461.0,108508.0,300
2026-06-23 12:50:00,108507.0,108528.0,108498.0,108522.0,300
2026-06-23 12:55:00,108524.0,108535.0,108508.0,108524.0,300
2026-06-23 13:00:00,108526.0,108535.0,108489.0,108517.0,300
2026-06-23 13:05:00,108516.0,108553.0,108501.0,108550.0,300
2026-06-23 13:10:00,108548.0,108557.0,108509.0,108509.0,300
2026-06-23 13:15:00,108507.0,108529.0,108480.0,108519.0,300
2026-06-23 13:20:00,108521.0,108525.0,108498.0,108502.0,300
2026-06-23 13:25:00,108504.0,108513.0,108475.0,108492.0,300
2026-06-23 13:30:00,108494.0,108550.0,108492.0,108541.0,300
2026-06-23 13:35:00,108540.0,108551.0,108515.0,108518.0,300
2026-06-23 13:40:00,108516.0,108543.0,108513.0,108515.0,300
2026-06-23 13:45:00,108516.0,108540.0,108510.0,108540.0,300
2026-06-23 13:50:00,108542.0,108559.0,108532.0,108556.0,300
2026-06-23 13:55:00,108558.0,108588.0,108556.0,108567.0,300
2026-06-23 14:00:00,108566.0,108583.0,108554.0,108576.0,300
2026-06-23 14:05:00,108574.0,108579.0,108529.0,108542.0,300
2026-06-23 14:10:00,108543.0,108570.0,108541.0,108556.0,300
2026-06-23 14:15:00,108557.0,108565.0,108532.0,108532.0,300
2026-06-23 14:20:00,108531.0,108537.0,108499.0,108505.0,300
2026-06-23 14:25:00,108504.0,108518.0,108477.0,108516.0,300
2026-06-23 14:30:00,108518.0,108540.0,108497.0,108531.0,300
2026-06-23 14:35:00,108532.0,108555.0,108523.0,108537.0,300
2026-06-23 14:40:00,108536.0,108550.0,108530.0,108536.0,300
2026-06-23 14:45:00,108537.0,108578.0,108537.0,108541.0,300
2026-06-23 14:50:00,108540.0,108549.0,108519.0,108549.0,300
2026-06-23 14:55:00,108551.0,108572.0,108538.0,108539.0,300
2026-06-23 15:00:00,108537.0,108584.0,108536.0,108552.0,300
2026-06-23 15:05:00,108550.0,108599.0,108550.0,108591.0,300
2026-06-23 15:10:00,108589.0,108615.0,108576.0,108585.0,300
2026-06-23 15:15:00,108586.0,108604.0,108561.0,108566.0,300
2026-06-23 15:20:00,108564.0,108568.0,108529.0,108561.0,300
2026-06-23 15:25:00,108559.0,108598.0,108555.0,108555.0,300
2026-06-23 15:30:00,108554.0,108561.0,108523.0,108541.0,300
2026-06-23 15:35:00,108543.0,108589.0,108525.0,108567.0,300
2026-06-23 15:40:00,108568.0,108599.0,108564.0,108584.0,300
2026-06-23 15:45:00,108583.0,108613.0,108578.0,108586.0,300
2026-06-23 15:50:00,108588.0,108612.0,108576.0,108607.0,300
2026-06-23 15:55:00,108606.0,108646.0,108599.0,108630.0,300
2026-06-23 16:00:00,108628.0,108638.0,108613.0,108622.0,300
2026-06-23 16:05:00,108620.0,108634.0,108599.0,108623.0,300
2026-06-23 16:10:00,108625.0,108650.0,108604.0,108614.0,300
2026-06-23 16:15:00,108616.0,108616.0,108572.0,108576.0,300
2026-06-23 16:20:00,108577.0,108611.0,108574.0,108584.0,300
2026-06-23 16:25:00,108582.0,108594.0,108566.0,108573.0,300
2026-06-23 16:30:00,108575.0,108584.0,108547.0,108580.0,300
2026-06-23 16:35:00,108581.0,108581.0,108544.0,108559.0,300
2026-06-23 16:40:00,108561.0,108562.0,108532.0,108551.0,300
2026-06-23 16:45:00,108550.0,108587.0,108547.0,108574.0,300
2026-06-23 16:50:00,108576.0,108599.0,108565.0,108593.0,300
2026-06-23 16:55:00,108591.0,108593.0,108544.0,108557.0,300
2026-06-23 17:00:00,108556.0,108566.0,108537.0,108541.0,300
2026-06-23 17:05:00,108540.0,108553.0,108529.0,108533.0,300
2026-06-23 17:10:00,108531.0,108544.0,108514.0,108535.0,300
2026-06-23 17:15:00,108533.0,108571.0,108533.0,108558.0,300
2026-06-23 17:20:00,108557.0,108600.0,108551.0,108599.0,300
2026-06-23 17:25:00,108601.0,108604.0,108569.0,108597.0,300
2026-06-23 17:30:00,108599.0,108627.0,108585.0,108623.0,300
2026-06-23 17:35:00,108621.0,108631.0,108593.0,108593.0,300
2026-06-23 17:40:00,108595.0,108611.0,108576.0,108608.0,300
2026-06-23 17:45:00,108610.0,108634.0,108581.0,108622.0,300
2026-06-23 17:50:00,108621.0,108655.0,108619.0,108652.0,300
2026-06-23 17:55:00,108650.0,108664.0,108630.0,108660.0,300
2026-06-23 18:00:00,108661.0,108668.0,108626.0,108654.0,300
2026-06-23 18:05:00,108653.0,108655.0,108604.0,108607.0,300
2026-06-23 18:10:00,108606.0,108644.0,108594.0,108641.0,300
2026-06-23 18:15:00,108642.0,108683.0,108638.0,108679.0,300
2026-06-23 18:20:00,108677.0,108680.0,108620.0,108635.0,300
2026-06-23 18:25:00,108637.0,108645.0,108610.0,108635.0,300
2026-06-23 18:30:00,108633.0,108640.0,108585.0,108585.0,300
2026-06-23 18:35:00,108587.0,108598.0,108566.0,108569.0,300
2026-06-23 18:40:00,108571.0,108601.0,108568.0,108596.0,300
2026-06-23 18:45:00,108598.0,108609.0,108571.0,108579.0,300
2026-06-23 18:50:00,108580.0,108581.0,108551.0,108570.0,300
2026-06-23 18:55:00,108572.0,108576.0,108550.0,108559.0,300
2026-06-23 19:00:00,108560.0,108562.0,108505.0,108522.0,300
2026-06-23 19:05:00,108521.0,108554.0,108519.0,108544.0,300
2026-06-23 19:10:00,108545.0,108593.0,108545.0,108582.0,300
2026-06-23 19:15:00,108583.0,108593.0,108530.0,108532.0,300
2026-06-23 19:20:00,108530.0,108561.0,108527.0,108559.0,300
2026-06-23 19:25:00,108557.0,108558.0,108493.0,108501.0,300
2026-06-23 19:30:00,108500.0,108515.0,108472.0,108485.0,300
2026-06-23 19:35:00,108484.0,108498.0,108447.0,108483.0,300
2026-06-23 19:40:00,108484.0,108501.0,108458.0,108468.0,300
2026-06-23 19:45:00,108470.0,108486.0,108455.0,108471.0,300
2026-06-23 19:50:00,108473.0,108507.0,108454.0,108502.0,300
2026-06-23 19:55:00,108504.0,108534.0,108500.0,108534.0,300
2026-06-23 20:00:00,108532.0,108572.0,108528.0,108570.0,300
2026-06-23 20:05:00,108569.0,108571.0,108539.0,108568.0,300
2026-06-23 20:10:00,108567.0,108574.0,108548.0,108566.0,300
2026-06-23 20:15:00,108565.0,108580.0,108528.0,108528.0,300
2026-06-23 20:20:00,108526.0,108584.0,108525.0,108567.0,300
2026-06-23 20:25:00,108568.0,108601.0,108561.0,108594.0,300
2026-06-23 20:30:00,108592.0,108605.0,108582.0,108603.0,300
2026-06-23 20:35:00,108602.0,108627.0,108600.0,108619.0,300
2026-06-23 20:40:00,108621.0,108630.0,108592.0,108626.0,300
2026-06-23 20:45:00,108627.0,108632.0,108602.0,108603.0,300
2026-06-23 20:50:00,108602.0,108611.0,108549.0,108549.0,300
2026-06-23 20:55:00,108547.0,108548.0,108530.0,108545.0,300
2026-06-23 21:00:00,108546.0,108562.0,108537.0,108539.0,300
2026-06-23 21:05:00,108538.0,108539.0,108460.0,108463.0,300
2026-06-23 21:10:00,108461.0,108464.0,108419.0,108455.0,300
2026-06-23 21:15:00,108457.0,108486.0,108456.0,108476.0,300
2026-06-23 21:20:00,108477.0,108495.0,108437.0,108453.0,300
2026-06-23 21:25:00,108455.0,108467.0,108443.0,108465.0,300
2026-06-23 21:30:00,108463.0,108497.0,108448.0,108481.0,300
2026-06-23 21:35:00,108480.0,108499.0,108456.0,108460.0,300
2026-06-23 21:40:00,108459.0,108473.0,108407.0,108407.0,300
2026-06-23 21:45:00,108409.0,108430.0,108403.0,108418.0,300
2026-06-23 21:50:00,108420.0,108448.0,108404.0,108407.0,300
2026-06-23 21:55:00,108406.0,108417.0,108355.0,108355.0,300
2026-06-23 22:00:00,108356.0,108367.0,108334.0,108357.0,300
2026-06-23 22:05:00,108355.0,108420.0,108354.0,108412.0,300
2026-06-23 22:10:00,108413.0,108441.0,108395.0,108439.0,300
2026-06-23 22:15:00,108441.0,108513.0,108436.0,108511.0,300
2026-06-23 22:20:00,108510.0,108543.0,108508.0,108528.0,300
2026-06-23 22:25:00,108526.0,108570.0,108517.0,108567.0,300
2026-06-23 22:30:00,108569.0,108577.0,108553.0,108571.0,300
2026-06-23 22:35:00,108572.0,108588.0,108552.0,108561.0,300
2026-06-23 22:40:00,108562.0,108565.0,108528.0,108541.0,300
2026-06-23 22:45:00,108539.0,108560.0,108524.0,108544.0,300
2026-06-23 22:50:00,108546.0,108560.0,108513.0,108556.0,300
2026-06-23 22:55:00,108557.0,108610.0,108557.0,108569.0,300
2026-06-23 23:00:00,108567.0,108588.0,108539.0,108566.0,300
2026-06-23 23:05:00,108565.0,108574.0,108542.0,108566.0,300
2026-06-23 23:10:00,108565.0,108609.0,108563.0,108599.0,300
2026-06-23 23:15:00,108601.0,108642.0,108591.0,108634.0,300
2026-06-23 23:20:00,108635.0,108647.0,108618.0,108619.0,300
2026-06-23 23:25:00,108617.0,108628.0,108594.0,108627.0,300
2026-06-23 23:30:00,108629.0,108682.0,108628.0,108673.0,300
2026-06-23 23:35:00,108674.0,108707.0,108668.0,108700.0,299
2026-06-23 23:40:00,108701.0,108727.0,108675.0,108701.0,300
2026-06-23 23:45:00,108699.0,108717.0,108684.0,108698.0,300
2026-06-23 23:50:00,108699.0,108708.0,108655.0,108674.0,300
2026-06-23 23:55:00,108672.0,108682.0,108662.0,108680.0,300
2026-06-24 00:00:00,108678.0,108719.0,108664.0,108714.0,300
2026-06-24 00:05:00,108715.0,108743.0,108702.0,108728.0,300
2026-06-24 00:10:00,108727.0,108756.0,108711.0,108727.0,300
2026-06-24 00:15:00,108729.0,108730.0,108686.0,108701.0,300
2026-06-24 00:20:00,108700.0,108744.0,108695.0,108742.0,300
2026-06-24 00:25:00,108744.0,108745.0,108713.0,108741.0,300
2026-06-24 00:30:00,108739.0,108784.0,108737.0,108775.0,300
2026-06-24 00:35:00,108776.0,108800.0,108772.0,108791.0,300
2026-06-24 00:40:00,108790.0,108849.0,108784.0,108847.0,300
2026-06-24 00:45:00,108849.0,108891.0,108840.0,108875.0,300
2026-06-24 00:50:00,108876.0,108880.0,108844.0,108858.0,300
2026-06-24 00:55:00,108856.0,108866.0,108820.0,108854.0,300
2026-06-24 01:00:00,108853.0,108895.0,108849.0,108889.0,300
2026-06-24 01:05:00,108890.0,108907.0,108860.0,108898.0,300
2026-06-24 01:10:00,108897.0,108915.0,108871.0,108883.0,300
2026-06-24 01:15:00,108884.0,108910.0,108872.0,108892.0,300
2026-06-24 01:20:00,108891.0,108993.0,108891.0,108984.0,300
2026-06-24 01:25:00,108985.0,109019.0,108975.0,108978.0,300
2026-06-24 01:30:00,108980.0,108995.0,108959.0,108962.0,300
2026-06-24 01:35:00,108961.0,108969.0,108913.0,108926.0,300
2026-06-24 01:40:00,108925.0,108933.0,108905.0,108922.0,300
2026-06-24 01:45:00,108923.0,108974.0,108918.0,108966.0,300
2026-06-24 01:50:00,108968.0,108971.0,108919.0,108919.0,300
2026-06-24 01:55:00,108920.0,108939.0,108892.0,108914.0,300
2026-06-24 02:00:00,108913.0,108937.0,108896.0,108920.0,300
2026-06-24 02:05:00,108919.0,108934.0,108893.0,108901.0,300
2026-06-24 02:10:00,108903.0,108928.0,108887.0,108898.0,300
2026-06-24 02:15:00,108897.0,108908.0,108872.0,108887.0,300
2026-06-24 02:20:00,108889.0,108900.0,108871.0,108897.0,300
2026-06-24 02:25:00,108898.0,108949.0,108880.0,108927.0,300
2026-06-24 02:30:00,108928.0,108942.0,108905.0,108919.0,300
2026-06-24 02:35:00,108920.0,108925.0,108892.0,108902.0,300
2026-06-24 02:40:00,108903.0,108920.0,108885.0,108897.0,300
2026-06-24 02:45:00,108899.0,108911.0,108843.0,108854.0,300
2026-06-24 02:50:00,108855.0,108857.0,108831.0,108841.0,300
2026-06-24 02:55:00,108839.0,108856.0,108802.0,108813.0,300
2026-06-24 03:00:00,108811.0,108830.0,108802.0,108815.0,300
2026-06-24 03:05:00,108813.0,108822.0,108772.0,108775.0,300
2026-06-24 03:10:00,108774.0,108774.0,108724.0,108755.0,300
2026-06-24 03:15:00,108753.0,108764.0,108735.0,108735.0,300
2026-06-24 03:20:00,108736.0,108742.0,108700.0,108707.0,300
2026-06-24 03:25:00,108709.0,108747.0,108702.0,108746.0,300
2026-06-24 03:30:00,108748.0,108760.0,108715.0,108728.0,300
2026-06-24 03:35:00,108730.0,108767.0,108724.0,108748.0,300
2026-06-24 03:40:00,108746.0,108765.0,108721.0,108738.0,300
2026-06-24 03:45:00,108737.0,108749.0,108698.0,108708.0,300
2026-06-24 03:50:00,108710.0,108712.0,108685.0,108697.0,300
2026-06-24 03:55:00,108698.0,108700.0,108633.0,108658.0,300
2026-06-24 04:00:00,108657.0,108691.0,108646.0,108680.0,300
2026-06-24 04:05:00,108682.0,108714.0,108674.0,108707.0,300
2026-06-24 04:10:00,108708.0,108768.0,108698.0,108751.0,300
2026-06-24 04:15:00,108753.0,108760.0,108735.0,108748.0,300
2026-06-24 04:20:00,108746.0,108783.0,108723.0,108772.0,300
2026-06-24 04:25:00,108771.0,108781.0,108751.0,108762.0,300
2026-06-24 04:30:00,108763.0,108785.0,108739.0,108742.0,300
2026-06-24 04:35:00,108743.0,108791.0,108724.0,108783.0,300
2026-06-24 04:40:00,108782.0,108793.0,108759.0,108772.0,300
2026-06-24 04:45:00,108773.0,108800.0,108766.0,108790.0,300
2026-06-24 04:50:00,108788.0,108813.0,108788.0,108808.0,300
2026-06-24 04:55:00,108806.0,108835.0,108783.0,108834.0,300
2026-06-24 05:00:00,108832.0,108859.0,108819.0,108840.0,300
2026-06-24 05:05:00,108842.0,108847.0,108816.0,108839.0,300
2026-06-24 05:10:00,108837.0,108867.0,108832.0,108851.0,300
2026-06-24 05:15:00,108853.0,108861.0,108832.0,108846.0,300
2026-06-24 05:20:00,108847.0,108851.0,108815.0,108828.0,300
2026-06-24 05:25:00,108826.0,108846.0,108810.0,108840.0,300
2026-06-24 05:30:00,108839.0,108867.0,108828.0,108864.0,300
2026-06-24 05:35:00,108866.0,108870.0,108826.0,108859.0,300
2026-06-24 05:40:00,108860.0,108863.0,108831.0,108852.0,300
2026-06-24 05:45:00,108854.0,108886.0,108829.0,108880.0,300
2026-06-24 05:50:00,108882.0,108902.0,108877.0,108895.0,300
2026-06-24 05:55:00,108894.0,108904.0,108860.0,108862.0,300
2026-06-24 06:00:00,108860.0,108874.0,108841.0,108856.0,300
2026-06-24 06:05:00,108855.0,108883.0,108847.0,108861.0,300
2026-06-24 06:10:00,108860.0,108914.0,108853.0,108909.0,300
2026-06-24 06:15:00,108910.0,108915.0,108867.0,108886.0,300
2026-06-24 06:20:00,108885.0,108914.0,108876.0,108914.0,300
2026-06-24 06:25:00,108912.0,108922.0,108892.0,108905.0,300
2026-06-24 06:30:00,108903.0,108906.0,108852.0,108892.0,300
2026-06-24 06:35:00,108890.0,108902.0,108866.0,108867.0,300
2026-06-24 06:40:00,108865.0,108868.0,108816.0,108837.0,300
2026-06-24 06:45:00,108839.0,108858.0,108799.0,108801.0,300
2026-06-24 06:50:00,108803.0,108820.0,108790.0,108802.0,300
2026-06-24 06:55:00,108800.0,108807.0,108758.0,108762.0,300
2026-06-24 07:00:00,108764.0,108781.0,108758.0,108760.0,300
2026-06-24 07:05:00,108761.0,108762.0,108727.0,108734.0,300
2026-06-24 07:10:00,108733.0,108740.0,108683.0,108697.0,300
2026-06-24 07:15:00,108698.0,108742.0,108690.0,108724.0,300
2026-06-24 07:20:00,108723.0,108767.0,108721.0,108761.0,300
2026-06-24 07:25:00,108759.0,108780.0,108746.0,108769.0,300
2026-06-24 07:30:00,108767.0,108821.0,108765.0,108821.0,300
2026-06-24 07:35:00,108820.0,108832.0,108806.0,108810.0,300
2026-06-24 07:40:00,108808.0,108821.0,108786.0,108815.0,300
2026-06-24 07:45:00,108814.0,108817.0,108778.0,108782.0,300
2026-06-24 07:50:00,108784.0,108792.0,108762.0,108764.0,300
2026-06-24 07:55:00,108762.0,108765.0,108737.0,108749.0,300
2026-06-24 08:00:00,108751.0,108759.0,108727.0,108737.0,300
2026-06-24 08:05:00,108739.0,108758.0,108733.0,108752.0,300
2026-06-24 08:10:00,108754.0,108757.0,108703.0,108713.0,300
2026-06-24 08:15:00,108715.0,108762.0,108708.0,108757.0,300
2026-06-24 08:20:00,108759.0,108774.0,108742.0,108770.0,300
2026-06-24 08:25:00,108769.0,108844.0,108756.0,108834.0,300
2026-06-24 08:30:00,108833.0,108868.0,108831.0,108859.0,300
2026-06-24 08:35:00,108857.0,108857.0,108807.0,108809.0,300
2026-06-24 08:40:00,108808.0,108810.0,108764.0,108786.0,298
2026-06-24 08:45:00,108785.0,108797.0,108768.0,108778.0,300
2026-06-24 08:50:00,108780.0,108790.0,108738.0,108755.0,300
2026-06-24 08:55:00,108753.0,108798.0,108753.0,108796.0,300
2026-06-24 09:00:00,108798.0,108820.0,108798.0,108808.0,300
2026-06-24 09:05:00,108806.0,108852.0,108784.0,108837.0,300
2026-06-24 09:10:00,108835.0,108840.0,108812.0,108826.0,300
2026-06-24 09:15:00,108828.0,108876.0,108818.0,108841.0,300
2026-06-24 09:20:00,108843.0,108855.0,108805.0,108811.0,300
2026-06-24 09:25:00,108810.0,108831.0,108806.0,108815.0,300
2026-06-24 09:30:00,108814.0,108816.0,108783.0,108799.0,300
2026-06-24 09:35:00,108801.0,108803.0,108774.0,108777.0,300
2026-06-24 09:40:00,108775.0,108781.0,108725.0,108725.0,300
2026-06-24 09:45:00,108727.0,108745.0,108712.0,108735.0,300
2026-06-24 09:50:00,108734.0,108741.0,108706.0,108710.0,300
2026-06-24 09:55:00,108712.0,108750.0,108707.0,108734.0,300
2026-06-24 10:00:00,108735.0,108739.0,108692.0,108701.0,300
2026-06-24 10:05:00,108700.0,108733.0,108686.0,108688.0,300
2026-06-24 10:10:00,108689.0,108703.0,108671.0,108689.0,300
2026-06-24 10:15:00,108690.0,108700.0,108666.0,108691.0,300
2026-06-24 10:20:00,108693.0,108704.0,108673.0,108694.0,300
2026-06-24 10:25:00,108692.0,108699.0,108631.0,108635.0,300
2026-06-24 10:30:00,108634.0,108639.0,108592.0,108600.0,300
2026-06-24 10:35:00,108601.0,108617.0,108596.0,108605.0,300
2026-06-24 10:40:00,108604.0,108612.0,108582.0,108605.0,300
2026-06-24 10:45:00,108603.0,108631.0,108587.0,108610.0,300
2026-06-24 10:50:00,108609.0,108611.0,108548.0,108583.0,300
2026-06-24 10:55:00,108582.0,108585.0,108546.0,108548.0,300
2026-06-24 11:00:00,108550.0,108563.0,108527.0,108535.0,300
2026-06-24 11:05:00,108536.0,108558.0,108510.0,108514.0,300
2026-06-24 11:10:00,108515.0,108516.0,108447.0,108455.0,300
2026-06-24 11:15:00,108454.0,108481.0,108453.0,108456.0,300
2026-06-24 11:20:00,108457.0,108469.0,108440.0,108462.0,300
2026-06-24 11:25:00,108463.0,108492.0,108457.0,108482.0,300
2026-06-24 11:30:00,108483.0,108502.0,108471.0,108492.0,300
2026-06-24 11:35:00,108490.0,108501.0,108477.0,108494.0,300
2026-06-24 11:40:00,108493.0,108508.0,108465.0,108473.0,300
2026-06-24 11:45:00,108474.0,108511.0,108463.0,108470.0,300
2026-06-24 11:50:00,108469.0,108492.0,108461.0,108474.0,300
2026-06-24 11:55:00,108475.0,108492.0,108467.0,108479.0,300
2026-06-24 12:00:00,108481.0,108491.0,108453.0,108462.0,300
2026-06-24 12:05:00,108460.0,108479.0,108455.0,108473.0,300
2026-06-24 12:10:00,108475.0,108475.0,108442.0,108446.0,300
2026-06-24 12:15:00,108447.0,108447.0,108391.0,108403.0,300
2026-06-24 12:20:00,108404.0,108406.0,108355.0,108373.0,300
2026-06-24 12:25:00,108372.0,108402.0,108355.0,108401.0,300
2026-06-24 12:30:00,108403.0,108455.0,108401.0,108451.0,300
2026-06-24 12:35:00,108453.0,108479.0,108447.0,108463.0,300
2026-06-24 12:40:00,108461.0,108462.0,108435.0,108446.0,300
2026-06-24 12:45:00,108444.0,108446.0,108409.0,108421.0,300
2026-06-24 12:50:00,108419.0,108419.0,108364.0,108366.0,300
2026-06-24 12:55:00,108368.0,108371.0,108336.0,108354.0,300
2026-06-24 13:00:00,108353.0,108363.0,108340.0,108356.0,300
2026-06-24 13:05:00,108354.0,108354.0,108329.0,108341.0,300
2026-06-24 13:10:00,108342.0,108347.0,108296.0,108305.0,300
2026-06-24 13:15:00,108306.0,108306.0,108235.0,108235.0,300
2026-06-24 13:20:00,108233.0,108244.0,108216.0,108233.0,300
2026-06-24 13:25:00,108231.0,108232.0,108185.0,108198.0,300
2026-06-24 13:30:00,108200.0,108217.0,108175.0,108203.0,300
2026-06-24 13:35:00,108202.0,108263.0,108201.0,108239.0,300
2026-06-24 13:40:00,108240.0,108293.0,108229.0,108293.0,300
2026-06-24 13:45:00,108291.0,108326.0,108291.0,108308.0,300
2026-06-24 13:50:00,108310.0,108327.0,108295.0,108312.0,300
2026-06-24 13:55:00,108311.0,108337.0,108310.0,108325.0,300
2026-06-24 14:00:00,108324.0,108342.0,108314.0,108330.0,300
2026-06-24 14:05:00,108328.0,108352.0,108319.0,108332.0,300
2026-06-24 14:10:00,108331.0,108380.0,108330.0,108370.0,300
2026-06-24 14:15:00,108371.0,108377.0,108309.0,108311.0,300
2026-06-24 14:20:00,108309.0,108316.0,108279.0,108280.0,300
2026-06-24 14:25:00,108282.0,108284.0,108233.0,108235.0,300
2026-06-24 14:30:00,108236.0,108252.0,108227.0,108233.0,300
2026-06-24 14:35:00,108234.0,108244.0,108203.0,108215.0,300
2026-06-24 14:40:00,108214.0,108225.0,108172.0,108181.0,300
2026-06-24 14:45:00,108182.0,108203.0,108155.0,108174.0,300
2026-06-24 14:50:00,108175.0,108199.0,108170.0,108176.0,300
2026-06-24 14:55:00,108174.0,108185.0,108158.0,108178.0,300
2026-06-24 15:00:00,108177.0,108206.0,108169.0,108181.0,300
2026-06-24 15:05:00,108179.0,108234.0,108176.0,108230.0,300
2026-06-24 15:10:00,108232.0,108272.0,108213.0,108254.0,300
2026-06-24 15:15:00,108252.0,108256.0,108222.0,108237.0,300
2026-06-24 15:20:00,108238.0,108245.0,108187.0,108187.0,300
2026-06-24 15:25:00,108188.0,108195.0,108162.0,108172.0,300
2026-06-24 15:30:00,108171.0,108175.0,108123.0,108131.0,300
2026-06-24 15:35:00,108129.0,108162.0,108125.0,108129.0,300
2026-06-24 15:40:00,108128.0,108152.0,108126.0,108135.0,300
2026-06-24 15:45:00,108137.0,108186.0,108121.0,108127.0,300
2026-06-24 15:50:00,108125.0,108135.0,108067.0,108070.0,300
2026-06-24 15:55:00,108071.0,108081.0,108041.0,108043.0,300
2026-06-24 16:00:00,108045.0,108074.0,108044.0,108056.0,300
2026-06-24 16:05:00,108057.0,108067.0,108029.0,108058.0,300
2026-06-24 16:10:00,108056.0,108095.0,108054.0,108087.0,300
2026-06-24 16:15:00,108085.0,108097.0,108068.0,108075.0,300
2026-06-24 16:20:00,108073.0,108101.0,108067.0,108083.0,300
2026-06-24 16:25:00,108085.0,108094.0,108068.0,108087.0,300
2026-06-24 16:30:00,108086.0,108117.0,108065.0,108109.0,300
2026-06-24 16:35:00,108110.0,108118.0,108077.0,108084.0,300
2026-06-24 16:40:00,108083.0,108087.0,108057.0,108078.0,300
2026-06-24 16:45:00,108077.0,108077.0,108022.0,108033.0,300
2026-06-24 16:50:00,108035.0,108067.0,107986.0,108000.0,300
2026-06-24 16:55:00,108002.0,108059.0,108001.0,108036.0,300
2026-06-24 17:00:00,108035.0,108077.0,108033.0,108073.0,300
2026-06-24 17:05:00,108071.0,108072.0,108040.0,108051.0,300
2026-06-24 17:10:00,108050.0,108068.0,108045.0,108050.0,300
2026-06-24 17:15:00,108051.0,108051.0,108012.0,108020.0,300
2026-06-24 17:20:00,108018.0,108058.0,108015.0,108054.0,300
2026-06-24 17:25:00,108053.0,108066.0,108017.0,108023.0,300
2026-06-24 17:30:00,108025.0,108033.0,107999.0,108011.0,300
2026-06-24 17:35:00,108013.0,108033.0,107994.0,108021.0,300
2026-06-24 17:40:00,108022.0,108044.0,107979.0,107980.0,300
2026-06-24 17:45:00,107981.0,107991.0,107929.0,107936.0,300
2026-06-24 17:50:00,107937.0,107970.0,107930.0,107965.0,300
2026-06-24 17:55:00,107967.0,107995.0,107949.0,107991.0,300
2026-06-24 18:00:00,107989.0,108009.0,107988.0,107996.0,300
2026-06-24 18:05:00,107997.0,108028.0,107987.0,108025.0,300
2026-06-24 18:10:00,108024.0,108027.0,107993.0,108007.0,300
2026-06-24 18:15:00,108009.0,108018.0,107988.0,108008.0,300
2026-06-24 18:20:00,108007.0,108015.0,107962.0,107984.0,300
2026-06-24 18:25:00,107985.0,107999.0,107961.0,107990.0,300
2026-06-24 18:30:00,107989.0,108015.0,107968.0,107981.0,300
2026-06-24 18:35:00,107983.0,108020.0,107981.0,108016.0,300
2026-06-24 18:40:00,108014.0,108028.0,107992.0,108028.0,300
2026-06-24 18:45:00,108029.0,108038.0,107986.0,108016.0,300
2026-06-24 18:50:00,108014.0,108038.0,108008.0,108019.0,300
2026-06-24 18:55:00,108017.0,108071.0,108017.0,108069.0,300
2026-06-24 19:00:00,108070.0,108076.0,108018.0,108044.0,300
2026-06-24 19:05:00,108046.0,108056.0,108020.0,108039.0,300
2026-06-24 19:10:00,108038.0,108046.0,108009.0,108043.0,300
2026-06-24 19:15:00,108044.0,108050.0,107991.0,107996.0,300
2026-06-24 19:20:00,107998.0,108019.0,107984.0,108012.0,300
2026-06-24 19:25:00,108014.0,108074.0,108005.0,108070.0,300
2026-06-24 19:30:00,108071.0,108094.0,108057.0,108091.0,300
2026-06-24 19:35:00,108093.0,108094.0,108035.0,108053.0,300
2026-06-24 19:40:00,108051.0,108086.0,108051.0,108079.0,300
2026-06-24 19:45:00,108081.0,108083.0,108038.0,108044.0,300
2026-06-24 19:50:00,108042.0,108082.0,108034.0,108082.0,300
2026-06-24 19:55:00,108084.0,108108.0,108074.0,108086.0,300
2026-06-24 20:00:00,108084.0,108110.0,108076.0,108103.0,300
2026-06-24 20:05:00,108104.0,108115.0,108059.0,108059.0,300
2026-06-24 20:10:00,108058.0,108111.0,108048.0,108111.0,300
2026-06-24 20:15:00,108112.0,108169.0,108107.0,108166.0,300
2026-06-24 20:20:00,108167.0,108195.0,108161.0,108191.0,300
2026-06-24 20:25:00,108190.0,108208.0,108166.0,108197.0,300
2026-06-24 20:30:00,108196.0,108239.0,108195.0,108234.0,300
2026-06-24 20:35:00,108235.0,108313.0,108234.0,108299.0,300
2026-06-24 20:40:00,108297.0,108308.0,108278.0,108300.0,300
2026-06-24 20:45:00,108301.0,108310.0,108286.0,108293.0,300
2026-06-24 20:50:00,108291.0,108294.0,108216.0,108226.0,300
2026-06-24 20:55:00,108227.0,108235.0,108205.0,108211.0,300
2026-06-24 21:00:00,108212.0,108212.0,108148.0,108171.0,300
2026-06-24 21:05:00,108169.0,108208.0,108166.0,108201.0,300
2026-06-24 21:10:00,108202.0,108213.0,108189.0,108199.0,300
2026-06-24 21:15:00,108198.0,108208.0,108171.0,108194.0,300
2026-06-24 21:20:00,108195.0,108206.0,108178.0,108180.0,300
2026-06-24 21:25:00,108179.0,108199.0,108155.0,108194.0,300
2026-06-24 21:30:00,108195.0,108214.0,108135.0,108153.0,300
2026-06-24 21:35:00,108154.0,108175.0,108135.0,108162.0,300
2026-06-24 21:40:00,108164.0,108221.0,108158.0,108194.0,300
2026-06-24 21:45:00,108195.0,108204.0,108180.0,108184.0,300
2026-06-24 21:50:00,108183.0,108194.0,108171.0,108194.0,300
2026-06-24 21:55:00,108193.0,108248.0,108184.0,108246.0,300
2026-06-24 22:00:00,108245.0,108250.0,108195.0,108196.0,300
2026-06-24 22:05:00,108194.0,108217.0,108176.0,108186.0,300
2026-06-24 22:10:00,108184.0,108186.0,108140.0,108155.0,300
2026-06-24 22:15:00,108156.0,108181.0,108127.0,108128.0,300
2026-06-24 22:20:00,108129.0,108165.0,108119.0,108155.0,300
2026-06-24 22:25:00,108156.0,108179.0,108153.0,108170.0,300
2026-06-24 22:30:00,108168.0,108216.0,108153.0,108208.0,300
2026-06-24 22:35:00,108209.0,108248.0,108194.0,108232.0,300
2026-06-24 22:40:00,108230.0,108277.0,108228.0,108270.0,300
2026-06-24 22:45:00,108272.0,108296.0,108250.0,108280.0,300
2026-06-24 22:50:00,108282.0,108300.0,108265.0,108282.0,300
2026-06-24 22:55:00,108284.0,108295.0,108267.0,108274.0,300
2026-06-24 23:00:00,108276.0,108307.0,108276.0,108284.0,300
2026-06-24 23:05:00,108285.0,108293.0,108268.0,108273.0,300
2026-06-24 23:10:00,108271.0,108302.0,108265.0,108292.0,300
2026-06-24 23:15:00,108293.0,108339.0,108284.0,108333.0,300
2026-06-24 23:20:00,108331.0,108335.0,108309.0,108326.0,300
2026-06-24 23:25:00,108327.0,108366.0,108322.0,108361.0,300
2026-06-24 23:30:00,108360.0,108367.0,108324.0,108345.0,300
2026-06-24 23:35:00,108343.0,108361.0,108335.0,108343.0,300
2026-06-24 23:40:00,108345.0,108351.0,108314.0,108331.0,300
2026-06-24 23:45:00,108332.0,108354.0,108330.0,108337.0,300
2026-06-24 23:50:00,108336.0,108343.0,108318.0,108341.0,300
2026-06-24 23:55:00,108342.0,108354.0,108302.0,108321.0,300
2026-06-25 00:00:00,108319.0,108327.0,108280.0,108308.0,300
2026-06-25 00:05:00,108310.0,108324.0,108298.0,108316.0,300
2026-06-25 00:10:00,108318.0,108328.0,108300.0,108306.0,300
2026-06-25 00:15:00,108307.0,108345.0,108304.0,108331.0,300
2026-06-25 00:20:00,108333.0,108360.0,108326.0,108354.0,300
2026-06-25 00:25:00,108356.0,108366.0,108325.0,108337.0,300
2026-06-25 00:30:00,108336.0,108350.0,108313.0,108320.0,300
2026-06-25 00:35:00,108321.0,108338.0,108309.0,108321.0,300
2026-06-25 00:40:00,108319.0,108322.0,108297.0,108318.0,300
2026-06-25 00:45:00,108319.0,108362.0,108301.0,108348.0,300
2026-06-25 00:50:00,108347.0,108347.0,108296.0,108296.0,300
2026-06-25 00:55:00,108294.0,108324.0,108283.0,108307.0,300
2026-06-25 01:00:00,108309.0,108335.0,108307.0,108307.0,300
2026-06-25 01:05:00,108306.0,108370.0,108304.0,108367.0,300
2026-06-25 01:10:00,108366.0,108373.0,108333.0,108357.0,300
2026-06-25 01:15:00,108355.0,108364.0,108307.0,108329.0,300
2026-06-25 01:20:00,108328.0,108349.0,108314.0,108341.0,300
2026-06-25 01:25:00,108339.0,108344.0,108323.0,108334.0,300
2026-06-25 01:30:00,108336.0,108338.0,108302.0,108326.0,300
2026-06-25 01:35:00,108324.0,108331.0,108289.0,108292.0,300
2026-06-25 01:40:00,108290.0,108301.0,108279.0,108301.0,300
2026-06-25 01:45:00,108302.0,108359.0,108296.0,108355.0,300
2026-06-25 01:50:00,108356.0,108364.0,108327.0,108340.0,300
2026-06-25 01:55:00,108339.0,108342.0,108303.0,108320.0,300
2026-06-25 02:00:00,108321.0,108330.0,108266.0,108276.0,300
2026-06-25 02:05:00,108274.0,108294.0,108257.0,108275.0,300
2026-06-25 02:10:00,108277.0,108319.0,108271.0,108295.0,300
2026-06-25 02:15:00,108296.0,108305.0,108266.0,108277.0,300
2026-06-25 02:20:00,108275.0,108333.0,108271.0,108330.0,300
2026-06-25 02:25:00,108331.0,108339.0,108308.0,108319.0,300
2026-06-25 02:30:00,108317.0,108344.0,108310.0,108339.0,300
2026-06-25 02:35:00,108338.0,108343.0,108310.0,108314.0,300
2026-06-25 02:40:00,108315.0,108318.0,108289.0,108301.0,300
2026-06-25 02:45:00,108300.0,108335.0,108299.0,108319.0,300
2026-06-25 02:50:00,108320.0,108336.0,108308.0,108335.0,300
2026-06-25 02:55:00,108336.0,108399.0,108332.0,108398.0,300
2026-06-25 03:00:00,108400.0,108426.0,108397.0,108406.0,300
2026-06-25 03:05:00,108408.0,108449.0,108408.0,108439.0,300
2026-06-25 03:10:00,108440.0,108441.0,108383.0,108389.0,300
2026-06-25 03:15:00,108387.0,108391.0,108353.0,108363.0,300
2026-06-25 03:20:00,108361.0,108387.0,108352.0,108385.0,300
2026-06-25 03:25:00,108384.0,108411.0,108375.0,108377.0,300
2026-06-25 03:30:00,108378.0,108378.0,108342.0,108352.0,300
2026-06-25 03:35:00,108351.0,108363.0,108328.0,108363.0,300
2026-06-25 03:40:00,108364.0,108365.0,108320.0,108333.0,300
2026-06-25 03:45:00,108331.0,108342.0,108312.0,108334.0,300
2026-06-25 03:50:00,108335.0,108346.0,108305.0,108308.0,300
2026-06-25 03:55:00,108309.0,108309.0,108253.0,108258.0,300
2026-06-25 04:00:00,108259.0,108266.0,108215.0,108217.0,300
2026-06-25 04:05:00,108216.0,108299.0,108215.0,108276.0,300
2026-06-25 04:10:00,108275.0,108289.0,108226.0,108226.0,300
2026-06-25 04:15:00,108225.0,108232.0,108181.0,108183.0,300
2026-06-25 04:20:00,108185.0,108203.0,108157.0,108166.0,300
2026-06-25 04:25:00,108167.0,108167.0,108128.0,108141.0,300
2026-06-25 04:30:00,108142.0,108175.0,108142.0,108163.0,300
2026-06-25 04:35:00,108165.0,108198.0,108163.0,108186.0,300
2026-06-25 04:40:00,108187.0,108219.0,108181.0,108188.0,300
2026-06-25 04:45:00,108189.0,108241.0,108182.0,108224.0,300
2026-06-25 04:50:00,108226.0,108235.0,108178.0,108192.0,300
2026-06-25 04:55:00,108191.0,108211.0,108180.0,108192.0,300
2026-06-25 05:00:00,108191.0,108247.0,108187.0,108245.0,300
2026-06-25 05:05:00,108244.0,108252.0,108208.0,108222.0,300
2026-06-25 05:10:00,108223.0,108240.0,108205.0,108236.0,300
2026-06-25 05:15:00,108235.0,108287.0,108235.0,108279.0,300
2026-06-25 05:20:00,108277.0,108318.0,108274.0,108306.0,300
2026-06-25 05:25:00,108308.0,108317.0,108266.0,108275.0,300
2026-06-25 05:30:00,108277.0,108279.0,108246.0,108266.0,299
2026-06-25 05:35:00,108264.0,108268.0,108237.0,108237.0,301
2026-06-25 05:40:00,108235.0,108264.0,108231.0,108245.0,299
2026-06-25 05:45:00,108246.0,108267.0,108234.0,108252.0,301
2026-06-25 05:50:00,108251.0,108294.0,108242.0,108265.0,299
2026-06-25 05:55:00,108263.0,108275.0,108242.0,108245.0,300
2026-06-25 06:00:00,108244.0,108276.0,108219.0,108273.0,300
2026-06-25 06:05:00,108272.0,108285.0,108251.0,108267.0,300
2026-06-25 06:10:00,108266.0,108294.0,108263.0,108275.0,300
2026-06-25 06:15:00,108273.0,108287.0,108246.0,108283.0,300
2026-06-25 06:20:00,108281.0,108284.0,108265.0,108280.0,300
2026-06-25 06:25:00,108282.0,108293.0,108264.0,108283.0,300
2026-06-25 06:30:00,108281.0,108281.0,108241.0,108248.0,300
2026-06-25 06:35:00,108247.0,108270.0,108242.0,108265.0,300
2026-06-25 06:40:00,108264.0,108289.0,108254.0,108282.0,300
2026-06-25 06:45:00,108284.0,108305.0,108272.0,108284.0,300
2026-06-25 06:50:00,108286.0,108316.0,108272.0,108297.0,300
2026-06-25 06:55:00,108296.0,108307.0,108271.0,108293.0,300
2026-06-25 07:00:00,108295.0,108311.0,108264.0,108268.0,300
2026-06-25 07:05:00,108269.0,108274.0,108232.0,108243.0,300
2026-06-25 07:10:00,108244.0,108284.0,108236.0,108265.0,300
2026-06-25 07:15:00,108266.0,108292.0,108249.0,108290.0,300
2026-06-25 07:20:00,108289.0,108292.0,108244.0,108253.0,300
2026-06-25 07:25:00,108252.0,108257.0,108210.0,108214.0,300
2026-06-25 07:30:00,108212.0,108216.0,108176.0,108188.0,300
2026-06-25 07:35:00,108186.0,108187.0,108143.0,108166.0,300
2026-06-25 07:40:00,108164.0,108179.0,108119.0,108138.0,300
2026-06-25 07:45:00,108140.0,108174.0,108135.0,108139.0,300
2026-06-25 07:50:00,108140.0,108153.0,108112.0,108150.0,300
2026-06-25 07:55:00,108149.0,108151.0,108086.0,108095.0,300
2026-06-25 08:00:00,108094.0,108104.0,108075.0,108103.0,300
2026-06-25 08:05:00,108102.0,108125.0,108094.0,108104.0,300
2026-06-25 08:10:00,108102.0,108126.0,108083.0,108103.0,300
2026-06-25 08:15:00,108102.0,108144.0,108077.0,108137.0,300
2026-06-25 08:20:00,108136.0,108166.0,108122.0,108148.0,300
2026-06-25 08:25:00,108147.0,108173.0,108146.0,108172.0,300
2026-06-25 08:30:00,108174.0,108175.0,108119.0,108135.0,300
2026-06-25 08:35:00,108137.0,108147.0,108120.0,108133.0,300
2026-06-25 08:40:00,108134.0,108168.0,108129.0,108152.0,300
2026-06-25 08:45:00,108150.0,108153.0,108074.0,108086.0,300
2026-06-25 08:50:00,108088.0,108105.0,108058.0,108068.0,300
2026-06-25 08:55:00,108067.0,108108.0,108055.0,108108.0,300
2026-06-25 09:00:00,108110.0,108126.0,108087.0,108098.0,300
2026-06-25 09:05:00,108096.0,108107.0,108080.0,108106.0,300
2026-06-25 09:10:00,108105.0,108143.0,108096.0,108126.0,300
2026-06-25 09:15:00,108125.0,108157.0,108117.0,108136.0,300
2026-06-25 09:20:00,108138.0,108169.0,108133.0,108155.0,300
2026-06-25 09:25:00,108154.0,108174.0,108123.0,108133.0,300
2026-06-25 09:30:00,108131.0,108162.0,108124.0,108138.0,300
2026-06-25 09:35:00,108137.0,108188.0,108129.0,108182.0,300
2026-06-25 09:40:00,108183.0,108212.0,108182.0,108185.0,300
2026-06-25 09:45:00,108184.0,108192.0,108146.0,108149.0,300
2026-06-25 09:50:00,108148.0,108182.0,108148.0,108181.0,300
2026-06-25 09:55:00,108183.0,108207.0,108171.0,108193.0,300
2026-06-25 10:00:00,108195.0,108213.0,108169.0,108195.0,300
2026-06-25 10:05:00,108193.0,108227.0,108183.0,108196.0,300
2026-06-25 10:10:00,108197.0,108198.0,108167.0,108177.0,300
2026-06-25 10:15:00,108175.0,108181.0,108137.0,108142.0,300
2026-06-25 10:20:00,108141.0,108169.0,108105.0,108149.0,300
2026-06-25 10:25:00,108148.0,108180.0,108142.0,108180.0,300
2026-06-25 10:30:00,108179.0,108182.0,108154.0,108154.0,300
2026-06-25 10:35:00,108155.0,108169.0,108145.0,108149.0,300
2026-06-25 10:40:00,108148.0,108175.0,108144.0,108147.0,300
2026-06-25 10:45:00,108145.0,108154.0,108131.0,108151.0,300
2026-06-25 10:50:00,108153.0,108155.0,108106.0,108106.0,300
2026-06-25 10:55:00,108107.0,108113.0,108085.0,108098.0,300
2026-06-25 11:00:00,108097.0,108110.0,108060.0,108061.0,300
2026-06-25 11:05:00,108062.0,108067.0,108013.0,108022.0,300
2026-06-25 11:10:00,108024.0,108039.0,107979.0,107991.0,300
2026-06-25 11:15:00,107989.0,107999.0,107971.0,107979.0,300
2026-06-25 11:20:00,107977.0,107988.0,107957.0,107969.0,300
2026-06-25 11:25:00,107967.0,107977.0,107873.0,107875.0,300
2026-06-25 11:30:00,107873.0,107873.0,107845.0,107856.0,300
2026-06-25 11:35:00,107858.0,107873.0,107837.0,107841.0,300
2026-06-25 11:40:00,107842.0,107842.0,107802.0,107809.0,300
2026-06-25 11:45:00,107808.0,107856.0,107801.0,107846.0,300
2026-06-25 11:50:00,107844.0,107854.0,107828.0,107832.0,300
2026-06-25 11:55:00,107833.0,107836.0,107800.0,107814.0,300
2026-06-25 12:00:00,107813.0,107826.0,107800.0,107826.0,300
2026-06-25 12:05:00,107824.0,107853.0,107821.0,107828.0,300
2026-06-25 12:10:00,107827.0,107873.0,107825.0,107865.0,300
2026-06-25 12:15:00,107864.0,107879.0,107842.0,107846.0,300
2026-06-25 12:20:00,107848.0,107899.0,107843.0,107881.0,300
2026-06-25 12:25:00,107880.0,107885.0,107851.0,107873.0,300
2026-06-25 12:30:00,107871.0,107890.0,107852.0,107887.0,300
2026-06-25 12:35:00,107889.0,107902.0,107876.0,107894.0,300
2026-06-25 12:40:00,107893.0,107915.0,107884.0,107886.0,300
2026-06-25 12:45:00,107885.0,107958.0,107885.0,107911.0,300
2026-06-25 12:50:00,107913.0,107914.0,107866.0,107878.0,300
2026-06-25 12:55:00,107877.0,107891.0,107852.0,107883.0,300
2026-06-25 13:00:00,107881.0,107913.0,107876.0,107890.0,300
2026-06-25 13:05:00,107891.0,107911.0,107876.0,107893.0,300
2026-06-25 13:10:00,107892.0,107923.0,107871.0,107920.0,300
2026-06-25 13:15:00,107919.0,107935.0,107901.0,107931.0,300
2026-06-25 13:20:00,107933.0,107933.0,107877.0,107891.0,300
2026-06-25 13:25:00,107890.0,107938.0,107883.0,107929.0,300
2026-06-25 13:30:00,107928.0,107965.0,107918.0,107918.0,300
2026-06-25 13:35:00,107916.0,107936.0,107911.0,107934.0,300
2026-06-25 13:40:00,107933.0,107960.0,107924.0,107930.0,300
2026-06-25 13:45:00,107928.0,107975.0,107914.0,107965.0,300
2026-06-25 13:50:00,107964.0,108000.0,107955.0,107986.0,300
2026-06-25 13:55:00,107988.0,108006.0,107952.0,107954.0,300
2026-06-25 14:00:00,107952.0,107998.0,107948.0,107987.0,300
2026-06-25 14:05:00,107988.0,108013.0,107965.0,107995.0,300
2026-06-25 14:10:00,107997.0,108026.0,107991.0,108015.0,300
2026-06-25 14:15:00,108017.0,108036.0,108004.0,108024.0,300
2026-06-25 14:20:00,108025.0,108026.0,107953.0,107964.0,300
2026-06-25 14:25:00,107965.0,107983.0,107940.0,107942.0,300
2026-06-25 14:30:00,107940.0,107957.0,107918.0,107922.0,300
2026-06-25 14:35:00,107921.0,107923.0,107853.0,107864.0,300
2026-06-25 14:40:00,107863.0,107913.0,107858.0,107889.0,300
2026-06-25 14:45:00,107887.0,107898.0,107869.0,107893.0,300
2026-06-25 14:50:00,107892.0,107904.0,107879.0,107904.0,300
2026-06-25 14:55:00,107906.0,107924.0,107890.0,107898.0,300
2026-06-25 15:00:00,107897.0,107904.0,107882.0,107889.0,300
2026-06-25 15:05:00,107887.0,107922.0,107877.0,107897.0,300
2026-06-25 15:10:00,107899.0,107915.0,107893.0,107902.0,300
2026-06-25 15:15:00,107901.0,107925.0,107890.0,107892.0,300
2026-06-25 15:20:00,107890.0,107905.0,107870.0,107902.0,300
2026-06-25 15:25:00,107903.0,107924.0,107890.0,107905.0,300
2026-06-25 15:30:00,107906.0,107908.0,107882.0,107901.0,300
2026-06-25 15:35:00,107899.0,107917.0,107885.0,107912.0,300
2026-06-25 15:40:00,107910.0,107982.0,107909.0,107972.0,300
2026-06-25 15:45:00,107973.0,107987.0,107955.0,107981.0,300
2026-06-25 15:50:00,107980.0,107994.0,107959.0,107981.0,300
2026-06-25 15:55:00,107980.0,107987.0,107959.0,107971.0,300
2026-06-25 16:00:00,107970.0,107988.0,107951.0,107984.0,300
2026-06-25 16:05:00,107983.0,108008.0,107959.0,107998.0,300
2026-06-25 16:10:00,108000.0,108022.0,107992.0,107993.0,300
2026-06-25 16:15:00,107991.0,108001.0,107948.0,107948.0,300
2026-06-25 16:20:00,107947.0,107961.0,107925.0,107932.0,300
2026-06-25 16:25:00,107934.0,107938.0,107840.0,107844.0,300
2026-06-25 16:30:00,107842.0,107843.0,107784.0,107815.0,300
2026-06-25 16:35:00,107817.0,107830.0,107808.0,107818.0,300
2026-06-25 16:40:00,107820.0,107824.0,107787.0,107787.0,300
2026-06-25 16:45:00,107785.0,107791.0,107731.0,107746.0,300
2026-06-25 16:50:00,107744.0,107752.0,107693.0,107698.0,300
2026-06-25 16:55:00,107697.0,107712.0,107668.0,107674.0,300
2026-06-25 17:00:00,107676.0,107690.0,107647.0,107651.0,300
2026-06-25 17:05:00,107649.0,107667.0,107623.0,107648.0,300
2026-06-25 17:10:00,107649.0,107650.0,107585.0,107608.0,300
2026-06-25 17:15:00,107609.0,107609.0,107571.0,107577.0,300
2026-06-25 17:20:00,107578.0,107610.0,107568.0,107605.0,300
2026-06-25 17:25:00,107607.0,107659.0,107607.0,107638.0,300
2026-06-25 17:30:00,107640.0,107679.0,107632.0,107678.0,300
2026-06-25 17:35:00,107680.0,107685.0,107639.0,107644.0,300
2026-06-25 17:40:00,107642.0,107652.0,107633.0,107640.0,300
2026-06-25 17:45:00,107639.0,107682.0,107630.0,107679.0,300
2026-06-25 17:50:00,107677.0,107680.0,107633.0,107640.0,300
2026-06-25 17:55:00,107642.0,107662.0,107616.0,107627.0,300
2026-06-25 18:00:00,107629.0,107636.0,107596.0,107606.0,300
2026-06-25 18:05:00,107607.0,107628.0,107581.0,107595.0,300
2026-06-25 18:10:00,107594.0,107611.0,107578.0,107580.0,300
2026-06-25 18:15:00,107579.0,107583.0,107550.0,107555.0,300
2026-06-25 18:20:00,107557.0,107581.0,107536.0,107571.0,300
2026-06-25 18:25:00,107572.0,107595.0,107557.0,107595.0,300
2026-06-25 18:30:00,107596.0,107646.0,107587.0,107642.0,300
2026-06-25 18:35:00,107643.0,107644.0,107619.0,107627.0,300
2026-06-25 18:40:00,107629.0,107671.0,107623.0,107623.0,300
2026-06-25 18:45:00,107624.0,107644.0,107607.0,107639.0,300
2026-06-25 18:50:00,107638.0,107657.0,107630.0,107637.0,300
2026-06-25 18:55:00,107638.0,107641.0,107610.0,107625.0,300
2026-06-25 19:00:00,107626.0,107655.0,107620.0,107652.0,300
2026-06-25 19:05:00,107650.0,107660.0,107615.0,107618.0,300
2026-06-25 19:10:00,107616.0,107639.0,107613.0,107619.0,300
2026-06-25 19:15:00,107618.0,107666.0,107618.0,107620.0,300
2026-06-25 19:20:00,107619.0,107622.0,107594.0,107602.0,300
2026-06-25 19:25:00,107604.0,107607.0,107585.0,107598.0,300
2026-06-25 19:30:00,107599.0,107656.0,107585.0,107644.0,300
2026-06-25 19:35:00,107646.0,107690.0,107645.0,107671.0,300
2026-06-25 19:40:00,107673.0,107716.0,107673.0,107709.0,300
2026-06-25 19:45:00,107710.0,107764.0,107707.0,107748.0,300
2026-06-25 19:50:00,107747.0,107763.0,107738.0,107748.0,300
2026-06-25 19:55:00,107750.0,107792.0,107743.0,107788.0,300
2026-06-25 20:00:00,107787.0,107809.0,107778.0,107795.0,300
2026-06-25 20:05:00,107794.0,107794.0,107741.0,107751.0,300
2026-06-25 20:10:00,107749.0,107784.0,107747.0,107777.0,300
2026-06-25 20:15:00,107776.0,107817.0,107768.0,107812.0,300
2026-06-25 20:20:00,107810.0,107816.0,107760.0,107771.0,300
2026-06-25 20:25:00,107773.0,107788.0,107759.0,107784.0,300
2026-06-25 20:30:00,107786.0,107807.0,107781.0,107802.0,300
2026-06-25 20:35:00,107800.0,107813.0,107785.0,107789.0,300
2026-06-25 20:40:00,107790.0,107844.0,107781.0,107844.0,300
2026-06-25 20:45:00,107845.0,107897.0,107844.0,107883.0,300
2026-06-25 20:50:00,107881.0,107944.0,107878.0,107924.0,300
2026-06-25 20:55:00,107922.0,107950.0,107912.0,107922.0,300
2026-06-25 21:00:00,107920.0,107953.0,107907.0,107945.0,300
2026-06-25 21:05:00,107947.0,107951.0,107917.0,107943.0,300
2026-06-25 21:10:00,107942.0,107964.0,107926.0,107963.0,300
2026-06-25 21:15:00,107961.0,107964.0,107909.0,107931.0,300
2026-06-25 21:20:00,107930.0,107939.0,107902.0,107926.0,300
2026-06-25 21:25:00,107925.0,107946.0,107899.0,107934.0,300
2026-06-25 21:30:00,107935.0,107939.0,107893.0,107913.0,300
2026-06-25 21:35:00,107911.0,107937.0,107905.0,107927.0,300
2026-06-25 21:40:00,107926.0,107929.0,107894.0,107922.0,300
2026-06-25 21:45:00,107920.0,107920.0,107877.0,107899.0,300
2026-06-25 21:50:00,107897.0,107948.0,107894.0,107940.0,300
2026-06-25 21:55:00,107942.0,107974.0,107936.0,107957.0,300
2026-06-25 22:00:00,107955.0,107956.0,107915.0,107915.0,300
2026-06-25 22:05:00,107916.0,107918.0,107874.0,107886.0,300
2026-06-25 22:10:00,107884.0,107948.0,107880.0,107947.0,300
2026-06-25 22:15:00,107946.0,107950.0,107926.0,107930.0,300
2026-06-25 22:20:00,107932.0,107945.0,107923.0,107923.0,300
2026-06-25 22:25:00,107925.0,107992.0,107925.0,107955.0,300
2026-06-25 22:30:00,107956.0,107961.0,107908.0,107918.0,300
2026-06-25 22:35:00,107916.0,107918.0,107893.0,107913.0,300
2026-06-25 22:40:00,107914.0,107919.0,107887.0,107892.0,300
2026-06-25 22:45:00,107891.0,107906.0,107886.0,107904.0,300
2026-06-25 22:50:00,107903.0,107967.0,107899.0,107957.0,300
2026-06-25 22:55:00,107956.0,107958.0,107902.0,107903.0,300
2026-06-25 23:00:00,107904.0,107931.0,107884.0,107884.0,300
2026-06-25 23:05:00,107885.0,107885.0,107860.0,107874.0,300
2026-06-25 23:10:00,107875.0,107915.0,107870.0,107906.0,300
2026-06-25 23:15:00,107904.0,107921.0,107877.0,107900.0,300
2026-06-25 23:20:00,107898.0,107969.0,107895.0,107969.0,300
2026-06-25 23:25:00,107967.0,108018.0,107960.0,108018.0,300
2026-06-25 23:30:00,108019.0,108051.0,108012.0,108015.0,300
2026-06-25 23:35:00,108014.0,108043.0,108001.0,108037.0,300
2026-06-25 23:40:00,108039.0,108043.0,107996.0,108006.0,300
2026-06-25 23:45:00,108005.0,108077.0,108005.0,108051.0,300
2026-06-25 23:50:00,108049.0,108064.0,108028.0,108037.0,300
2026-06-25 23:55:00,108039.0,108059.0,108031.0,108053.0,300
2026-06-26 00:00:00,108054.0,108069.0,108031.0,108055.0,300
2026-06-26 00:05:00,108056.0,108104.0,108054.0,108076.0,300
2026-06-26 00:10:00,108077.0,108084.0,108032.0,108039.0,300
2026-06-26 00:15:00,108041.0,108101.0,108041.0,108098.0,300
2026-06-26 00:20:00,108096.0,108120.0,108093.0,108113.0,300
2026-06-26 00:25:00,108111.0,108146.0,108110.0,108126.0,300
2026-06-26 00:30:00,108127.0,108175.0,108117.0,108172.0,300
2026-06-26 00:35:00,108170.0,108176.0,108142.0,108156.0,300
2026-06-26 00:40:00,108157.0,108187.0,108133.0,108183.0,300
2026-06-26 00:45:00,108182.0,108195.0,108154.0,108171.0,300
2026-06-26 00:50:00,108172.0,108194.0,108165.0,108178.0,300
2026-06-26 00:55:00,108179.0,108188.0,108135.0,108146.0,300
2026-06-26 01:00:00,108145.0,108163.0,108132.0,108157.0,300
2026-06-26 01:05:00,108155.0,108174.0,108135.0,108142.0,300
2026-06-26 01:10:00,108143.0,108157.0,108125.0,108140.0,300
2026-06-26 01:15:00,108142.0,108159.0,108137.0,108153.0,300
2026-06-26 01:20:00,108151.0,108158.0,108119.0,108155.0,300
2026-06-26 01:25:00,108154.0,108167.0,108118.0,108123.0,300
2026-06-26 01:30:00,108121.0,108148.0,108111.0,108122.0,300
2026-06-26 01:35:00,108123.0,108167.0,108123.0,108163.0,300
2026-06-26 01:40:00,108165.0,108199.0,108161.0,108190.0,300
2026-06-26 01:45:00,108191.0,108193.0,108160.0,108175.0,300
2026-06-26 01:50:00,108173.0,108182.0,108160.0,108165.0,300
2026-06-26 01:55:00,108166.0,108203.0,108147.0,108200.0,300
2026-06-26 02:00:00,108202.0,108214.0,108166.0,108171.0,300
2026-06-26 02:05:00,108170.0,108189.0,108164.0,108183.0,300
2026-06-26 02:10:00,108185.0,108206.0,108179.0,108193.0,300
2026-06-26 02:15:00,108194.0,108197.0,108157.0,108177.0,300
2026-06-26 02:20:00,108179.0,108216.0,108170.0,108211.0,300
2026-06-26 02:25:00,108209.0,108213.0,108164.0,108179.0,300
2026-06-26 02:30:00,108180.0,108189.0,108158.0,108171.0,300
2026-06-26 02:35:00,108169.0,108220.0,108168.0,108199.0,300
2026-06-26 02:40:00,108201.0,108239.0,108189.0,108239.0,300
2026-06-26 02:45:00,108241.0,108241.0,108189.0,108205.0,300
2026-06-26 02:50:00,108206.0,108217.0,108148.0,108148.0,300
2026-06-26 02:55:00,108149.0,108167.0,108107.0,108126.0,300
2026-06-26 03:00:00,108125.0,108135.0,108074.0,108077.0,300
2026-06-26 03:05:00,108079.0,108085.0,108036.0,108076.0,300
2026-06-26 03:10:00,108077.0,108089.0,108056.0,108061.0,300
2026-06-26 03:15:00,108062.0,108079.0,108048.0,108079.0,300
2026-06-26 03:20:00,108077.0,108083.0,108060.0,108072.0,300
2026-06-26 03:25:00,108073.0,108109.0,108073.0,108102.0,300
2026-06-26 03:30:00,108101.0,108143.0,108090.0,108134.0,300
2026-06-26 03:35:00,108132.0,108145.0,108111.0,108132.0,300
2026-06-26 03:40:00,108134.0,108146.0,108111.0,108124.0,300
2026-06-26 03:45:00,108126.0,108172.0,108121.0,108132.0,300
2026-06-26 03:50:00,108134.0,108136.0,108069.0,108096.0,300
2026-06-26 03:55:00,108094.0,108094.0,108052.0,108093.0,300
2026-06-26 04:00:00,108094.0,108094.0,108066.0,108079.0,300
2026-06-26 04:05:00,108077.0,108115.0,108076.0,108110.0,300
2026-06-26 04:10:00,108112.0,108151.0,108103.0,108127.0,300
2026-06-26 04:15:00,108128.0,108154.0,108125.0,108152.0,300
2026-06-26 04:20:00,108151.0,108172.0,108142.0,108153.0,300
2026-06-26 04:25:00,108152.0,108157.0,108139.0,108155.0,300
2026-06-26 04:30:00,108156.0,108160.0,108127.0,108130.0,300
2026-06-26 04:35:00,108132.0,108138.0,108079.0,108084.0,300
2026-06-26 04:40:00,108082.0,108131.0,108082.0,108127.0,300
2026-06-26 04:45:00,108126.0,108173.0,108115.0,108170.0,300
2026-06-26 04:50:00,108172.0,108218.0,108172.0,108195.0,300
2026-06-26 04:55:00,108193.0,108209.0,108146.0,108155.0,300
2026-06-26 05:00:00,108154.0,108179.0,108150.0,108163.0,300
2026-06-26 05:05:00,108164.0,108164.0,108121.0,108121.0,300
2026-06-26 05:10:00,108119.0,108137.0,108108.0,108132.0,300
2026-06-26 05:15:00,108131.0,108136.0,108109.0,108119.0,300
2026-06-26 05:20:00,108120.0,108145.0,108118.0,108141.0,300
2026-06-26 05:25:00,108140.0,108172.0,108117.0,108168.0,300
2026-06-26 05:30:00,108166.0,108182.0,108135.0,108182.0,300
2026-06-26 05:35:00,108184.0,108184.0,108138.0,108167.0,300
2026-06-26 05:40:00,108166.0,108182.0,108146.0,108147.0,300
2026-06-26 05:45:00,108148.0,108164.0,108136.0,108150.0,300
2026-06-26 05:50:00,108152.0,108197.0,108146.0,108197.0,300
2026-06-26 05:55:00,108196.0,108210.0,108173.0,108173.0,300
2026-06-26 06:00:00,108171.0,108174.0,108137.0,108141.0,300
2026-06-26 06:05:00,108143.0,108150.0,108119.0,108150.0,300
2026-06-26 06:10:00,108152.0,108154.0,108088.0,108110.0,300
2026-06-26 06:15:00,108111.0,108115.0,108081.0,108096.0,300
2026-06-26 06:20:00,108094.0,108108.0,108082.0,108097.0,300
2026-06-26 06:25:00,108099.0,108105.0,108075.0,108078.0,300
2026-06-26 06:30:00,108079.0,108129.0,108078.0,108108.0,300
2026-06-26 06:35:00,108110.0,108119.0,108092.0,108092.0,300
2026-06-26 06:40:00,108090.0,108092.0,108032.0,108037.0,300
2026-06-26 06:45:00,108035.0,108037.0,108009.0,108022.0,300
2026-06-26 06:50:00,108021.0,108051.0,108007.0,108025.0,300
2026-06-26 06:55:00,108024.0,108038.0,108005.0,108017.0,300
2026-06-26 07:00:00,108016.0,108026.0,107998.0,108026.0,300
2026-06-26 07:05:00,108024.0,108042.0,107992.0,107999.0,300
2026-06-26 07:10:00,107997.0,108003.0,107929.0,107929.0,300
2026-06-26 07:15:00,107927.0,107928.0,107888.0,107909.0,300
2026-06-26 07:20:00,107908.0,107911.0,107873.0,107882.0,300
2026-06-26 07:25:00,107880.0,107902.0,107871.0,107886.0,300
2026-06-26 07:30:00,107887.0,107924.0,107881.0,107881.0,300
2026-06-26 07:35:00,107883.0,107899.0,107875.0,107886.0,300
2026-06-26 07:40:00,107887.0,107904.0,107877.0,107878.0,300
2026-06-26 07:45:00,107876.0,107885.0,107860.0,107876.0,300
2026-06-26 07:50:00,107875.0,107878.0,107825.0,107825.0,300
2026-06-26 07:55:00,107824.0,107840.0,107814.0,107821.0,300
2026-06-26 08:00:00,107820.0,107835.0,107808.0,107811.0,300
2026-06-26 08:05:00,107809.0,107812.0,107762.0,107791.0,300
2026-06-26 08:10:00,107792.0,107835.0,107787.0,107830.0,300
2026-06-26 08:15:00,107832.0,107849.0,107804.0,107805.0,300
2026-06-26 08:20:00,107806.0,107812.0,107741.0,107741.0,300
2026-06-26 08:25:00,107739.0,107760.0,107720.0,107732.0,300
2026-06-26 08:30:00,107733.0,107752.0,107712.0,107717.0,300
2026-06-26 08:35:00,107715.0,107739.0,107715.0,107726.0,300
2026-06-26 08:40:00,107728.0,107739.0,107687.0,107687.0,300
2026-06-26 08:45:00,107686.0,107742.0,107673.0,107736.0,300
2026-06-26 08:50:00,107734.0,107739.0,107713.0,107716.0,300
2026-06-26 08:55:00,107715.0,107724.0,107678.0,107707.0,300
2026-06-26 09:00:00,107709.0,107754.0,107706.0,107734.0,300
2026-06-26 09:05:00,107733.0,107761.0,107719.0,107757.0,300
2026-06-26 09:10:00,107759.0,107765.0,107730.0,107745.0,300
2026-06-26 09:15:00,107743.0,107752.0,107719.0,107724.0,300
2026-06-26 09:20:00,107725.0,107743.0,107718.0,107737.0,300
2026-06-26 09:25:00,107739.0,107750.0,107689.0,107705.0,300
2026-06-26 09:30:00,107707.0,107729.0,107682.0,107728.0,300
2026-06-26 09:35:00,107730.0,107753.0,107716.0,107728.0,300
2026-06-26 09:40:00,107726.0,107727.0,107655.0,107656.0,300
2026-06-26 09:45:00,107655.0,107686.0,107648.0,107679.0,300
2026-06-26 09:50:00,107677.0,107690.0,107654.0,107669.0,300
2026-06-26 09:55:00,107668.0,107692.0,107655.0,107675.0,300
2026-06-26 10:00:00,107676.0,107695.0,107657.0,107660.0,300
2026-06-26 10:05:00,107661.0,107697.0,107649.0,107677.0,300
2026-06-26 10:10:00,107678.0,107684.0,107646.0,107677.0,300
2026-06-26 10:15:00,107676.0,107707.0,107675.0,107693.0,300
2026-06-26 10:20:00,107694.0,107726.0,107690.0,107719.0,300
2026-06-26 10:25:00,107717.0,107733.0,107675.0,107686.0,300
2026-06-26 10:30:00,107687.0,107709.0,107685.0,107695.0,300
2026-06-26 10:35:00,107696.0,107704.0,107669.0,107702.0,300
2026-06-26 10:40:00,107701.0,107705.0,107659.0,107670.0,300
2026-06-26 10:45:00,107672.0,107677.0,107623.0,107626.0,300
2026-06-26 10:50:00,107624.0,107647.0,107610.0,107613.0,300
2026-06-26 10:55:00,107615.0,107620.0,107591.0,107601.0,300
2026-06-26 11:00:00,107599.0,107633.0,107598.0,107633.0,300
2026-06-26 11:05:00,107635.0,107685.0,107635.0,107674.0,300
2026-06-26 11:10:00,107672.0,107689.0,107623.0,107635.0,300
2026-06-26 11:15:00,107633.0,107634.0,107571.0,107594.0,300
2026-06-26 11:20:00,107595.0,107632.0,107594.0,107628.0,300
2026-06-26 11:25:00,107630.0,107667.0,107621.0,107662.0,300
2026-06-26 11:30:00,107664.0,107683.0,107656.0,107683.0,300
2026-06-26 11:35:00,107682.0,107704.0,107662.0,107701.0,300
2026-06-26 11:40:00,107699.0,107702.0,107674.0,107702.0,300
2026-06-26 11:45:00,107700.0,107710.0,107672.0,107672.0,300
2026-06-26 11:50:00,107671.0,107683.0,107658.0,107671.0,300
2026-06-26 11:55:00,107670.0,107716.0,107668.0,107706.0,300
2026-06-26 12:00:00,107705.0,107721.0,107671.0,107707.0,300
2026-06-26 12:05:00,107705.0,107740.0,107699.0,107722.0,298
2026-06-26 12:10:00,107724.0,107726.0,107660.0,107676.0,300
2026-06-26 12:15:00,107677.0,107693.0,107666.0,107668.0,300
2026-06-26 12:20:00,107667.0,107674.0,107644.0,107665.0,300
2026-06-26 12:25:00,107663.0,107679.0,107651.0,107670.0,300
2026-06-26 12:30:00,107668.0,107685.0,107656.0,107661.0,300
2026-06-26 12:35:00,107660.0,107683.0,107638.0,107676.0,300
2026-06-26 12:40:00,107675.0,107683.0,107642.0,107647.0,300
2026-06-26 12:45:00,107649.0,107671.0,107638.0,107664.0,300
2026-06-26 12:50:00,107663.0,107712.0,107651.0,107712.0,300
2026-06-26 12:55:00,107713.0,107740.0,107705.0,107733.0,300
2026-06-26 13:00:00,107731.0,107741.0,107719.0,107738.0,300
2026-06-26 13:05:00,107740.0,107745.0,107710.0,107740.0,300
2026-06-26 13:10:00,107742.0,107784.0,107739.0,107770.0,300
2026-06-26 13:15:00,107768.0,107782.0,107751.0,107764.0,300
2026-06-26 13:20:00,107765.0,107777.0,107708.0,107716.0,300
2026-06-26 13:25:00,107715.0,107761.0,107709.0,107761.0,300
2026-06-26 13:30:00,107762.0,107789.0,107754.0,107772.0,300
2026-06-26 13:35:00,107774.0,107788.0,107746.0,107787.0,300
2026-06-26 13:40:00,107785.0,107802.0,107768.0,107796.0,300
2026-06-26 13:45:00,107798.0,107820.0,107789.0,107794.0,300
2026-06-26 13:50:00,107796.0,107827.0,107783.0,107813.0,300
2026-06-26 13:55:00,107812.0,107833.0,107796.0,107796.0,300
2026-06-26 14:00:00,107798.0,107811.0,107770.0,107784.0,300
2026-06-26 14:05:00,107782.0,107785.0,107741.0,107771.0,300
2026-06-26 14:10:00,107772.0,107787.0,107759.0,107783.0,300
2026-06-26 14:15:00,107785.0,107851.0,107780.0,107836.0,300
2026-06-26 14:20:00,107837.0,107841.0,107802.0,107809.0,300
2026-06-26 14:25:00,107810.0,107819.0,107788.0,107801.0,300
2026-06-26 14:30:00,107799.0,107809.0,107758.0,107795.0,300
2026-06-26 14:35:00,107797.0,107805.0,107772.0,107775.0,300
2026-06-26 14:40:00,107774.0,107779.0,107730.0,107752.0,300
2026-06-26 14:45:00,107750.0,107792.0,107743.0,107789.0,300
2026-06-26 14:50:00,107790.0,107793.0,107745.0,107747.0,300
2026-06-26 14:55:00,107746.0,107765.0,107732.0,107753.0,300
2026-06-26 15:00:00,107754.0,107754.0,107703.0,107718.0,300
2026-06-26 15:05:00,107717.0,107747.0,107708.0,107731.0,300
2026-06-26 15:10:00,107729.0,107763.0,107722.0,107748.0,299
2026-06-26 15:15:00,107750.0,107751.0,107689.0,107709.0,300
2026-06-26 15:20:00,107711.0,107718.0,107678.0,107684.0,300
2026-06-26 15:25:00,107683.0,107706.0,107677.0,107695.0,300
2026-06-26 15:30:00,107694.0,107702.0,107675.0,107686.0,300
2026-06-26 15:35:00,107684.0,107739.0,107682.0,107696.0,300
2026-06-26 15:40:00,107697.0,107747.0,107689.0,107747.0,300
2026-06-26 15:45:00,107748.0,107783.0,107743.0,107770.0,300
2026-06-26 15:50:00,107771.0,107798.0,107747.0,107765.0,300
2026-06-26 15:55:00,107764.0,107786.0,107752.0,107784.0,300
2026-06-26 16:00:00,107783.0,107850.0,107775.0,107848.0,300
2026-06-26 16:05:00,107850.0,107863.0,107819.0,107821.0,300
2026-06-26 16:10:00,107820.0,107822.0,107779.0,107781.0,300
2026-06-26 16:15:00,107779.0,107808.0,107760.0,107808.0,300
2026-06-26 16:20:00,107806.0,107859.0,107802.0,107843.0,300
2026-06-26 16:25:00,107845.0,107845.0,107820.0,107836.0,300
2026-06-26 16:30:00,107835.0,107842.0,107818.0,107827.0,300
2026-06-26 16:35:00,107825.0,107862.0,107823.0,107851.0,300
2026-06-26 16:40:00,107850.0,107886.0,107850.0,107886.0,300
2026-06-26 16:45:00,107884.0,107898.0,107879.0,107882.0,300
2026-06-26 16:50:00,107883.0,107885.0,107852.0,107863.0,300
2026-06-26 16:55:00,107864.0,107866.0,107841.0,107860.0,300
2026-06-26 17:00:00,107859.0,107863.0,107830.0,107854.0,300
2026-06-26 17:05:00,107853.0,107856.0,107806.0,107825.0,300
2026-06-26 17:10:00,107824.0,107831.0,107806.0,107813.0,300
2026-06-26 17:15:00,107815.0,107817.0,107768.0,107797.0,300
2026-06-26 17:20:00,107796.0,107834.0,107789.0,107834.0,300
2026-06-26 17:25:00,107833.0,107875.0,107830.0,107832.0,300
2026-06-26 17:30:00,107830.0,107895.0,107827.0,107884.0,300
2026-06-26 17:35:00,107886.0,107900.0,107843.0,107844.0,300
2026-06-26 17:40:00,107845.0,107851.0,107814.0,107824.0,300
2026-06-26 17:45:00,107826.0,107834.0,107807.0,107832.0,300
2026-06-26 17:50:00,107830.0,107855.0,107804.0,107842.0,300
2026-06-26 17:55:00,107843.0,107889.0,107840.0,107866.0,300
2026-06-26 18:00:00,107868.0,107869.0,107840.0,107859.0,300
2026-06-26 18:05:00,107857.0,107857.0,107802.0,107802.0,300
2026-06-26 18:10:00,107800.0,107819.0,107789.0,107813.0,300
2026-06-26 18:15:00,107812.0,107829.0,107798.0,107819.0,300
2026-06-26 18:20:00,107818.0,107822.0,107777.0,107782.0,300
2026-06-26 18:25:00,107781.0,107798.0,107769.0,107796.0,300
2026-06-26 18:30:00,107798.0,107805.0,107752.0,107764.0,300
2026-06-26 18:35:00,107765.0,107822.0,107763.0,107816.0,300
2026-06-26 18:40:00,107814.0,107897.0,107811.0,107895.0,300
2026-06-26 18:45:00,107897.0,107943.0,107897.0,107925.0,300
2026-06-26 18:50:00,107924.0,107931.0,107872.0,107876.0,300
2026-06-26 18:55:00,107878.0,107892.0,107831.0,107834.0,300
2026-06-26 19:00:00,107835.0,107922.0,107831.0,107919.0,300
2026-06-26 19:05:00,107918.0,107955.0,107908.0,107953.0,300
2026-06-26 19:10:00,107951.0,107959.0,107935.0,107935.0,300
2026-06-26 19:15:00,107937.0,107973.0,107927.0,107967.0,300
2026-06-26 19:20:00,107966.0,107980.0,107953.0,107962.0,300
2026-06-26 19:25:00,107964.0,107986.0,107956.0,107977.0,300
2026-06-26 19:30:00,107978.0,108012.0,107978.0,107989.0,300
2026-06-26 19:35:00,107991.0,108000.0,107966.0,107998.0,300
2026-06-26 19:40:00,107999.0,108008.0,107965.0,107981.0,300
2026-06-26 19:45:00,107982.0,107995.0,107962.0,107976.0,300
2026-06-26 19:50:00,107977.0,107988.0,107955.0,107972.0,300
2026-06-26 19:55:00,107970.0,107986.0,107939.0,107939.0,300
2026-06-26 20:00:00,107938.0,107973.0,107921.0,107973.0,300
2026-06-26 20:05:00,107971.0,107984.0,107946.0,107950.0,300
2026-06-26 20:10:00,107948.0,107957.0,107880.0,107893.0,300
2026-06-26 20:15:00,107891.0,107893.0,107836.0,107863.0,300
2026-06-26 20:20:00,107862.0,107880.0,107856.0,107865.0,300
2026-06-26 20:25:00,107867.0,107898.0,107863.0,107870.0,300
2026-06-26 20:30:00,107871.0,107888.0,107854.0,107879.0,300
2026-06-26 20:35:00,107880.0,107885.0,107854.0,107866.0,300
2026-06-26 20:40:00,107865.0,107869.0,107790.0,107798.0,300
2026-06-26 20:45:00,107799.0,107817.0,107780.0,107817.0,300
2026-06-26 20:50:00,107815.0,107816.0,107782.0,107803.0,300
2026-06-26 20:55:00,107801.0,107810.0,107771.0,107774.0,300
2026-06-26 21:00:00,107776.0,107791.0,107759.0,107763.0,300
2026-06-26 21:05:00,107764.0,107764.0,107722.0,107738.0,300
2026-06-26 21:10:00,107740.0,107762.0,107738.0,107746.0,300
2026-06-26 21:15:00,107745.0,107762.0,107736.0,107748.0,300
2026-06-26 21:20:00,107750.0,107803.0,107747.0,107779.0,300
2026-06-26 21:25:00,107777.0,107787.0,107743.0,107743.0,300
2026-06-26 21:30:00,107745.0,107754.0,107699.0,107703.0,300
2026-06-26 21:35:00,107705.0,107722.0,107681.0,107696.0,300
2026-06-26 21:40:00,107695.0,107718.0,107684.0,107696.0,300
2026-06-26 21:45:00,107697.0,107716.0,107687.0,107714.0,300
2026-06-26 21:50:00,107716.0,107745.0,107714.0,107737.0,300
2026-06-26 21:55:00,107739.0,107748.0,107711.0,107742.0,300
2026-06-26 22:00:00,107741.0,107753.0,107709.0,107709.0,300
2026-06-26 22:05:00,107711.0,107738.0,107709.0,107722.0,300
2026-06-26 22:10:00,107723.0,107738.0,107715.0,107732.0,300
2026-06-26 22:15:00,107734.0,107770.0,107726.0,107764.0,300
2026-06-26 22:20:00,107765.0,107791.0,107757.0,107787.0,300
2026-06-26 22:25:00,107786.0,107798.0,107754.0,107772.0,300
2026-06-26 22:30:00,107773.0,107810.0,107768.0,107804.0,300
2026-06-26 22:35:00,107806.0,107813.0,107781.0,107787.0,300
2026-06-26 22:40:00,107785.0,107791.0,107759.0,107775.0,300
2026-06-26 22:45:00,107774.0,107778.0,107733.0,107735.0,300
2026-06-26 22:50:00,107734.0,107761.0,107699.0,107699.0,300
2026-06-26 22:55:00,107700.0,107714.0,107680.0,107691.0,300
2026-06-26 23:00:00,107690.0,107721.0,107681.0,107697.0,300
2026-06-26 23:05:00,107696.0,107734.0,107694.0,107734.0,300
2026-06-26 23:10:00,107736.0,107798.0,107736.0,107776.0,300
2026-06-26 23:15:00,107778.0,107790.0,107757.0,107771.0,300
2026-06-26 23:20:00,107773.0,107820.0,107768.0,107812.0,300
2026-06-26 23:25:00,107811.0,107818.0,107768.0,107797.0,300
2026-06-26 23:30:00,107795.0,107806.0,107754.0,107768.0,300
2026-06-26 23:35:00,107769.0,107784.0,107744.0,107764.0,300
2026-06-26 23:40:00,107762.0,107766.0,107715.0,107737.0,300
2026-06-26 23:45:00,107735.0,107736.0,107693.0,107695.0,300
2026-06-26 23:50:00,107697.0,107713.0,107687.0,107709.0,300
2026-06-26 23:55:00,107711.0,107750.0,107707.0,107734.0,300
2026-06-27 00:00:00,107735.0,107737.0,107677.0,107679.0,300
2026-06-27 00:05:00,107681.0,107688.0,107658.0,107678.0,300
2026-06-27 00:10:00,107680.0,107699.0,107671.0,107695.0,300
2026-06-27 00:15:00,107693.0,107699.0,107659.0,107660.0,300
2026-06-27 00:20:00,107661.0,107691.0,107651.0,107691.0,300
2026-06-27 00:25:00,107690.0,107691.0,107638.0,107653.0,300
2026-06-27 00:30:00,107654.0,107672.0,107629.0,107642.0,300
2026-06-27 00:35:00,107643.0,107643.0,107601.0,107613.0,300
2026-06-27 00:40:00,107615.0,107631.0,107609.0,107617.0,300
2026-06-27 00:45:00,107616.0,107653.0,107616.0,107645.0,300
2026-06-27 00:50:00,107646.0,107694.0,107637.0,107656.0,300
2026-06-27 00:55:00,107657.0,107670.0,107627.0,107627.0,300
2026-06-27 01:00:00,107626.0,107628.0,107594.0,107601.0,300
2026-06-27 01:05:00,107599.0,107636.0,107597.0,107624.0,300
2026-06-27 01:10:00,107625.0,107625.0,107592.0,107596.0,300
2026-06-27 01:15:00,107595.0,107604.0,107573.0,107601.0,300
2026-06-27 01:20:00,107599.0,107615.0,107577.0,107590.0,300
2026-06-27 01:25:00,107591.0,107594.0,107544.0,107562.0,300
2026-06-27 01:30:00,107563.0,107646.0,107563.0,107629.0,300
2026-06-27 01:35:00,107628.0,107641.0,107597.0,107599.0,300
2026-06-27 01:40:00,107600.0,107617.0,107574.0,107602.0,300
2026-06-27 01:45:00,107604.0,107625.0,107584.0,107598.0,300
2026-06-27 01:50:00,107596.0,107624.0,107595.0,107617.0,300
2026-06-27 01:55:00,107615.0,107616.0,107560.0,107605.0,300
2026-06-27 02:00:00,107604.0,107611.0,107575.0,107580.0,300
2026-06-27 02:05:00,107578.0,107606.0,107575.0,107588.0,300
2026-06-27 02:10:00,107587.0,107608.0,107560.0,107560.0,300
2026-06-27 02:15:00,107561.0,107562.0,107534.0,107538.0,300
2026-06-27 02:20:00,107540.0,107555.0,107494.0,107554.0,300
2026-06-27 02:25:00,107555.0,107563.0,107486.0,107491.0,300
2026-06-27 02:30:00,107493.0,107554.0,107493.0,107544.0,300
2026-06-27 02:35:00,107542.0,107567.0,107537.0,107545.0,300
2026-06-27 02:40:00,107543.0,107572.0,107536.0,107555.0,300
2026-06-27 02:45:00,107556.0,107573.0,107534.0,107534.0,300
2026-06-27 02:50:00,107532.0,107550.0,107519.0,107534.0,300
2026-06-27 02:55:00,107532.0,107550.0,107523.0,107541.0,300
2026-06-27 03:00:00,107542.0,107554.0,107528.0,107546.0,300
2026-06-27 03:05:00,107547.0,107556.0,107536.0,107548.0,300
2026-06-27 03:10:00,107550.0,107561.0,107489.0,107514.0,300
2026-06-27 03:15:00,107512.0,107529.0,107498.0,107503.0,300
2026-06-27 03:20:00,107502.0,107507.0,107464.0,107497.0,300
2026-06-27 03:25:00,107498.0,107509.0,107481.0,107485.0,300
2026-06-27 03:30:00,107484.0,107506.0,107453.0,107506.0,300
2026-06-27 03:35:00,107508.0,107519.0,107487.0,107517.0,300
2026-06-27 03:40:00,107516.0,107518.0,107470.0,107498.0,300
2026-06-27 03:45:00,107497.0,107536.0,107485.0,107525.0,300
2026-06-27 03:50:00,107523.0,107548.0,107513.0,107517.0,300
2026-06-27 03:55:00,107515.0,107536.0,107490.0,107492.0,300
2026-06-27 04:00:00,107491.0,107506.0,107441.0,107449.0,300
2026-06-27 04:05:00,107448.0,107456.0,107413.0,107417.0,300
2026-06-27 04:10:00,107416.0,107433.0,107407.0,107430.0,300
2026-06-27 04:15:00,107431.0,107483.0,107429.0,107452.0,300
2026-06-27 04:20:00,107451.0,107463.0,107435.0,107443.0,300
2026-06-27 04:25:00,107445.0,107517.0,107439.0,107517.0,300
2026-06-27 04:30:00,107518.0,107533.0,107487.0,107488.0,300
2026-06-27 04:35:00,107487.0,107492.0,107456.0,107480.0,300
2026-06-27 04:40:00,107481.0,107499.0,107466.0,107470.0,300
2026-06-27 04:45:00,107471.0,107479.0,107442.0,107460.0,300
2026-06-27 04:50:00,107459.0,107482.0,107454.0,107478.0,300
2026-06-27 04:55:00,107476.0,107504.0,107469.0,107481.0,300
2026-06-27 05:00:00,107479.0,107505.0,107462.0,107490.0,300
2026-06-27 05:05:00,107491.0,107496.0,107443.0,107448.0,300
2026-06-27 05:10:00,107446.0,107455.0,107410.0,107436.0,300
2026-06-27 05:15:00,107438.0,107449.0,107415.0,107415.0,300
2026-06-27 05:20:00,107417.0,107428.0,107402.0,107409.0,300
2026-06-27 05:25:00,107408.0,107426.0,107395.0,107426.0,300
2026-06-27 05:30:00,107424.0,107486.0,107420.0,107486.0,300
2026-06-27 05:35:00,107488.0,107519.0,107473.0,107518.0,300
2026-06-27 05:40:00,107517.0,107546.0,107507.0,107518.0,300
2026-06-27 05:45:00,107519.0,107532.0,107481.0,107486.0,300
2026-06-27 05:50:00,107484.0,107488.0,107461.0,107469.0,300
2026-06-27 05:55:00,107471.0,107508.0,107471.0,107498.0,300
2026-06-27 06:00:00,107496.0,107521.0,107481.0,107481.0,300
2026-06-27 06:05:00,107482.0,107499.0,107444.0,107444.0,300
2026-06-27 06:10:00,107442.0,107453.0,107425.0,107445.0,300
2026-06-27 06:15:00,107443.0,107459.0,107431.0,107445.0,300
2026-06-27 06:20:00,107446.0,107466.0,107429.0,107435.0,300
2026-06-27 06:25:00,107434.0,107464.0,107426.0,107455.0,300
2026-06-27 06:30:00,107454.0,107465.0,107419.0,107436.0,300
2026-06-27 06:35:00,107435.0,107453.0,107408.0,107414.0,300
2026-06-27 06:40:00,107416.0,107438.0,107405.0,107413.0,300
2026-06-27 06:45:00,107411.0,107474.0,107407.0,107474.0,300
2026-06-27 06:50:00,107475.0,107499.0,107443.0,107491.0,300
2026-06-27 06:55:00,107489.0,107513.0,107477.0,107502.0,300
2026-06-27 07:00:00,107501.0,107539.0,107491.0,107537.0,300
2026-06-27 07:05:00,107535.0,107562.0,107521.0,107535.0,300
2026-06-27 07:10:00,107534.0,107544.0,107510.0,107515.0,300
2026-06-27 07:15:00,107513.0,107541.0,107503.0,107511.0,300
2026-06-27 07:20:00,107509.0,107517.0,107483.0,107493.0,300
2026-06-27 07:25:00,107494.0,107496.0,107454.0,107462.0,300
2026-06-27 07:30:00,107464.0,107471.0,107439.0,107442.0,300
2026-06-27 07:35:00,107443.0,107472.0,107443.0,107464.0,300
2026-06-27 07:40:00,107466.0,107510.0,107460.0,107489.0,300
2026-06-27 07:45:00,107487.0,107498.0,107463.0,107467.0,300
2026-06-27 07:50:00,107469.0,107476.0,107438.0,107447.0,300
2026-06-27 07:55:00,107449.0,107459.0,107404.0,107405.0,300
2026-06-27 08:00:00,107407.0,107410.0,107367.0,107367.0,300
2026-06-27 08:05:00,107365.0,107373.0,107331.0,107338.0,300
2026-06-27 08:10:00,107337.0,107342.0,107311.0,107327.0,300
2026-06-27 08:15:00,107326.0,107329.0,107295.0,107326.0,300
2026-06-27 08:20:00,107328.0,107355.0,107304.0,107331.0,300
2026-06-27 08:25:00,107330.0,107378.0,107329.0,107354.0,300
2026-06-27 08:30:00,107356.0,107406.0,107356.0,107405.0,300
2026-06-27 08:35:00,107404.0,107419.0,107391.0,107406.0,300
2026-06-27 08:40:00,107405.0,107413.0,107381.0,107400.0,300
2026-06-27 08:45:00,107402.0,107436.0,107399.0,107420.0,300
2026-06-27 08:50:00,107422.0,107426.0,107369.0,107369.0,300
2026-06-27 08:55:00,107368.0,107425.0,107362.0,107411.0,300
2026-06-27 09:00:00,107412.0,107422.0,107382.0,107382.0,300
2026-06-27 09:05:00,107381.0,107411.0,107368.0,107403.0,300
2026-06-27 09:10:00,107404.0,107426.0,107387.0,107424.0,300
2026-06-27 09:15:00,107423.0,107442.0,107416.0,107422.0,300
2026-06-27 09:20:00,107423.0,107444.0,107413.0,107418.0,300
2026-06-27 09:25:00,107420.0,107446.0,107407.0,107424.0,300
2026-06-27 09:30:00,107423.0,107451.0,107419.0,107446.0,300
2026-06-27 09:35:00,107444.0,107460.0,107439.0,107444.0,300
2026-06-27 09:40:00,107445.0,107447.0,107411.0,107436.0,300
2026-06-27 09:45:00,107438.0,107449.0,107424.0,107439.0,300
2026-06-27 09:50:00,107441.0,107448.0,107406.0,107409.0,300
2026-06-27 09:55:00,107411.0,107412.0,107359.0,107360.0,300
2026-06-27 10:00:00,107358.0,107392.0,107347.0,107390.0,300
2026-06-27 10:05:00,107388.0,107397.0,107356.0,107376.0,300
2026-06-27 10:10:00,107374.0,107391.0,107361.0,107373.0,300
2026-06-27 10:15:00,107375.0,107402.0,107372.0,107381.0,300
2026-06-27 10:20:00,107379.0,107396.0,107340.0,107341.0,300
2026-06-27 10:25:00,107340.0,107349.0,107321.0,107330.0,300
2026-06-27 10:30:00,107328.0,107370.0,107320.0,107364.0,300
2026-06-27 10:35:00,107362.0,107388.0,107341.0,107348.0,300
2026-06-27 10:40:00,107349.0,107385.0,107343.0,107366.0,300
2026-06-27 10:45:00,107365.0,107378.0,107336.0,107364.0,300
2026-06-27 10:50:00,107363.0,107392.0,107359.0,107387.0,300
2026-06-27 10:55:00,107389.0,107413.0,107380.0,107387.0,300
2026-06-27 11:00:00,107385.0,107408.0,107368.0,107374.0,300
2026-06-27 11:05:00,107376.0,107438.0,107368.0,107429.0,300
2026-06-27 11:10:00,107431.0,107445.0,107404.0,107433.0,300
2026-06-27 11:15:00,107435.0,107436.0,107385.0,107401.0,300
2026-06-27 11:20:00,107400.0,107421.0,107393.0,107411.0,300
2026-06-27 11:25:00,107409.0,107415.0,107381.0,107386.0,300
2026-06-27 11:30:00,107384.0,107422.0,107369.0,107417.0,300
2026-06-27 11:35:00,107418.0,107455.0,107418.0,107444.0,300
2026-06-27 11:40:00,107443.0,107452.0,107393.0,107403.0,300
2026-06-27 11:45:00,107405.0,107409.0,107371.0,107379.0,300
2026-06-27 11:50:00,107381.0,107384.0,107345.0,107352.0,300
2026-06-27 11:55:00,107350.0,107363.0,107326.0,107336.0,300
2026-06-27 12:00:00,107337.0,107373.0,107327.0,107327.0,300
2026-06-27 12:05:00,107326.0,107361.0,107323.0,107359.0,300
2026-06-27 12:10:00,107361.0,107371.0,107342.0,107361.0,300
2026-06-27 12:15:00,107360.0,107384.0,107350.0,107379.0,300
2026-06-27 12:20:00,107380.0,107394.0,107370.0,107379.0,300
2026-06-27 12:25:00,107377.0,107410.0,107370.0,107386.0,300
2026-06-27 12:30:00,107387.0,107415.0,107366.0,107410.0,300
2026-06-27 12:35:00,107409.0,107414.0,107354.0,107377.0,300
2026-06-27 12:40:00,107375.0,107382.0,107333.0,107337.0,300
2026-06-27 12:45:00,107335.0,107349.0,107310.0,107337.0,300
2026-06-27 12:50:00,107335.0,107356.0,107327.0,107355.0,300
2026-06-27 12:55:00,107356.0,107368.0,107339.0,107362.0,300
2026-06-27 13:00:00,107361.0,107404.0,107356.0,107403.0,300
2026-06-27 13:05:00,107402.0,107416.0,107351.0,107412.0,300
2026-06-27 13:10:00,107411.0,107438.0,107400.0,107433.0,300
2026-06-27 13:15:00,107431.0,107443.0,107403.0,107417.0,300
2026-06-27 13:20:00,107415.0,107449.0,107408.0,107424.0,300
2026-06-27 13:25:00,107425.0,107453.0,107407.0,107444.0,300
2026-06-27 13:30:00,107443.0,107500.0,107437.0,107499.0,300
2026-06-27 13:35:00,107500.0,107545.0,107499.0,107537.0,300
2026-06-27 13:40:00,107539.0,107539.0,107491.0,107491.0,300
2026-06-27 13:45:00,107493.0,107528.0,107475.0,107527.0,300
2026-06-27 13:50:00,107526.0,107544.0,107512.0,107522.0,300
2026-06-27 13:55:00,107521.0,107554.0,107512.0,107527.0,300
2026-06-27 14:00:00,107529.0,107584.0,107520.0,107579.0,300
2026-06-27 14:05:00,107578.0,107618.0,107575.0,107599.0,300
2026-06-27 14:10:00,107601.0,107604.0,107566.0,107569.0,300
2026-06-27 14:15:00,107570.0,107590.0,107562.0,107566.0,300
2026-06-27 14:20:00,107565.0,107609.0,107564.0,107598.0,300
2026-06-27 14:25:00,107599.0,107615.0,107581.0,107582.0,300
2026-06-27 14:30:00,107584.0,107609.0,107573.0,107579.0,300
2026-06-27 14:35:00,107578.0,107625.0,107572.0,107606.0,300
2026-06-27 14:40:00,107607.0,107609.0,107560.0,107569.0,300
2026-06-27 14:45:00,107570.0,107578.0,107546.0,107559.0,300
2026-06-27 14:50:00,107557.0,107563.0,107510.0,107516.0,300
2026-06-27 14:55:00,107514.0,107533.0,107482.0,107532.0,300
2026-06-27 15:00:00,107531.0,107593.0,107528.0,107589.0,300
2026-06-27 15:05:00,107587.0,107590.0,107525.0,107547.0,300
2026-06-27 15:10:00,107545.0,107563.0,107511.0,107520.0,300
2026-06-27 15:15:00,107522.0,107527.0,107480.0,107480.0,300
2026-06-27 15:20:00,107478.0,107482.0,107443.0,107451.0,300
2026-06-27 15:25:00,107452.0,107461.0,107412.0,107412.0,300
2026-06-27 15:30:00,107411.0,107419.0,107368.0,107372.0,300
2026-06-27 15:35:00,107371.0,107401.0,107360.0,107381.0,300
2026-06-27 15:40:00,107382.0,107391.0,107355.0,107355.0,300
2026-06-27 15:45:00,107357.0,107395.0,107347.0,107354.0,300
2026-06-27 15:50:00,107352.0,107379.0,107342.0,107373.0,300
2026-06-27 15:55:00,107372.0,107400.0,107369.0,107371.0,300
2026-06-27 16:00:00,107373.0,107394.0,107372.0,107389.0,300
2026-06-27 16:05:00,107388.0,107398.0,107365.0,107397.0,300
2026-06-27 16:10:00,107395.0,107425.0,107388.0,107419.0,300
2026-06-27 16:15:00,107420.0,107430.0,107390.0,107421.0,300
2026-06-27 16:20:00,107420.0,107468.0,107420.0,107459.0,300
2026-06-27 16:25:00,107461.0,107472.0,107440.0,107442.0,300
2026-06-27 16:30:00,107440.0,107455.0,107419.0,107448.0,300
2026-06-27 16:35:00,107450.0,107492.0,107446.0,107480.0,300
2026-06-27 16:40:00,107481.0,107489.0,107452.0,107479.0,300
2026-06-27 16:45:00,107477.0,107486.0,107461.0,107483.0,300
2026-06-27 16:50:00,107482.0,107510.0,107476.0,107502.0,300
2026-06-27 16:55:00,107503.0,107522.0,107476.0,107509.0,300
2026-06-27 17:00:00,107511.0,107542.0,107511.0,107537.0,300
2026-06-27 17:05:00,107536.0,107544.0,107510.0,107510.0,300
2026-06-27 17:10:00,107508.0,107566.0,107500.0,107561.0,300
2026-06-27 17:15:00,107560.0,107560.0,107506.0,107506.0,300
2026-06-27 17:20:00,107508.0,107552.0,107502.0,107547.0,300
2026-06-27 17:25:00,107546.0,107575.0,107542.0,107554.0,300
2026-06-27 17:30:00,107553.0,107585.0,107526.0,107577.0,300
2026-06-27 17:35:00,107575.0,107585.0,107554.0,107568.0,300
2026-06-27 17:40:00,107566.0,107567.0,107519.0,107525.0,300
2026-06-27 17:45:00,107524.0,107540.0,107500.0,107537.0,300
2026-06-27 17:50:00,107539.0,107552.0,107519.0,107543.0,300
2026-06-27 17:55:00,107544.0,107545.0,107509.0,107528.0,300
2026-06-27 18:00:00,107527.0,107573.0,107516.0,107525.0,300
2026-06-27 18:05:00,107526.0,107534.0,107504.0,107527.0,300
2026-06-27 18:10:00,107528.0,107555.0,107528.0,107536.0,300
2026-06-27 18:15:00,107537.0,107572.0,107525.0,107565.0,300
2026-06-27 18:20:00,107564.0,107579.0,107533.0,107540.0,300
2026-06-27 18:25:00,107542.0,107547.0,107502.0,107502.0,300
2026-06-27 18:30:00,107503.0,107555.0,107500.0,107553.0,300
2026-06-27 18:35:00,107552.0,107556.0,107524.0,107542.0,300
2026-06-27 18:40:00,107541.0,107586.0,107532.0,107586.0,300
2026-06-27 18:45:00,107588.0,107617.0,107571.0,107617.0,300
2026-06-27 18:50:00,107616.0,107640.0,107608.0,107622.0,300
2026-06-27 18:55:00,107623.0,107681.0,107619.0,107650.0,300
2026-06-27 19:00:00,107651.0,107653.0,107612.0,107616.0,300
2026-06-27 19:05:00,107618.0,107625.0,107591.0,107624.0,300
2026-06-27 19:10:00,107622.0,107632.0,107604.0,107614.0,300
2026-06-27 19:15:00,107615.0,107640.0,107613.0,107627.0,300
2026-06-27 19:20:00,107626.0,107631.0,107603.0,107622.0,300
2026-06-27 19:25:00,107623.0,107646.0,107614.0,107622.0,300
2026-06-27 19:30:00,107620.0,107635.0,107598.0,107620.0,300
2026-06-27 19:35:00,107622.0,107651.0,107619.0,107643.0,300
2026-06-27 19:40:00,107644.0,107654.0,107621.0,107622.0,300
2026-06-27 19:45:00,107623.0,107632.0,107589.0,107632.0,300
2026-06-27 19:50:00,107630.0,107654.0,107623.0,107652.0,300
2026-06-27 19:55:00,107650.0,107672.0,107635.0,107647.0,300
2026-06-27 20:00:00,107646.0,107649.0,107608.0,107608.0,300
2026-06-27 20:05:00,107606.0,107627.0,107589.0,107622.0,300
2026-06-27 20:10:00,107621.0,107666.0,107614.0,107661.0,300
2026-06-27 20:15:00,107662.0,107719.0,107655.0,107711.0,300
2026-06-27 20:20:00,107709.0,107725.0,107700.0,107714.0,300
2026-06-27 20:25:00,107715.0,107733.0,107696.0,107714.0,300
2026-06-27 20:30:00,107712.0,107719.0,107698.0,107702.0,300
2026-06-27 20:35:00,107704.0,107761.0,107704.0,107750.0,300
2026-06-27 20:40:00,107752.0,107811.0,107752.0,107786.0,300
2026-06-27 20:45:00,107785.0,107807.0,107778.0,107803.0,300
2026-06-27 20:50:00,107804.0,107811.0,107767.0,107783.0,300
2026-06-27 20:55:00,107782.0,107815.0,107762.0,107762.0,300
2026-06-27 21:00:00,107761.0,107779.0,107742.0,107748.0,300
2026-06-27 21:05:00,107750.0,107778.0,107733.0,107752.0,300
2026-06-27 21:10:00,107754.0,107758.0,107725.0,107725.0,300
2026-06-27 21:15:00,107726.0,107774.0,107722.0,107759.0,300
2026-06-27 21:20:00,107757.0,107766.0,107733.0,107743.0,300
2026-06-27 21:25:00,107745.0,107760.0,107722.0,107726.0,300
2026-06-27 21:30:00,107725.0,107781.0,107714.0,107756.0,300
2026-06-27 21:35:00,107755.0,107756.0,107726.0,107741.0,300
2026-06-27 21:40:00,107742.0,107774.0,107737.0,107770.0,300
2026-06-27 21:45:00,107772.0,107805.0,107764.0,107788.0,300
2026-06-27 21:50:00,107786.0,107809.0,107774.0,107779.0,300
2026-06-27 21:55:00,107781.0,107786.0,107720.0,107728.0,300
2026-06-27 22:00:00,107727.0,107742.0,107696.0,107703.0,300
2026-06-27 22:05:00,107705.0,107713.0,107683.0,107700.0,300
2026-06-27 22:10:00,107698.0,107716.0,107681.0,107683.0,300
2026-06-27 22:15:00,107681.0,107731.0,107675.0,107730.0,300
2026-06-27 22:20:00,107729.0,107730.0,107700.0,107723.0,300
2026-06-27 22:25:00,107724.0,107739.0,107711.0,107714.0,300
2026-06-27 22:30:00,107713.0,107765.0,107702.0,107764.0,300
2026-06-27 22:35:00,107766.0,107809.0,107761.0,107785.0,300
2026-06-27 22:40:00,107786.0,107827.0,107781.0,107810.0,300
2026-06-27 22:45:00,107811.0,107829.0,107769.0,107780.0,300
2026-06-27 22:50:00,107782.0,107798.0,107764.0,107770.0,300
2026-06-27 22:55:00,107772.0,107783.0,107745.0,107746.0,300
2026-06-27 23:00:00,107748.0,107772.0,107739.0,107772.0,300
2026-06-27 23:05:00,107774.0,107801.0,107766.0,107786.0,300
2026-06-27 23:10:00,107787.0,107832.0,107787.0,107825.0,300
2026-06-27 23:15:00,107827.0,107854.0,107822.0,107843.0,300
2026-06-27 23:20:00,107841.0,107856.0,107802.0,107802.0,300
2026-06-27 23:25:00,107803.0,107838.0,107774.0,107794.0,300
2026-06-27 23:30:00,107793.0,107835.0,107779.0,107820.0,300
2026-06-27 23:35:00,107821.0,107852.0,107817.0,107828.0,300
2026-06-27 23:40:00,107829.0,107852.0,107824.0,107842.0,300
2026-06-27 23:45:00,107844.0,107918.0,107833.0,107913.0,300
2026-06-27 23:50:00,107912.0,107948.0,107909.0,107932.0,300
2026-06-27 23:55:00,107933.0,107953.0,107927.0,107929.0,300
2026-06-28 00:00:00,107927.0,107929.0,107897.0,107900.0,300
2026-06-28 00:05:00,107899.0,107922.0,107880.0,107903.0,300
2026-06-28 00:10:00,107901.0,107921.0,107880.0,107896.0,300
2026-06-28 00:15:00,107895.0,107918.0,107876.0,107876.0,300
2026-06-28 00:20:00,107874.0,107893.0,107864.0,107881.0,300
2026-06-28 00:25:00,107880.0,107894.0,107845.0,107851.0,300
2026-06-28 00:30:00,107849.0,107849.0,107812.0,107813.0,300
2026-06-28 00:35:00,107815.0,107816.0,107775.0,107784.0,300
2026-06-28 00:40:00,107786.0,107809.0,107775.0,107796.0,300
2026-06-28 00:45:00,107797.0,107803.0,107771.0,107777.0,300
2026-06-28 00:50:00,107776.0,107818.0,107776.0,107810.0,300
2026-06-28 00:55:00,107809.0,107826.0,107788.0,107803.0,300
2026-06-28 01:00:00,107801.0,107803.0,107769.0,107791.0,300
2026-06-28 01:05:00,107793.0,107795.0,107717.0,107721.0,300
2026-06-28 01:10:00,107722.0,107722.0,107673.0,107675.0,300
2026-06-28 01:15:00,107673.0,107716.0,107648.0,107652.0,300
2026-06-28 01:20:00,107651.0,107701.0,107650.0,107670.0,300
2026-06-28 01:25:00,107669.0,107678.0,107626.0,107641.0,300
2026-06-28 01:30:00,107639.0,107680.0,107639.0,107658.0,300
2026-06-28 01:35:00,107659.0,107673.0,107636.0,107658.0,300
2026-06-28 01:40:00,107659.0,107714.0,107649.0,107711.0,300
2026-06-28 01:45:00,107712.0,107733.0,107692.0,107715.0,300
2026-06-28 01:50:00,107716.0,107747.0,107705.0,107729.0,299
2026-06-28 01:55:00,107727.0,107736.0,107708.0,107736.0,301
2026-06-28 02:00:00,107738.0,107745.0,107717.0,107729.0,299
2026-06-28 02:05:00,107728.0,107744.0,107707.0,107739.0,301
2026-06-28 02:10:00,107740.0,107783.0,107735.0,107775.0,299
2026-06-28 02:15:00,107776.0,107776.0,107734.0,107766.0,300
2026-06-28 02:20:00,107764.0,107796.0,107754.0,107770.0,300
2026-06-28 02:25:00,107771.0,107781.0,107719.0,107752.0,300
2026-06-28 02:30:00,107754.0,107811.0,107750.0,107811.0,300
2026-06-28 02:35:00,107809.0,107819.0,107770.0,107816.0,300
2026-06-28 02:40:00,107817.0,107890.0,107812.0,107888.0,300
2026-06-28 02:45:00,107890.0,107903.0,107882.0,107899.0,300
2026-06-28 02:50:00,107901.0,107914.0,107884.0,107898.0,300
2026-06-28 02:55:00,107897.0,107941.0,107890.0,107939.0,300
2026-06-28 03:00:00,107937.0,107958.0,107914.0,107919.0,300
2026-06-28 03:05:00,107920.0,107920.0,107859.0,107865.0,300
2026-06-28 03:10:00,107867.0,107869.0,107844.0,107859.0,300
2026-06-28 03:15:00,107860.0,107892.0,107860.0,107874.0,300
2026-06-28 03:20:00,107875.0,107877.0,107813.0,107829.0,300
2026-06-28 03:25:00,107828.0,107829.0,107766.0,107799.0,300
2026-06-28 03:30:00,107798.0,107819.0,107770.0,107801.0,300
2026-06-28 03:35:00,107803.0,107811.0,107768.0,107771.0,300
2026-06-28 03:40:00,107773.0,107835.0,107773.0,107827.0,300
2026-06-28 03:45:00,107829.0,107859.0,107828.0,107831.0,300
2026-06-28 03:50:00,107832.0,107854.0,107830.0,107842.0,300
2026-06-28 03:55:00,107843.0,107847.0,107791.0,107812.0,300
2026-06-28 04:00:00,107813.0,107830.0,107803.0,107822.0,300
2026-06-28 04:05:00,107820.0,107837.0,107789.0,107790.0,300
2026-06-28 04:10:00,107791.0,107809.0,107779.0,107797.0,300
2026-06-28 04:15:00,107796.0,107841.0,107793.0,107799.0,300
2026-06-28 04:20:00,107801.0,107826.0,107791.0,107802.0,300
2026-06-28 04:25:00,107800.0,107823.0,107790.0,107812.0,300
2026-06-28 04:30:00,107814.0,107828.0,107781.0,107785.0,300
2026-06-28 04:35:00,107787.0,107811.0,107780.0,107790.0,300
2026-06-28 04:40:00,107789.0,107815.0,107788.0,107803.0,300
2026-06-28 04:45:00,107802.0,107802.0,107757.0,107776.0,300
2026-06-28 04:50:00,107778.0,107844.0,107752.0,107842.0,300
2026-06-28 04:55:00,107843.0,107846.0,107793.0,107793.0,300
2026-06-28 05:00:00,107792.0,107838.0,107792.0,107796.0,300
2026-06-28 05:05:00,107798.0,107807.0,107770.0,107785.0,300
2026-06-28 05:10:00,107783.0,107806.0,107775.0,107800.0,300
2026-06-28 05:15:00,107799.0,107870.0,107799.0,107870.0,300
2026-06-28 05:20:00,107871.0,107888.0,107855.0,107863.0,300
2026-06-28 05:25:00,107864.0,107907.0,107849.0,107882.0,300
2026-06-28 05:30:00,107881.0,107916.0,107875.0,107905.0,300
2026-06-28 05:35:00,107907.0,107944.0,107907.0,107915.0,300
2026-06-28 05:40:00,107916.0,107920.0,107890.0,107904.0,300
2026-06-28 05:45:00,107903.0,107947.0,107901.0,107946.0,271
2026-06-28 05:50:00,107947.0,107969.0,107932.0,107939.0,300
2026-06-28 05:55:00,107938.0,107964.0,107918.0,107940.0,300
2026-06-28 06:00:00,107939.0,107944.0,107906.0,107916.0,300
2026-06-28 06:05:00,107917.0,107949.0,107910.0,107940.0,300
2026-06-28 06:10:00,107941.0,107941.0,107889.0,107911.0,300
2026-06-28 06:15:00,107910.0,107939.0,107894.0,107932.0,300
2026-06-28 06:20:00,107934.0,107936.0,107897.0,107922.0,300
2026-06-28 06:25:00,107920.0,107928.0,107883.0,107900.0,300
2026-06-28 06:30:00,107901.0,107926.0,107894.0,107900.0,300
2026-06-28 06:35:00,107902.0,107925.0,107897.0,107910.0,300
2026-06-28 06:40:00,107909.0,107944.0,107906.0,107918.0,300
2026-06-28 06:45:00,107920.0,107935.0,107898.0,107917.0,300
2026-06-28 07:00:00,107918.0,107930.0,107903.0,107907.0,300
2026-06-28 07:05:00,107909.0,107911.0,107883.0,107887.0,300
2026-06-28 07:10:00,107889.0,107928.0,107877.0,107923.0,300
2026-06-28 07:15:00,107921.0,107955.0,107910.0,107954.0,300
2026-06-28 07:20:00,107952.0,107981.0,107950.0,107973.0,300
2026-06-28 07:25:00,107975.0,108013.0,107965.0,108009.0,300
2026-06-28 07:30:00,108007.0,108041.0,108006.0,108018.0,300
2026-06-28 07:35:00,108017.0,108020.0,107944.0,107948.0,300
2026-06-28 07:40:00,107947.0,107957.0,107936.0,107937.0,300
2026-06-28 07:45:00,107938.0,107938.0,107915.0,107922.0,300
2026-06-28 07:50:00,107920.0,107933.0,107883.0,107884.0,234
2026-06-28 07:55:00,107885.0,107910.0,107860.0,107907.0,300
2026-06-28 08:00:00,107909.0,107922.0,107889.0,107913.0,237
2026-06-28 08:05:00,107914.0,107928.0,107902.0,107904.0,300
2026-06-28 08:10:00,107905.0,107906.0,107867.0,107881.0,300
2026-06-28 08:15:00,107880.0,107893.0,107864.0,107875.0,300
2026-06-28 08:20:00,107874.0,107911.0,107869.0,107895.0,300
2026-06-28 08:25:00,107896.0,107906.0,107870.0,107877.0,300
2026-06-28 08:30:00,107879.0,107886.0,107864.0,107875.0,300
2026-06-28 08:35:00,107877.0,107958.0,107877.0,107951.0,300
2026-06-28 08:40:00,107950.0,107950.0,107893.0,107908.0,300
2026-06-28 08:45:00,107906.0,107921.0,107890.0,107913.0,300
2026-06-28 08:50:00,107915.0,107923.0,107874.0,107884.0,300
2026-06-28 08:55:00,107883.0,107896.0,107873.0,107892.0,300
2026-06-28 09:00:00,107891.0,107912.0,107871.0,107896.0,300
2026-06-28 09:05:00,107894.0,107895.0,107857.0,107885.0,300
2026-06-28 09:10:00,107887.0,107893.0,107845.0,107861.0,300
2026-06-28 09:15:00,107860.0,107891.0,107860.0,107870.0,300
2026-06-28 09:20:00,107869.0,107883.0,107863.0,107875.0,300
2026-06-28 09:25:00,107874.0,107877.0,107840.0,107842.0,300
2026-06-28 09:30:00,107843.0,107870.0,107821.0,107824.0,300
2026-06-28 09:35:00,107822.0,107844.0,107814.0,107827.0,300
2026-06-28 09:40:00,107829.0,107864.0,107829.0,107858.0,291
2026-06-28 09:45:00,107859.0,107862.0,107803.0,107806.0,300
2026-06-28 09:50:00,107804.0,107852.0,107803.0,107817.0,300
2026-06-28 09:55:00,107819.0,107860.0,107800.0,107805.0,300
2026-06-28 10:00:00,107803.0,107829.0,107785.0,107825.0,300
2026-06-28 10:05:00,107823.0,107845.0,107805.0,107824.0,300
2026-06-28 10:10:00,107823.0,107845.0,107803.0,107832.0,300
2026-06-28 10:15:00,107834.0,107856.0,107825.0,107852.0,300
2026-06-28 10:20:00,107851.0,107879.0,107846.0,107863.0,300
2026-06-28 10:25:00,107862.0,107928.0,107853.0,107923.0,300
2026-06-28 10:30:00,107925.0,107943.0,107905.0,107911.0,300
2026-06-28 10:35:00,107912.0,107959.0,107911.0,107955.0,300
2026-06-28 10:40:00,107956.0,107967.0,107929.0,107952.0,300
2026-06-28 10:45:00,107954.0,107974.0,107941.0,107956.0,300
2026-06-28 10:50:00,107954.0,107972.0,107929.0,107941.0,300
2026-06-28 10:55:00,107942.0,107984.0,107937.0,107955.0,300
2026-06-28 11:00:00,107953.0,107954.0,107879.0,107894.0,300
2026-06-28 11:05:00,107892.0,107910.0,107886.0,107896.0,300
2026-06-28 11:10:00,107894.0,107902.0,107868.0,107876.0,300
2026-06-28 11:15:00,107878.0,107885.0,107860.0,107877.0,300
2026-06-28 11:20:00,107875.0,107876.0,107822.0,107830.0,300
2026-06-28 11:25:00,107832.0,107841.0,107812.0,107834.0,300
2026-06-28 11:30:00,107835.0,107858.0,107801.0,107811.0,300
2026-06-28 11:35:00,107810.0,107866.0,107809.0,107848.0,300
2026-06-28 11:40:00,107849.0,107886.0,107849.0,107871.0,300
2026-06-28 11:45:00,107872.0,107873.0,107809.0,107816.0,300
2026-06-28 11:50:00,107818.0,107831.0,107792.0,107806.0,300
2026-06-28 11:55:00,107808.0,107841.0,107801.0,107812.0,300
2026-06-28 12:00:00,107810.0,107810.0,107769.0,107786.0,300
2026-06-28 12:05:00,107787.0,107809.0,107762.0,107781.0,300
2026-06-28 12:10:00,107779.0,107786.0,107760.0,107760.0,300
2026-06-28 12:15:00,107758.0,107783.0,107757.0,107768.0,300
2026-06-28 12:20:00,107769.0,107786.0,107759.0,107763.0,300
2026-06-28 12:25:00,107762.0,107791.0,107750.0,107789.0,300
2026-06-28 12:30:00,107788.0,107812.0,107783.0,107796.0,300
2026-06-28 12:35:00,107798.0,107800.0,107763.0,107764.0,300
2026-06-28 12:40:00,107762.0,107769.0,107719.0,107727.0,298
2026-06-28 12:45:00,107726.0,107730.0,107697.0,107724.0,300
2026-06-28 12:50:00,107726.0,107758.0,107715.0,107754.0,300
2026-06-28 12:55:00,107756.0,107784.0,107756.0,107775.0,300
2026-06-28 13:00:00,107773.0,107798.0,107765.0,107786.0,300
2026-06-28 13:05:00,107785.0,107816.0,107780.0,107807.0,300
2026-06-28 13:10:00,107806.0,107851.0,107794.0,107850.0,300
2026-06-28 13:15:00,107852.0,107859.0,107798.0,107859.0,300
2026-06-28 13:20:00,107857.0,107898.0,107848.0,107881.0,300
2026-06-28 13:25:00,107879.0,107906.0,107866.0,107900.0,300
2026-06-28 13:30:00,107899.0,107933.0,107897.0,107925.0,300
2026-06-28 13:35:00,107923.0,107923.0,107887.0,107894.0,300
2026-06-28 13:40:00,107895.0,107921.0,107881.0,107900.0,300
2026-06-28 13:45:00,107899.0,107901.0,107863.0,107871.0,300
2026-06-28 13:50:00,107873.0,107874.0,107803.0,107808.0,300
2026-06-28 13:55:00,107810.0,107812.0,107764.0,107783.0,300
2026-06-28 14:00:00,107784.0,107801.0,107755.0,107758.0,300
2026-06-28 14:05:00,107756.0,107764.0,107700.0,107711.0,300
2026-06-28 14:10:00,107713.0,107723.0,107689.0,107694.0,300
2026-06-28 14:15:00,107693.0,107709.0,107670.0,107678.0,300
2026-06-28 14:20:00,107676.0,107681.0,107640.0,107648.0,300
2026-06-28 14:25:00,107646.0,107665.0,107635.0,107650.0,300
2026-06-28 14:30:00,107649.0,107660.0,107591.0,107591.0,300
2026-06-28 14:35:00,107589.0,107600.0,107570.0,107585.0,300
2026-06-28 14:40:00,107586.0,107617.0,107570.0,107605.0,300
2026-06-28 14:45:00,107607.0,107630.0,107601.0,107616.0,300
2026-06-28 14:50:00,107615.0,107638.0,107595.0,107613.0,300
2026-06-28 14:55:00,107615.0,107643.0,107614.0,107639.0,300
2026-06-28 15:00:00,107638.0,107670.0,107638.0,107646.0,300
2026-06-28 15:05:00,107647.0,107693.0,107638.0,107693.0,300
2026-06-28 15:10:00,107694.0,107722.0,107692.0,107712.0,300
2026-06-28 15:15:00,107710.0,107742.0,107695.0,107716.0,300
2026-06-28 15:20:00,107717.0,107738.0,107701.0,107738.0,300
2026-06-28 15:25:00,107740.0,107746.0,107723.0,107736.0,300
2026-06-28 15:30:00,107737.0,107737.0,107711.0,107726.0,300
2026-06-28 15:35:00,107727.0,107757.0,107711.0,107753.0,300
2026-06-28 15:40:00,107751.0,107783.0,107747.0,107770.0,300
2026-06-28 15:45:00,107769.0,107782.0,107748.0,107756.0,300
2026-06-28 15:50:00,107755.0,107768.0,107732.0,107761.0,300
2026-06-28 15:55:00,107760.0,107791.0,107742.0,107791.0,300
2026-06-28 16:00:00,107790.0,107798.0,107765.0,107766.0,300
2026-06-28 16:05:00,107764.0,107793.0,107748.0,107775.0,300
2026-06-28 16:10:00,107773.0,107788.0,107732.0,107745.0,300
2026-06-28 16:15:00,107747.0,107763.0,107738.0,107747.0,300
2026-06-28 16:20:00,107749.0,107762.0,107738.0,107749.0,300
2026-06-28 16:25:00,107751.0,107765.0,107722.0,107763.0,300
2026-06-28 16:30:00,107761.0,107784.0,107750.0,107765.0,300
2026-06-28 16:35:00,107763.0,107796.0,107760.0,107761.0,300
2026-06-28 16:40:00,107759.0,107797.0,107759.0,107785.0,300
2026-06-28 16:45:00,107786.0,107816.0,107783.0,107814.0,300
2026-06-28 16:50:00,107815.0,107841.0,107809.0,107820.0,300
2026-06-28 16:55:00,107822.0,107863.0,107814.0,107859.0,300
2026-06-28 17:00:00,107858.0,107878.0,107836.0,107845.0,300
2026-06-28 17:05:00,107843.0,107866.0,107827.0,107833.0,300
2026-06-28 17:10:00,107831.0,107885.0,107829.0,107874.0,300
2026-06-28 17:15:00,107875.0,107891.0,107848.0,107876.0,300
2026-06-28 17:20:00,107874.0,107906.0,107860.0,107892.0,300
2026-06-28 17:25:00,107891.0,107896.0,107858.0,107875.0,300
2026-06-28 17:30:00,107873.0,107882.0,107847.0,107847.0,300
2026-06-28 17:35:00,107846.0,107905.0,107845.0,107863.0,300
2026-06-28 17:40:00,107861.0,107862.0,107801.0,107802.0,300
2026-06-28 17:45:00,107801.0,107820.0,107778.0,107782.0,300
2026-06-28 17:50:00,107783.0,107816.0,107778.0,107795.0,300
2026-06-28 17:55:00,107793.0,107816.0,107786.0,107808.0,300
2026-06-28 18:00:00,107810.0,107810.0,107786.0,107803.0,300
2026-06-28 18:05:00,107805.0,107839.0,107799.0,107833.0,300
2026-06-28 18:10:00,107831.0,107842.0,107800.0,107808.0,300
2026-06-28 18:15:00,107809.0,107870.0,107808.0,107852.0,300
2026-06-28 18:20:00,107854.0,107870.0,107830.0,107830.0,300
2026-06-28 18:25:00,107828.0,107869.0,107814.0,107855.0,300
2026-06-28 18:30:00,107856.0,107883.0,107839.0,107868.0,300
2026-06-28 18:35:00,107869.0,107901.0,107857.0,107901.0,300
2026-06-28 18:40:00,107899.0,107912.0,107884.0,107890.0,300
2026-06-28 18:45:00,107889.0,107900.0,107845.0,107873.0,300
2026-06-28 18:50:00,107872.0,107885.0,107844.0,107881.0,300
2026-06-28 18:55:00,107879.0,107889.0,107846.0,107854.0,300
2026-06-28 19:00:00,107856.0,107863.0,107818.0,107851.0,300
2026-06-28 19:05:00,107853.0,107857.0,107828.0,107843.0,300
2026-06-28 19:10:00,107842.0,107847.0,107799.0,107807.0,300
2026-06-28 19:15:00,107808.0,107825.0,107795.0,107798.0,300
2026-06-28 19:20:00,107796.0,107798.0,107775.0,107791.0,300
2026-06-28 19:25:00,107792.0,107839.0,107787.0,107834.0,300
2026-06-28 19:30:00,107835.0,107864.0,107821.0,107847.0,300
2026-06-28 19:35:00,107848.0,107855.0,107819.0,107833.0,300
2026-06-28 19:40:00,107832.0,107840.0,107803.0,107831.0,252
2026-06-28 19:45:00,107831.0,107853.0,107811.0,107819.0,292
2026-06-28 19:50:00,107820.0,107846.0,107815.0,107821.0,300
2026-06-28 19:55:00,107820.0,107820.0,107782.0,107799.0,300
2026-06-28 20:00:00,107800.0,107817.0,107779.0,107808.0,300
2026-06-28 20:05:00,107807.0,107835.0,107788.0,107791.0,300
2026-06-28 20:10:00,107793.0,107818.0,107778.0,107808.0,300
2026-06-28 20:15:00,107809.0,107818.0,107764.0,107783.0,300
2026-06-28 20:20:00,107782.0,107819.0,107779.0,107798.0,300
2026-06-28 20:25:00,107796.0,107801.0,107766.0,107773.0,300
2026-06-28 20:30:00,107771.0,107788.0,107739.0,107745.0,300
2026-06-28 20:35:00,107746.0,107755.0,107721.0,107725.0,300
2026-06-28 20:40:00,107724.0,107768.0,107722.0,107767.0,300
2026-06-28 20:45:00,107769.0,107801.0,107748.0,107797.0,300
2026-06-28 20:50:00,107796.0,107852.0,107789.0,107849.0,300
2026-06-28 20:55:00,107850.0,107872.0,107821.0,107872.0,300
2026-06-28 21:00:00,107874.0,107929.0,107872.0,107928.0,300
2026-06-28 21:05:00,107929.0,107932.0,107894.0,107915.0,300
2026-06-28 21:10:00,107914.0,107914.0,107878.0,107896.0,300
2026-06-28 21:15:00,107895.0,107906.0,107875.0,107894.0,300
2026-06-28 21:20:00,107896.0,107941.0,107896.0,107932.0,300
2026-06-28 21:25:00,107931.0,107940.0,107914.0,107918.0,300
2026-06-28 21:30:00,107920.0,107928.0,107884.0,107893.0,300
2026-06-28 21:35:00,107891.0,107939.0,107888.0,107923.0,300
2026-06-28 21:40:00,107925.0,107947.0,107924.0,107937.0,300
2026-06-28 21:45:00,107935.0,107950.0,107900.0,107904.0,300
2026-06-28 21:50:00,107906.0,107918.0,107874.0,107918.0,300
2026-06-28 21:55:00,107920.0,107938.0,107896.0,107903.0,300
2026-06-28 22:00:00,107905.0,107911.0,107868.0,107881.0,300
2026-06-28 22:05:00,107883.0,107903.0,107864.0,107901.0,300
2026-06-28 22:10:00,107903.0,107919.0,107877.0,107896.0,300
2026-06-28 22:15:00,107895.0,107903.0,107869.0,107897.0,300
2026-06-28 22:20:00,107899.0,107924.0,107893.0,107907.0,300
2026-06-28 22:25:00,107906.0,107917.0,107887.0,107901.0,300
2026-06-28 22:30:00,107899.0,107930.0,107895.0,107914.0,300
2026-06-28 22:35:00,107912.0,107952.0,107912.0,107917.0,300
2026-06-28 22:40:00,107915.0,107919.0,107885.0,107909.0,300
2026-06-28 22:45:00,107907.0,107921.0,107888.0,107919.0,300
2026-06-28 22:50:00,107917.0,107917.0,107882.0,107911.0,300
2026-06-28 22:55:00,107910.0,107979.0,107906.0,107966.0,300
2026-06-28 23:00:00,107965.0,107989.0,107945.0,107987.0,300
2026-06-28 23:05:00,107986.0,108105.0,107985.0,108101.0,300
2026-06-28 23:10:00,108099.0,108110.0,108075.0,108090.0,300
2026-06-28 23:15:00,108088.0,108112.0,108074.0,108074.0,300
2026-06-28 23:20:00,108075.0,108117.0,108071.0,108102.0,300
2026-06-28 23:25:00,108100.0,108139.0,108095.0,108139.0,300
2026-06-28 23:30:00,108141.0,108161.0,108133.0,108140.0,300
2026-06-28 23:35:00,108139.0,108174.0,108136.0,108174.0,300
2026-06-28 23:40:00,108173.0,108177.0,108142.0,108167.0,300
2026-06-28 23:45:00,108166.0,108183.0,108148.0,108163.0,300
2026-06-28 23:50:00,108164.0,108176.0,108146.0,108154.0,300
2026-06-28 23:55:00,108155.0,108184.0,108153.0,108170.0,300
2026-06-29 00:00:00,108171.0,108179.0,108121.0,108125.0,300
2026-06-29 00:05:00,108123.0,108124.0,108076.0,108108.0,300
2026-06-29 00:10:00,108106.0,108120.0,108074.0,108074.0,300
2026-06-29 00:15:00,108072.0,108075.0,108024.0,108034.0,300
2026-06-29 00:20:00,108035.0,108062.0,108028.0,108034.0,300
2026-06-29 00:25:00,108036.0,108061.0,108013.0,108014.0,300
2026-06-29 00:30:00,108013.0,108029.0,107998.0,108006.0,300
2026-06-29 00:35:00,108005.0,108020.0,107982.0,108007.0,300
2026-06-29 00:40:00,108005.0,108012.0,107976.0,108006.0,300
2026-06-29 00:45:00,108008.0,108014.0,107988.0,107990.0,300
2026-06-29 00:50:00,107988.0,108000.0,107976.0,107990.0,300
2026-06-29 00:55:00,107991.0,107991.0,107959.0,107973.0,300
2026-06-29 01:00:00,107974.0,107999.0,107958.0,107976.0,300
2026-06-29 01:05:00,107975.0,107983.0,107949.0,107954.0,300
2026-06-29 01:10:00,107953.0,107965.0,107938.0,107963.0,300
2026-06-29 01:15:00,107964.0,107970.0,107930.0,107931.0,300
2026-06-29 01:20:00,107933.0,107935.0,107911.0,107919.0,300
2026-06-29 01:25:00,107917.0,107942.0,107904.0,107904.0,300
2026-06-29 01:30:00,107903.0,107940.0,107898.0,107920.0,300
2026-06-29 01:35:00,107919.0,107933.0,107909.0,107926.0,300
2026-06-29 01:40:00,107925.0,107953.0,107912.0,107953.0,300
2026-06-29 01:45:00,107954.0,107997.0,107949.0,107949.0,300
2026-06-29 01:50:00,107950.0,107952.0,107893.0,107893.0,300
2026-06-29 01:55:00,107894.0,107900.0,107883.0,107892.0,300
2026-06-29 02:00:00,107891.0,107916.0,107887.0,107905.0,300
2026-06-29 02:05:00,107907.0,107911.0,107873.0,107893.0,300
2026-06-29 02:10:00,107892.0,107910.0,107873.0,107906.0,300
2026-06-29 02:15:00,107905.0,107907.0,107872.0,107888.0,300
2026-06-29 02:20:00,107889.0,107943.0,107885.0,107941.0,300
2026-06-29 02:25:00,107943.0,107985.0,107940.0,107957.0,300
2026-06-29 02:30:00,107956.0,107999.0,107950.0,107967.0,300
2026-06-29 02:35:00,107965.0,107976.0,107941.0,107963.0,300
2026-06-29 02:40:00,107965.0,107974.0,107932.0,107953.0,300
2026-06-29 02:45:00,107952.0,108011.0,107936.0,108006.0,300
2026-06-29 02:50:00,108007.0,108011.0,107980.0,107995.0,300
2026-06-29 02:55:00,107994.0,108011.0,107964.0,108011.0,300
2026-06-29 03:00:00,108012.0,108034.0,107983.0,107985.0,300
2026-06-29 03:05:00,107984.0,108008.0,107955.0,107969.0,300
2026-06-29 03:10:00,107968.0,107972.0,107949.0,107951.0,300
2026-06-29 03:15:00,107952.0,107955.0,107919.0,107937.0,300
2026-06-29 03:20:00,107939.0,107985.0,107937.0,107965.0,300
2026-06-29 03:25:00,107967.0,107979.0,107950.0,107950.0,300
2026-06-29 03:30:00,107948.0,107965.0,107934.0,107961.0,300
2026-06-29 03:35:00,107959.0,107964.0,107901.0,107901.0,300
2026-06-29 03:40:00,107902.0,107930.0,107871.0,107871.0,300
2026-06-29 03:45:00,107870.0,107879.0,107826.0,107837.0,300
2026-06-29 03:50:00,107838.0,107865.0,107838.0,107850.0,300
2026-06-29 03:55:00,107849.0,107870.0,107841.0,107857.0,300
2026-06-29 04:00:00,107856.0,107870.0,107844.0,107846.0,300
2026-06-29 04:05:00,107848.0,107856.0,107798.0,107814.0,300
2026-06-29 04:10:00,107813.0,107823.0,107790.0,107812.0,300
2026-06-29 04:15:00,107813.0,107815.0,107771.0,107776.0,300
2026-06-29 04:20:00,107778.0,107788.0,107749.0,107750.0,300
2026-06-29 04:25:00,107752.0,107771.0,107718.0,107759.0,300
2026-06-29 04:30:00,107758.0,107778.0,107745.0,107763.0,300
2026-06-29 04:35:00,107765.0,107767.0,107689.0,107702.0,300
2026-06-29 04:40:00,107701.0,107725.0,107688.0,107716.0,300
2026-06-29 04:45:00,107718.0,107723.0,107660.0,107668.0,300
2026-06-29 04:50:00,107669.0,107702.0,107668.0,107680.0,300
2026-06-29 04:55:00,107679.0,107683.0,107627.0,107630.0,300
2026-06-29 05:00:00,107628.0,107644.0,107608.0,107608.0,300
2026-06-29 05:05:00,107609.0,107622.0,107594.0,107612.0,300
2026-06-29 05:10:00,107611.0,107632.0,107595.0,107622.0,300
2026-06-29 05:15:00,107623.0,107667.0,107617.0,107660.0,300
2026-06-29 05:20:00,107659.0,107707.0,107659.0,107680.0,300
2026-06-29 05:25:00,107682.0,107714.0,107682.0,107698.0,300
2026-06-29 05:30:00,107699.0,107722.0,107697.0,107705.0,300
2026-06-29 05:35:00,107706.0,107713.0,107670.0,107685.0,300
2026-06-29 05:40:00,107687.0,107718.0,107677.0,107713.0,300
2026-06-29 05:45:00,107715.0,107720.0,107664.0,107678.0,300
2026-06-29 05:50:00,107679.0,107696.0,107668.0,107686.0,300
2026-06-29 05:55:00,107688.0,107691.0,107660.0,107675.0,300
2026-06-29 06:00:00,107677.0,107691.0,107660.0,107681.0,300
2026-06-29 06:05:00,107679.0,107687.0,107650.0,107677.0,300
2026-06-29 06:10:00,107678.0,107695.0,107656.0,107661.0,300
2026-06-29 06:15:00,107659.0,107696.0,107642.0,107694.0,300
2026-06-29 06:20:00,107692.0,107776.0,107689.0,107774.0,300
2026-06-29 06:25:00,107775.0,107777.0,107748.0,107762.0,300
2026-06-29 06:30:00,107763.0,107768.0,107731.0,107745.0,300
2026-06-29 06:35:00,107747.0,107750.0,107690.0,107705.0,300
2026-06-29 06:40:00,107707.0,107731.0,107701.0,107714.0,300
2026-06-29 06:45:00,107713.0,107730.0,107694.0,107700.0,300
2026-06-29 06:50:00,107699.0,107723.0,107693.0,107723.0,300
2026-06-29 06:55:00,107725.0,107756.0,107719.0,107752.0,300
2026-06-29 07:00:00,107753.0,107777.0,107737.0,107773.0,300
2026-06-29 07:05:00,107774.0,107779.0,107737.0,107752.0,300
2026-06-29 07:10:00,107751.0,107776.0,107749.0,107773.0,300
2026-06-29 07:15:00,107774.0,107784.0,107750.0,107779.0,300
2026-06-29 07:20:00,107778.0,107788.0,107733.0,107750.0,300
2026-06-29 07:25:00,107749.0,107751.0,107705.0,107722.0,300
2026-06-29 07:30:00,107720.0,107748.0,107718.0,107742.0,300
2026-06-29 07:35:00,107740.0,107743.0,107699.0,107709.0,300
2026-06-29 07:40:00,107708.0,107723.0,107656.0,107669.0,300
2026-06-29 07:45:00,107667.0,107680.0,107654.0,107672.0,300
2026-06-29 07:50:00,107673.0,107690.0,107636.0,107637.0,300
2026-06-29 07:55:00,107639.0,107639.0,107609.0,107623.0,300
2026-06-29 08:00:00,107624.0,107632.0,107606.0,107609.0,300
2026-06-29 08:05:00,107607.0,107644.0,107606.0,107628.0,300
2026-06-29 08:10:00,107627.0,107672.0,107627.0,107666.0,300
2026-06-29 08:15:00,107668.0,107680.0,107647.0,107664.0,300
2026-06-29 08:20:00,107663.0,107691.0,107648.0,107650.0,300
2026-06-29 08:25:00,107651.0,107652.0,107612.0,107620.0,300
2026-06-29 08:30:00,107619.0,107622.0,107594.0,107601.0,300
2026-06-29 08:35:00,107600.0,107621.0,107569.0,107573.0,300
2026-06-29 08:40:00,107571.0,107580.0,107541.0,107565.0,300
2026-06-29 08:45:00,107564.0,107580.0,107551.0,107579.0,300
2026-06-29 08:50:00,107580.0,107646.0,107580.0,107640.0,300
2026-06-29 08:55:00,107641.0,107644.0,107603.0,107611.0,300
2026-06-29 09:00:00,107609.0,107611.0,107581.0,107598.0,300
2026-06-29 09:05:00,107596.0,107596.0,107553.0,107570.0,300
2026-06-29 09:10:00,107571.0,107578.0,107495.0,107504.0,300
2026-06-29 09:15:00,107506.0,107537.0,107500.0,107524.0,300
2026-06-29 09:20:00,107526.0,107536.0,107504.0,107532.0,300
2026-06-29 09:25:00,107533.0,107541.0,107504.0,107527.0,300
2026-06-29 09:30:00,107529.0,107543.0,107509.0,107541.0,300
2026-06-29 09:35:00,107543.0,107576.0,107528.0,107538.0,300
2026-06-29 09:40:00,107536.0,107563.0,107530.0,107540.0,300
2026-06-29 09:45:00,107541.0,107576.0,107533.0,107539.0,300
2026-06-29 09:50:00,107537.0,107565.0,107536.0,107556.0,300
2026-06-29 09:55:00,107554.0,107571.0,107525.0,107531.0,300
2026-06-29 10:00:00,107533.0,107538.0,107509.0,107510.0,300
2026-06-29 10:05:00,107512.0,107564.0,107504.0,107534.0,300
2026-06-29 10:10:00,107533.0,107567.0,107522.0,107551.0,300
2026-06-29 10:15:00,107553.0,107592.0,107553.0,107571.0,300
2026-06-29 10:20:00,107570.0,107576.0,107549.0,107555.0,300
2026-06-29 10:25:00,107556.0,107562.0,107492.0,107498.0,300
2026-06-29 10:30:00,107496.0,107506.0,107469.0,107484.0,300
2026-06-29 10:35:00,107486.0,107496.0,107446.0,107456.0,300
2026-06-29 10:40:00,107454.0,107464.0,107434.0,107448.0,300
2026-06-29 10:45:00,107446.0,107468.0,107439.0,107451.0,300
2026-06-29 10:50:00,107449.0,107451.0,107426.0,107448.0,300
2026-06-29 10:55:00,107447.0,107465.0,107438.0,107460.0,300
2026-06-29 11:00:00,107459.0,107464.0,107382.0,107402.0,300
2026-06-29 11:05:00,107404.0,107413.0,107392.0,107398.0,300
2026-06-29 11:10:00,107396.0,107460.0,107393.0,107458.0,300
2026-06-29 11:15:00,107457.0,107520.0,107453.0,107506.0,300
2026-06-29 11:20:00,107507.0,107550.0,107503.0,107542.0,300
2026-06-29 11:25:00,107540.0,107550.0,107517.0,107520.0,300
2026-06-29 11:30:00,107522.0,107568.0,107515.0,107558.0,300
2026-06-29 11:35:00,107557.0,107586.0,107548.0,107572.0,280
2026-06-29 11:40:00,107574.0,107601.0,107568.0,107601.0,300
2026-06-29 11:45:00,107599.0,107614.0,107579.0,107591.0,300
2026-06-29 11:50:00,107589.0,107593.0,107562.0,107572.0,300
2026-06-29 11:55:00,107571.0,107596.0,107561.0,107584.0,300
2026-06-29 12:00:00,107585.0,107625.0,107583.0,107624.0,300
2026-06-29 12:05:00,107625.0,107678.0,107625.0,107676.0,300
2026-06-29 12:10:00,107675.0,107699.0,107646.0,107695.0,300
2026-06-29 12:15:00,107696.0,107720.0,107694.0,107698.0,300
2026-06-29 12:20:00,107699.0,107733.0,107694.0,107729.0,300
2026-06-29 12:25:00,107730.0,107747.0,107697.0,107698.0,300
2026-06-29 12:30:00,107696.0,107713.0,107682.0,107710.0,300
2026-06-29 12:35:00,107712.0,107728.0,107700.0,107727.0,300
2026-06-29 12:40:00,107726.0,107730.0,107695.0,107715.0,300
2026-06-29 12:45:00,107714.0,107720.0,107692.0,107719.0,300
2026-06-29 12:50:00,107717.0,107729.0,107697.0,107724.0,300
2026-06-29 12:55:00,107726.0,107729.0,107688.0,107698.0,300
2026-06-29 13:00:00,107697.0,107714.0,107674.0,107701.0,300
2026-06-29 13:05:00,107700.0,107731.0,107685.0,107685.0,300
2026-06-29 13:10:00,107683.0,107716.0,107679.0,107711.0,300
2026-06-29 13:15:00,107713.0,107721.0,107678.0,107709.0,300
2026-06-29 13:20:00,107707.0,107735.0,107692.0,107715.0,300
2026-06-29 13:25:00,107716.0,107719.0,107687.0,107708.0,300
2026-06-29 13:30:00,107710.0,107737.0,107700.0,107716.0,300
2026-06-29 13:35:00,107718.0,107782.0,107709.0,107780.0,300
2026-06-29 13:40:00,107779.0,107794.0,107752.0,107793.0,300
2026-06-29 13:45:00,107792.0,107793.0,107764.0,107784.0,300
2026-06-29 13:50:00,107782.0,107803.0,107771.0,107779.0,300
2026-06-29 13:55:00,107780.0,107788.0,107742.0,107748.0,300
2026-06-29 14:00:00,107747.0,107775.0,107741.0,107769.0,300
2026-06-29 14:05:00,107768.0,107770.0,107709.0,107711.0,300
2026-06-29 14:10:00,107710.0,107716.0,107672.0,107681.0,300
2026-06-29 14:15:00,107679.0,107704.0,107667.0,107669.0,300
2026-06-29 14:20:00,107671.0,107700.0,107658.0,107678.0,300
2026-06-29 14:25:00,107677.0,107716.0,107672.0,107716.0,300
2026-06-29 14:30:00,107715.0,107721.0,107690.0,107713.0,300
2026-06-29 14:35:00,107712.0,107733.0,107664.0,107667.0,300
2026-06-29 14:40:00,107668.0,107682.0,107659.0,107669.0,300
2026-06-29 14:45:00,107671.0,107699.0,107668.0,107674.0,300
2026-06-29 14:50:00,107676.0,107698.0,107663.0,107676.0,300
2026-06-29 14:55:00,107674.0,107689.0,107661.0,107667.0,300
2026-06-29 15:00:00,107669.0,107699.0,107653.0,107679.0,300
2026-06-29 15:05:00,107678.0,107685.0,107635.0,107647.0,300
2026-06-29 15:10:00,107649.0,107698.0,107647.0,107664.0,300
2026-06-29 15:15:00,107662.0,107698.0,107652.0,107670.0,300
2026-06-29 15:20:00,107672.0,107704.0,107662.0,107680.0,300
2026-06-29 15:25:00,107678.0,107689.0,107635.0,107638.0,300
2026-06-29 15:30:00,107637.0,107654.0,107582.0,107588.0,300
2026-06-29 15:35:00,107590.0,107603.0,107582.0,107591.0,300
2026-06-29 15:40:00,107590.0,107597.0,107568.0,107571.0,300
2026-06-29 15:45:00,107570.0,107598.0,107563.0,107564.0,300
2026-06-29 15:50:00,107563.0,107601.0,107557.0,107582.0,300
2026-06-29 15:55:00,107580.0,107599.0,107569.0,107580.0,300
2026-06-29 16:00:00,107578.0,107580.0,107544.0,107545.0,300
2026-06-29 16:05:00,107543.0,107560.0,107531.0,107550.0,300
2026-06-29 16:10:00,107552.0,107554.0,107517.0,107526.0,300
2026-06-29 16:15:00,107527.0,107539.0,107496.0,107538.0,300
2026-06-29 16:20:00,107540.0,107553.0,107519.0,107525.0,300
2026-06-29 16:25:00,107524.0,107524.0,107494.0,107507.0,300
2026-06-29 16:30:00,107509.0,107537.0,107506.0,107512.0,300
2026-06-29 16:35:00,107511.0,107534.0,107497.0,107533.0,300
2026-06-29 16:40:00,107531.0,107548.0,107508.0,107539.0,300
2026-06-29 16:45:00,107538.0,107575.0,107536.0,107575.0,300
2026-06-29 16:50:00,107576.0,107591.0,107564.0,107579.0,300
2026-06-29 16:55:00,107577.0,107613.0,107572.0,107613.0,300
2026-06-29 17:00:00,107612.0,107646.0,107608.0,107636.0,300
2026-06-29 17:05:00,107638.0,107652.0,107593.0,107597.0,300
2026-06-29 17:10:00,107598.0,107629.0,107596.0,107614.0,300
2026-06-29 17:15:00,107612.0,107622.0,107578.0,107590.0,300
2026-06-29 17:20:00,107591.0,107591.0,107549.0,107562.0,300
2026-06-29 17:25:00,107560.0,107605.0,107549.0,107593.0,300
2026-06-29 17:30:00,107591.0,107592.0,107537.0,107571.0,300
2026-06-29 17:35:00,107569.0,107574.0,107539.0,107551.0,300
2026-06-29 17:40:00,107552.0,107555.0,107533.0,107547.0,300
2026-06-29 17:45:00,107545.0,107569.0,107532.0,107552.0,300
2026-06-29 17:50:00,107551.0,107561.0,107523.0,107526.0,300
2026-06-29 17:55:00,107524.0,107540.0,107504.0,107523.0,300
2026-06-29 18:00:00,107525.0,107531.0,107495.0,107516.0,300
2026-06-29 18:05:00,107518.0,107524.0,107485.0,107489.0,300
2026-06-29 18:10:00,107491.0,107538.0,107485.0,107533.0,300
2026-06-29 18:15:00,107535.0,107537.0,107485.0,107512.0,300
2026-06-29 18:20:00,107513.0,107525.0,107476.0,107489.0,300
2026-06-29 18:25:00,107488.0,107499.0,107461.0,107467.0,300
2026-06-29 18:30:00,107468.0,107482.0,107455.0,107458.0,300
2026-06-29 18:35:00,107460.0,107465.0,107411.0,107433.0,300
2026-06-29 18:40:00,107431.0,107455.0,107417.0,107431.0,300
2026-06-29 18:45:00,107430.0,107448.0,107410.0,107430.0,300
2026-06-29 18:50:00,107428.0,107497.0,107425.0,107467.0,300
2026-06-29 18:55:00,107469.0,107485.0,107454.0,107454.0,300
2026-06-29 19:00:00,107455.0,107511.0,107448.0,107506.0,295
2026-06-29 19:05:00,107505.0,107536.0,107487.0,107521.0,300
2026-06-29 19:10:00,107522.0,107537.0,107495.0,107505.0,300
2026-06-29 19:15:00,107507.0,107531.0,107486.0,107520.0,300
2026-06-29 19:20:00,107521.0,107558.0,107517.0,107530.0,300
2026-06-29 19:25:00,107531.0,107536.0,107494.0,107508.0,300
2026-06-29 19:30:00,107506.0,107513.0,107471.0,107476.0,300
2026-06-29 19:35:00,107477.0,107501.0,107469.0,107491.0,300
2026-06-29 19:40:00,107493.0,107499.0,107471.0,107473.0,300
2026-06-29 19:45:00,107472.0,107479.0,107426.0,107426.0,300
2026-06-29 19:50:00,107427.0,107432.0,107411.0,107415.0,300
2026-06-29 19:55:00,107416.0,107439.0,107404.0,107429.0,300
2026-06-29 20:00:00,107427.0,107452.0,107414.0,107449.0,300
2026-06-29 20:05:00,107450.0,107465.0,107428.0,107462.0,300
2026-06-29 20:10:00,107461.0,107472.0,107434.0,107435.0,300
2026-06-29 20:15:00,107437.0,107445.0,107363.0,107369.0,300
2026-06-29 20:20:00,107371.0,107379.0,107336.0,107350.0,300
2026-06-29 20:25:00,107349.0,107372.0,107337.0,107359.0,300
2026-06-29 20:30:00,107357.0,107371.0,107339.0,107351.0,300
2026-06-29 20:35:00,107353.0,107359.0,107329.0,107352.0,300
2026-06-29 20:40:00,107351.0,107352.0,107312.0,107327.0,300
2026-06-29 20:45:00,107325.0,107357.0,107309.0,107355.0,300
2026-06-29 20:50:00,107353.0,107357.0,107316.0,107324.0,300
2026-06-29 20:55:00,107325.0,107410.0,107325.0,107402.0,300
2026-06-29 21:00:00,107400.0,107416.0,107380.0,107381.0,300
2026-06-29 21:05:00,107383.0,107385.0,107334.0,107344.0,300
2026-06-29 21:10:00,107346.0,107351.0,107323.0,107332.0,300
2026-06-29 21:15:00,107330.0,107333.0,107286.0,107303.0,300
2026-06-29 21:20:00,107305.0,107307.0,107258.0,107267.0,300
2026-06-29 21:25:00,107268.0,107350.0,107268.0,107339.0,300
2026-06-29 21:30:00,107341.0,107356.0,107327.0,107349.0,300
2026-06-29 21:35:00,107350.0,107388.0,107343.0,107378.0,300
2026-06-29 21:40:00,107376.0,107380.0,107353.0,107355.0,300
2026-06-29 21:45:00,107353.0,107372.0,107331.0,107345.0,300
2026-06-29 21:50:00,107347.0,107370.0,107328.0,107331.0,300
2026-06-29 21:55:00,107332.0,107365.0,107319.0,107361.0,300
2026-06-29 22:00:00,107359.0,107402.0,107357.0,107392.0,300
2026-06-29 22:05:00,107391.0,107393.0,107344.0,107362.0,300
2026-06-29 22:10:00,107360.0,107373.0,107316.0,107317.0,300
2026-06-29 22:15:00,107315.0,107338.0,107308.0,107321.0,300
2026-06-29 22:20:00,107322.0,107357.0,107321.0,107346.0,300
2026-06-29 22:25:00,107344.0,107361.0,107307.0,107334.0,300
2026-06-29 22:30:00,107335.0,107338.0,107298.0,107310.0,300
2026-06-29 22:35:00,107311.0,107318.0,107292.0,107297.0,300
2026-06-29 22:40:00,107299.0,107330.0,107299.0,107326.0,300
2026-06-29 22:45:00,107328.0,107329.0,107300.0,107309.0,300
2026-06-29 22:50:00,107311.0,107312.0,107256.0,107260.0,300
2026-06-29 22:55:00,107262.0,107306.0,107260.0,107283.0,300
2026-06-29 23:00:00,107281.0,107311.0,107278.0,107311.0,300
2026-06-29 23:05:00,107310.0,107320.0,107278.0,107284.0,300
2026-06-29 23:10:00,107286.0,107330.0,107284.0,107326.0,300
2026-06-29 23:15:00,107328.0,107337.0,107301.0,107303.0,300
2026-06-29 23:20:00,107301.0,107344.0,107291.0,107336.0,300
2026-06-29 23:25:00,107334.0,107343.0,107313.0,107342.0,300
2026-06-29 23:30:00,107343.0,107361.0,107338.0,107348.0,300
2026-06-29 23:35:00,107350.0,107374.0,107340.0,107370.0,300
2026-06-29 23:40:00,107368.0,107379.0,107341.0,107353.0,300
2026-06-29 23:45:00,107351.0,107364.0,107319.0,107340.0,300
2026-06-29 23:50:00,107341.0,107385.0,107332.0,107360.0,300
2026-06-29 23:55:00,107362.0,107379.0,107301.0,107316.0,300
2026-06-30 00:00:00,107315.0,107329.0,107305.0,107324.0,300
2026-06-30 00:05:00,107326.0,107359.0,107313.0,107350.0,300
2026-06-30 00:10:00,107352.0,107356.0,107312.0,107314.0,300
2026-06-30 00:15:00,107315.0,107336.0,107292.0,107319.0,300
2026-06-30 00:20:00,107320.0,107337.0,107295.0,107295.0,300
2026-06-30 00:25:00,107294.0,107347.0,107294.0,107340.0,300
2026-06-30 00:30:00,107338.0,107384.0,107329.0,107379.0,300
2026-06-30 00:35:00,107378.0,107398.0,107376.0,107380.0,300
2026-06-30 00:40:00,107381.0,107401.0,107360.0,107378.0,300
2026-06-30 00:45:00,107380.0,107399.0,107374.0,107398.0,300
2026-06-30 00:50:00,107396.0,107421.0,107381.0,107414.0,300
2026-06-30 00:55:00,107415.0,107456.0,107415.0,107441.0,300
2026-06-30 01:00:00,107439.0,107445.0,107417.0,107423.0,300
2026-06-30 01:05:00,107421.0,107460.0,107420.0,107458.0,300
2026-06-30 01:10:00,107456.0,107476.0,107440.0,107474.0,300
2026-06-30 01:15:00,107476.0,107517.0,107472.0,107507.0,300
2026-06-30 01:20:00,107505.0,107512.0,107470.0,107492.0,300
2026-06-30 01:25:00,107494.0,107513.0,107478.0,107488.0,300
2026-06-30 01:30:00,107489.0,107514.0,107461.0,107514.0,300
2026-06-30 01:35:00,107512.0,107535.0,107504.0,107520.0,300
2026-06-30 01:40:00,107521.0,107553.0,107505.0,107551.0,300
2026-06-30 01:45:00,107550.0,107555.0,107523.0,107538.0,300
2026-06-30 01:50:00,107536.0,107566.0,107532.0,107537.0,300
2026-06-30 01:55:00,107539.0,107591.0,107536.0,107591.0,300
2026-06-30 02:00:00,107592.0,107600.0,107577.0,107588.0,300
2026-06-30 02:05:00,107589.0,107633.0,107588.0,107633.0,300
2026-06-30 02:10:00,107632.0,107646.0,107609.0,107614.0,300
2026-06-30 02:15:00,107616.0,107630.0,107601.0,107628.0,300
2026-06-30 02:20:00,107626.0,107632.0,107610.0,107624.0,300
2026-06-30 02:25:00,107626.0,107648.0,107608.0,107645.0,300
2026-06-30 02:30:00,107647.0,107703.0,107647.0,107691.0,300
2026-06-30 02:35:00,107689.0,107728.0,107678.0,107725.0,300
2026-06-30 02:40:00,107723.0,107730.0,107679.0,107685.0,300
2026-06-30 02:45:00,107684.0,107707.0,107675.0,107687.0,300
2026-06-30 02:50:00,107688.0,107707.0,107680.0,107687.0,300
2026-06-30 02:55:00,107685.0,107685.0,107638.0,107653.0,300
2026-06-30 03:00:00,107652.0,107692.0,107644.0,107692.0,300
2026-06-30 03:05:00,107690.0,107695.0,107677.0,107691.0,300
2026-06-30 03:10:00,107693.0,107729.0,107691.0,107729.0,300
2026-06-30 03:15:00,107727.0,107740.0,107709.0,107712.0,300
2026-06-30 03:20:00,107711.0,107732.0,107695.0,107714.0,300
2026-06-30 03:25:00,107716.0,107745.0,107705.0,107732.0,300
2026-06-30 03:30:00,107733.0,107741.0,107712.0,107714.0,300
2026-06-30 03:35:00,107716.0,107717.0,107692.0,107709.0,300
2026-06-30 03:40:00,107707.0,107715.0,107660.0,107660.0,300
2026-06-30 03:45:00,107659.0,107680.0,107635.0,107677.0,300
2026-06-30 03:50:00,107678.0,107710.0,107664.0,107692.0,300
2026-06-30 03:55:00,107691.0,107700.0,107666.0,107681.0,300
2026-06-30 04:00:00,107683.0,107685.0,107645.0,107647.0,300
2026-06-30 04:05:00,107649.0,107674.0,107636.0,107666.0,300
2026-06-30 04:10:00,107668.0,107723.0,107658.0,107710.0,300
2026-06-30 04:15:00,107712.0,107721.0,107693.0,107707.0,300
2026-06-30 04:20:00,107705.0,107752.0,107703.0,107744.0,300
2026-06-30 04:25:00,107742.0,107742.0,107714.0,107736.0,300
2026-06-30 04:30:00,107737.0,107743.0,107681.0,107690.0,300
2026-06-30 04:35:00,107691.0,107718.0,107680.0,107702.0,300
2026-06-30 04:40:00,107704.0,107750.0,107703.0,107748.0,300
2026-06-30 04:45:00,107750.0,107760.0,107699.0,107702.0,300
2026-06-30 04:50:00,107703.0,107712.0,107685.0,107707.0,300
2026-06-30 04:55:00,107705.0,107708.0,107659.0,107659.0,300
2026-06-30 05:00:00,107658.0,107674.0,107649.0,107670.0,300
2026-06-30 05:05:00,107669.0,107683.0,107655.0,107672.0,300
2026-06-30 05:10:00,107671.0,107691.0,107659.0,107672.0,300
2026-06-30 05:15:00,107673.0,107691.0,107657.0,107666.0,300
2026-06-30 05:20:00,107665.0,107671.0,107629.0,107653.0,300
2026-06-30 05:25:00,107651.0,107652.0,107625.0,107630.0,300
2026-06-30 05:30:00,107629.0,107644.0,107608.0,107633.0,300
2026-06-30 05:35:00,107631.0,107645.0,107608.0,107642.0,300
2026-06-30 05:40:00,107640.0,107640.0,107597.0,107613.0,300
2026-06-30 05:45:00,107611.0,107631.0,107595.0,107622.0,300
2026-06-30 05:50:00,107624.0,107661.0,107614.0,107654.0,300
2026-06-30 05:55:00,107652.0,107657.0,107625.0,107645.0,300
2026-06-30 06:00:00,107646.0,107650.0,107610.0,107620.0,300
2026-06-30 06:05:00,107619.0,107664.0,107619.0,107662.0,300
2026-06-30 06:10:00,107661.0,107700.0,107657.0,107692.0,300
2026-06-30 06:15:00,107694.0,107749.0,107680.0,107747.0,300
2026-06-30 06:20:00,107749.0,107751.0,107726.0,107739.0,300
2026-06-30 06:25:00,107737.0,107739.0,107697.0,107700.0,300
2026-06-30 06:30:00,107701.0,107704.0,107652.0,107673.0,300
2026-06-30 06:35:00,107671.0,107693.0,107644.0,107657.0,300
2026-06-30 06:40:00,107655.0,107680.0,107604.0,107606.0,300
2026-06-30 06:45:00,107604.0,107627.0,107600.0,107607.0,300
2026-06-30 06:50:00,107606.0,107639.0,107604.0,107616.0,300
2026-06-30 06:55:00,107618.0,107642.0,107597.0,107597.0,300
2026-06-30 07:00:00,107598.0,107613.0,107589.0,107598.0,300
2026-06-30 07:05:00,107599.0,107650.0,107599.0,107640.0,300
2026-06-30 07:10:00,107642.0,107664.0,107634.0,107645.0,300
2026-06-30 07:15:00,107644.0,107680.0,107606.0,107677.0,300
2026-06-30 07:20:00,107679.0,107708.0,107672.0,107697.0,300
2026-06-30 07:25:00,107698.0,107698.0,107637.0,107648.0,300
2026-06-30 07:30:00,107646.0,107686.0,107634.0,107685.0,300
2026-06-30 07:35:00,107686.0,107718.0,107678.0,107697.0,300
2026-06-30 07:40:00,107695.0,107708.0,107669.0,107684.0,300
2026-06-30 07:45:00,107685.0,107686.0,107649.0,107653.0,300
2026-06-30 07:50:00,107654.0,107668.0,107625.0,107666.0,300
2026-06-30 07:55:00,107664.0,107730.0,107663.0,107716.0,300
2026-06-30 08:00:00,107717.0,107757.0,107708.0,107755.0,300
2026-06-30 08:05:00,107754.0,107758.0,107734.0,107734.0,300
2026-06-30 08:10:00,107735.0,107741.0,107718.0,107726.0,300
2026-06-30 08:15:00,107725.0,107733.0,107710.0,107725.0,300
2026-06-30 08:20:00,107726.0,107740.0,107711.0,107728.0,300
2026-06-30 08:25:00,107727.0,107766.0,107719.0,107756.0,300
2026-06-30 08:30:00,107754.0,107775.0,107743.0,107765.0,300
2026-06-30 08:35:00,107767.0,107789.0,107748.0,107789.0,300
2026-06-30 08:40:00,107791.0,107816.0,107786.0,107810.0,300
2026-06-30 08:45:00,107811.0,107853.0,107810.0,107839.0,300
2026-06-30 08:50:00,107841.0,107860.0,107819.0,107855.0,299
2026-06-30 08:55:00,107856.0,107860.0,107823.0,107829.0,300
2026-06-30 09:00:00,107827.0,107827.0,107795.0,107809.0,300
2026-06-30 09:05:00,107810.0,107834.0,107803.0,107814.0,300
2026-06-30 09:10:00,107815.0,107835.0,107801.0,107826.0,300
2026-06-30 09:15:00,107824.0,107838.0,107778.0,107786.0,300
2026-06-30 09:20:00,107788.0,107801.0,107764.0,107792.0,300
2026-06-30 09:25:00,107791.0,107834.0,107789.0,107820.0,300
2026-06-30 09:30:00,107819.0,107823.0,107783.0,107810.0,300
2026-06-30 09:35:00,107811.0,107879.0,107810.0,107861.0,300
2026-06-30 09:40:00,107860.0,107881.0,107844.0,107861.0,300
2026-06-30 09:45:00,107860.0,107878.0,107843.0,107850.0,300
2026-06-30 09:50:00,107849.0,107894.0,107841.0,107869.0,300
2026-06-30 09:55:00,107868.0,107886.0,107853.0,107878.0,300
2026-06-30 10:00:00,107879.0,107898.0,107874.0,107877.0,300
2026-06-30 10:05:00,107878.0,107901.0,107864.0,107900.0,300
2026-06-30 10:10:00,107902.0,107902.0,107869.0,107876.0,300
2026-06-30 10:15:00,107874.0,107877.0,107831.0,107831.0,300
2026-06-30 10:20:00,107829.0,107831.0,107769.0,107784.0,300
2026-06-30 10:25:00,107786.0,107796.0,107767.0,107774.0,300
2026-06-30 10:30:00,107775.0,107802.0,107764.0,107767.0,300
2026-06-30 10:35:00,107769.0,107818.0,107765.0,107814.0,300
2026-06-30 10:40:00,107812.0,107851.0,107806.0,107850.0,300
2026-06-30 10:45:00,107852.0,107904.0,107844.0,107895.0,300
2026-06-30 10:50:00,107896.0,107921.0,107883.0,107890.0,300
2026-06-30 10:55:00,107892.0,107905.0,107863.0,107871.0,300
2026-06-30 11:00:00,107870.0,107904.0,107854.0,107896.0,300
2026-06-30 11:05:00,107894.0,107910.0,107887.0,107901.0,300
2026-06-30 11:10:00,107899.0,107914.0,107854.0,107883.0,300
2026-06-30 11:15:00,107881.0,107922.0,107873.0,107922.0,300
2026-06-30 11:20:00,107920.0,107968.0,107906.0,107951.0,300
2026-06-30 11:25:00,107952.0,107974.0,107942.0,107947.0,300
2026-06-30 11:30:00,107945.0,107945.0,107889.0,107891.0,300
2026-06-30 11:35:00,107889.0,107905.0,107879.0,107896.0,300
2026-06-30 11:40:00,107897.0,107926.0,107880.0,107922.0,300
2026-06-30 11:45:00,107920.0,107933.0,107906.0,107931.0,300
2026-06-30 11:50:00,107930.0,107943.0,107911.0,107943.0,300
2026-06-30 11:55:00,107942.0,107946.0,107904.0,107910.0,300
2026-06-30 12:00:00,107908.0,107948.0,107904.0,107946.0,300
2026-06-30 12:05:00,107947.0,107960.0,107925.0,107938.0,300
2026-06-30 12:10:00,107940.0,107982.0,107940.0,107973.0,300
2026-06-30 12:15:00,107972.0,107981.0,107949.0,107961.0,300
2026-06-30 12:20:00,107959.0,107967.0,107923.0,107943.0,300
2026-06-30 12:25:00,107942.0,107958.0,107929.0,107941.0,300
2026-06-30 12:30:00,107943.0,107945.0,107890.0,107906.0,300
2026-06-30 12:35:00,107908.0,107947.0,107906.0,107945.0,300
2026-06-30 12:40:00,107947.0,107968.0,107932.0,107968.0,300
2026-06-30 12:45:00,107970.0,108004.0,107963.0,108001.0,300
2026-06-30 12:50:00,108000.0,108063.0,107999.0,108063.0,300
2026-06-30 12:55:00,108064.0,108083.0,108054.0,108073.0,300
2026-06-30 13:00:00,108075.0,108098.0,108067.0,108098.0,300
2026-06-30 13:05:00,108099.0,108123.0,108099.0,108117.0,300
2026-06-30 13:10:00,108115.0,108126.0,108090.0,108102.0,300
2026-06-30 13:15:00,108100.0,108113.0,108086.0,108093.0,300
2026-06-30 13:20:00,108094.0,108129.0,108081.0,108087.0,300
2026-06-30 13:25:00,108088.0,108104.0,108036.0,108040.0,300
2026-06-30 13:30:00,108038.0,108062.0,108004.0,108004.0,300
2026-06-30 13:35:00,108006.0,108019.0,107976.0,108017.0,300
2026-06-30 13:40:00,108019.0,108027.0,107988.0,108015.0,300
2026-06-30 13:45:00,108017.0,108018.0,107914.0,107914.0,300
2026-06-30 13:50:00,107915.0,107939.0,107908.0,107920.0,300
2026-06-30 13:55:00,107918.0,107936.0,107905.0,107928.0,300
2026-06-30 14:00:00,107926.0,107935.0,107892.0,107897.0,300
2026-06-30 14:05:00,107896.0,107907.0,107862.0,107888.0,300
2026-06-30 14:10:00,107887.0,107917.0,107880.0,107912.0,300
2026-06-30 14:15:00,107914.0,107929.0,107900.0,107922.0,300
2026-06-30 14:20:00,107920.0,107944.0,107912.0,107923.0,300
2026-06-30 14:25:00,107924.0,107940.0,107908.0,107914.0,300
2026-06-30 14:30:00,107916.0,107933.0,107907.0,107911.0,300
2026-06-30 14:35:00,107910.0,107954.0,107907.0,107934.0,300
2026-06-30 14:40:00,107936.0,107966.0,107919.0,107919.0,300
2026-06-30 14:45:00,107917.0,107957.0,107900.0,107955.0,300
2026-06-30 14:50:00,107953.0,107975.0,107932.0,107972.0,300
2026-06-30 14:55:00,107970.0,107991.0,107963.0,107973.0,300
2026-06-30 15:00:00,107974.0,107976.0,107951.0,107961.0,300
2026-06-30 15:05:00,107960.0,107989.0,107951.0,107956.0,300
2026-06-30 15:10:00,107957.0,107966.0,107917.0,107950.0,300
2026-06-30 15:15:00,107949.0,107961.0,107925.0,107925.0,300
2026-06-30 15:20:00,107927.0,107968.0,107926.0,107961.0,300
2026-06-30 15:25:00,107959.0,108006.0,107935.0,108002.0,300
2026-06-30 15:30:00,108003.0,108030.0,107995.0,108030.0,300
2026-06-30 15:35:00,108032.0,108070.0,108006.0,108023.0,300
2026-06-30 15:40:00,108024.0,108024.0,107996.0,108004.0,300
2026-06-30 15:45:00,108003.0,108014.0,107925.0,107930.0,300
2026-06-30 15:50:00,107928.0,107947.0,107921.0,107938.0,300
2026-06-30 15:55:00,107940.0,107945.0,107868.0,107883.0,300
2026-06-30 16:00:00,107882.0,107889.0,107859.0,107884.0,300
2026-06-30 16:05:00,107883.0,107889.0,107840.0,107872.0,300
2026-06-30 16:10:00,107871.0,107912.0,107858.0,107903.0,300
2026-06-30 16:15:00,107905.0,107954.0,107905.0,107945.0,300
2026-06-30 16:20:00,107947.0,108003.0,107945.0,108001.0,300
2026-06-30 16:25:00,108000.0,108055.0,107998.0,108053.0,300
2026-06-30 16:30:00,108052.0,108092.0,108044.0,108092.0,300
2026-06-30 16:35:00,108091.0,108112.0,108079.0,108088.0,300
2026-06-30 16:40:00,108087.0,108090.0,108059.0,108078.0,300
2026-06-30 16:45:00,108079.0,108102.0,108058.0,108067.0,300
2026-06-30 16:50:00,108066.0,108080.0,108057.0,108066.0,300
2026-06-30 16:55:00,108064.0,108075.0,108037.0,108050.0,300
2026-06-30 17:00:00,108049.0,108076.0,108045.0,108068.0,300
2026-06-30 17:05:00,108067.0,108089.0,108050.0,108059.0,300
2026-06-30 17:10:00,108060.0,108064.0,108022.0,108040.0,300
2026-06-30 17:15:00,108039.0,108057.0,108012.0,108032.0,300
2026-06-30 17:20:00,108034.0,108055.0,108021.0,108022.0,300
2026-06-30 17:25:00,108023.0,108036.0,107993.0,107999.0,300
2026-06-30 17:30:00,108000.0,108018.0,107991.0,108013.0,300
2026-06-30 17:35:00,108012.0,108032.0,108003.0,108010.0,300
2026-06-30 17:40:00,108011.0,108022.0,107998.0,108020.0,300
2026-06-30 17:45:00,108022.0,108022.0,107961.0,107967.0,300
2026-06-30 17:50:00,107966.0,107979.0,107929.0,107957.0,300
2026-06-30 17:55:00,107955.0,107957.0,107875.0,107882.0,300
2026-06-30 18:00:00,107883.0,107893.0,107847.0,107860.0,300
2026-06-30 18:05:00,107858.0,107911.0,107857.0,107886.0,300
2026-06-30 18:10:00,107884.0,107896.0,107853.0,107853.0,300
2026-06-30 18:15:00,107854.0,107867.0,107828.0,107850.0,300
2026-06-30 18:20:00,107852.0,107864.0,107837.0,107857.0,300
2026-06-30 18:25:00,107859.0,107866.0,107831.0,107863.0,300
2026-06-30 18:30:00,107861.0,107875.0,107828.0,107836.0,300
2026-06-30 18:35:00,107838.0,107838.0,107803.0,107826.0,300
2026-06-30 18:40:00,107827.0,107858.0,107821.0,107852.0,300
2026-06-30 18:45:00,107851.0,107859.0,107822.0,107822.0,300
2026-06-30 18:50:00,107821.0,107853.0,107804.0,107806.0,300
2026-06-30 18:55:00,107804.0,107832.0,107803.0,107816.0,300
2026-06-30 19:00:00,107818.0,107890.0,107813.0,107884.0,300
2026-06-30 19:05:00,107882.0,107902.0,107871.0,107881.0,300
2026-06-30 19:10:00,107882.0,107887.0,107827.0,107868.0,300
2026-06-30 19:15:00,107867.0,107887.0,107844.0,107857.0,300
2026-06-30 19:20:00,107858.0,107906.0,107850.0,107885.0,300
2026-06-30 19:25:00,107883.0,107897.0,107855.0,107890.0,300
2026-06-30 19:30:00,107892.0,107892.0,107863.0,107879.0,300
2026-06-30 19:35:00,107881.0,107899.0,107851.0,107851.0,300
2026-06-30 19:40:00,107853.0,107865.0,107822.0,107822.0,300
2026-06-30 19:45:00,107823.0,107835.0,107801.0,107828.0,300
2026-06-30 19:50:00,107827.0,107840.0,107811.0,107834.0,300
2026-06-30 19:55:00,107835.0,107837.0,107799.0,107816.0,300
2026-06-30 20:00:00,107817.0,107836.0,107787.0,107801.0,300
2026-06-30 20:05:00,107802.0,107833.0,107789.0,107791.0,300
2026-06-30 20:10:00,107793.0,107819.0,107782.0,107786.0,300
2026-06-30 20:15:00,107785.0,107804.0,107758.0,107770.0,300
2026-06-30 20:20:00,107771.0,107785.0,107754.0,107769.0,300
2026-06-30 20:25:00,107768.0,107768.0,107724.0,107751.0,300
2026-06-30 20:30:00,107749.0,107774.0,107738.0,107772.0,300
2026-06-30 20:35:00,107771.0,107847.0,107762.0,107830.0,300
2026-06-30 20:40:00,107831.0,107855.0,107820.0,107848.0,300
2026-06-30 20:45:00,107846.0,107882.0,107830.0,107882.0,300
2026-06-30 20:50:00,107880.0,107892.0,107812.0,107835.0,300
2026-06-30 20:55:00,107837.0,107860.0,107832.0,107858.0,300
2026-06-30 21:00:00,107860.0,107908.0,107857.0,107905.0,300
2026-06-30 21:05:00,107906.0,107916.0,107885.0,107909.0,300
2026-06-30 21:10:00,107907.0,107943.0,107904.0,107938.0,300
2026-06-30 21:15:00,107936.0,107939.0,107913.0,107922.0,300
2026-06-30 21:20:00,107920.0,107964.0,107911.0,107913.0,300
2026-06-30 21:25:00,107911.0,107918.0,107877.0,107886.0,299
2026-06-30 21:30:00,107884.0,107888.0,107839.0,107843.0,301
2026-06-30 21:35:00,107841.0,107870.0,107836.0,107842.0,299
2026-06-30 21:40:00,107844.0,107848.0,107804.0,107822.0,301
2026-06-30 21:45:00,107821.0,107836.0,107802.0,107806.0,299
2026-06-30 21:50:00,107807.0,107825.0,107791.0,107802.0,301
2026-06-30 21:55:00,107801.0,107821.0,107792.0,107817.0,299
2026-06-30 22:00:00,107819.0,107837.0,107799.0,107824.0,300
2026-06-30 22:05:00,107822.0,107845.0,107812.0,107820.0,300
2026-06-30 22:10:00,107818.0,107831.0,107801.0,107818.0,300
2026-06-30 22:15:00,107817.0,107861.0,107814.0,107842.0,300
2026-06-30 22:20:00,107841.0,107875.0,107817.0,107817.0,300
2026-06-30 22:25:00,107819.0,107863.0,107810.0,107855.0,300
2026-06-30 22:30:00,107857.0,107859.0,107804.0,107807.0,300
2026-06-30 22:35:00,107809.0,107852.0,107805.0,107846.0,300
2026-06-30 22:40:00,107847.0,107853.0,107818.0,107823.0,300
2026-06-30 22:45:00,107822.0,107848.0,107811.0,107846.0,300
2026-06-30 22:50:00,107848.0,107850.0,107813.0,107824.0,300
2026-06-30 22:55:00,107825.0,107858.0,107825.0,107832.0,300
2026-06-30 23:00:00,107830.0,107832.0,107803.0,107832.0,300
2026-06-30 23:05:00,107834.0,107848.0,107824.0,107835.0,300
2026-06-30 23:10:00,107833.0,107837.0,107810.0,107817.0,300
2026-06-30 23:15:00,107818.0,107833.0,107793.0,107818.0,300
2026-06-30 23:20:00,107819.0,107828.0,107794.0,107814.0,300
2026-06-30 23:25:00,107816.0,107856.0,107808.0,107856.0,300
2026-06-30 23:30:00,107858.0,107893.0,107853.0,107879.0,300
2026-06-30 23:35:00,107878.0,107894.0,107841.0,107841.0,300
2026-06-30 23:40:00,107839.0,107924.0,107838.0,107924.0,300
2026-06-30 23:45:00,107922.0,107936.0,107917.0,107930.0,300
2026-06-30 23:50:00,107931.0,107951.0,107906.0,107911.0,300
2026-06-30 23:55:00,107912.0,107917.0,107891.0,107916.0,300
2026-07-01 00:00:00,107918.0,107945.0,107894.0,107894.0,300
2026-07-01 00:05:00,107893.0,107918.0,107886.0,107911.0,300
2026-07-01 00:10:00,107909.0,107938.0,107904.0,107932.0,300
2026-07-01 00:15:00,107934.0,107937.0,107891.0,107892.0,300
2026-07-01 00:20:00,107894.0,107920.0,107889.0,107896.0,300
2026-07-01 00:25:00,107895.0,107921.0,107884.0,107905.0,300
2026-07-01 00:30:00,107906.0,107935.0,107901.0,107928.0,300
2026-07-01 00:35:00,107930.0,107949.0,107921.0,107945.0,300
2026-07-01 00:40:00,107947.0,107962.0,107928.0,107938.0,300
2026-07-01 00:45:00,107939.0,107943.0,107876.0,107877.0,300
2026-07-01 00:50:00,107876.0,107893.0,107853.0,107853.0,300
2026-07-01 00:55:00,107852.0,107852.0,107807.0,107808.0,300
2026-07-01 01:00:00,107809.0,107813.0,107770.0,107780.0,300
2026-07-01 01:05:00,107778.0,107786.0,107733.0,107746.0,300
2026-07-01 01:10:00,107745.0,107806.0,107745.0,107806.0,300
2026-07-01 01:15:00,107808.0,107812.0,107771.0,107780.0,300
2026-07-01 01:20:00,107778.0,107783.0,107734.0,107764.0,300
2026-07-01 01:25:00,107766.0,107768.0,107727.0,107736.0,300
2026-07-01 01:30:00,107735.0,107749.0,107714.0,107737.0,300
2026-07-01 01:35:00,107738.0,107761.0,107711.0,107758.0,300
2026-07-01 01:40:00,107756.0,107779.0,107750.0,107757.0,300
2026-07-01 01:45:00,107756.0,107802.0,107752.0,107791.0,300
2026-07-01 01:50:00,107789.0,107791.0,107761.0,107774.0,300
2026-07-01 01:55:00,107775.0,107793.0,107766.0,107776.0,300
2026-07-01 02:00:00,107778.0,107790.0,107757.0,107760.0,300
2026-07-01 02:05:00,107758.0,107798.0,107752.0,107790.0,300
2026-07-01 02:10:00,107788.0,107823.0,107786.0,107812.0,300
2026-07-01 02:15:00,107811.0,107822.0,107777.0,107804.0,300
2026-07-01 02:20:00,107802.0,107820.0,107787.0,107800.0,300
2026-07-01 02:25:00,107802.0,107810.0,107747.0,107749.0,300
2026-07-01 02:30:00,107747.0,107790.0,107740.0,107786.0,300
2026-07-01 02:35:00,107785.0,107821.0,107769.0,107813.0,300
2026-07-01 02:40:00,107811.0,107863.0,107811.0,107848.0,300
2026-07-01 02:45:00,107850.0,107851.0,107784.0,107828.0,300
2026-07-01 02:50:00,107826.0,107885.0,107823.0,107874.0,300
2026-07-01 02:55:00,107872.0,107918.0,107866.0,107909.0,300
2026-07-01 03:00:00,107910.0,107927.0,107891.0,107921.0,300
2026-07-01 03:05:00,107922.0,107935.0,107896.0,107896.0,300
2026-07-01 03:10:00,107897.0,107923.0,107881.0,107917.0,300
2026-07-01 03:15:00,107916.0,107922.0,107898.0,107921.0,300
2026-07-01 03:20:00,107923.0,107948.0,107921.0,107942.0,300
2026-07-01 03:25:00,107944.0,107951.0,107927.0,107939.0,300
2026-07-01 03:30:00,107941.0,107968.0,107939.0,107958.0,300
2026-07-01 03:35:00,107960.0,107974.0,107931.0,107944.0,300
2026-07-01 03:40:00,107946.0,107968.0,107938.0,107967.0,300
2026-07-01 03:45:00,107965.0,107998.0,107943.0,107990.0,300
2026-07-01 03:50:00,107991.0,108025.0,107990.0,108014.0,300
2026-07-01 03:55:00,108013.0,108013.0,107994.0,107999.0,300
2026-07-01 04:00:00,107997.0,108057.0,107993.0,108051.0,300
2026-07-01 04:05:00,108050.0,108069.0,108029.0,108029.0,300
2026-07-01 04:10:00,108030.0,108061.0,108019.0,108061.0,300
2026-07-01 04:15:00,108062.0,108110.0,108055.0,108086.0,300
2026-07-01 04:20:00,108087.0,108104.0,108066.0,108100.0,300
2026-07-01 04:25:00,108102.0,108111.0,108074.0,108087.0,300
2026-07-01 04:30:00,108085.0,108090.0,108059.0,108059.0,300
2026-07-01 04:35:00,108060.0,108104.0,108054.0,108089.0,300
2026-07-01 04:40:00,108088.0,108098.0,108046.0,108060.0,300
2026-07-01 04:45:00,108058.0,108085.0,108052.0,108071.0,300
2026-07-01 04:50:00,108073.0,108109.0,108070.0,108098.0,300
2026-07-01 04:55:00,108097.0,108120.0,108088.0,108109.0,300
2026-07-01 05:00:00,108111.0,108134.0,108083.0,108119.0,300
2026-07-01 05:05:00,108121.0,108122.0,108057.0,108079.0,300
2026-07-01 05:10:00,108080.0,108089.0,108049.0,108055.0,300
2026-07-01 05:15:00,108056.0,108073.0,108042.0,108060.0,300
2026-07-01 05:20:00,108058.0,108068.0,108044.0,108048.0,300
2026-07-01 05:25:00,108050.0,108074.0,108035.0,108069.0,300
2026-07-01 05:30:00,108067.0,108082.0,108034.0,108080.0,300
2026-07-01 05:35:00,108081.0,108109.0,108080.0,108087.0,300
2026-07-01 05:40:00,108089.0,108100.0,108050.0,108057.0,300
2026-07-01 05:45:00,108056.0,108056.0,108027.0,108031.0,300
2026-07-01 05:50:00,108030.0,108081.0,108030.0,108073.0,300
2026-07-01 05:55:00,108071.0,108075.0,108048.0,108064.0,300
2026-07-01 06:00:00,108063.0,108099.0,108061.0,108084.0,300
2026-07-01 06:05:00,108085.0,108085.0,108045.0,108082.0,300
2026-07-01 06:10:00,108084.0,108100.0,108067.0,108091.0,300
2026-07-01 06:15:00,108092.0,108108.0,108072.0,108085.0,300
2026-07-01 06:20:00,108087.0,108127.0,108081.0,108127.0,300
2026-07-01 06:25:00,108125.0,108187.0,108125.0,108155.0,300
2026-07-01 06:30:00,108154.0,108160.0,108108.0,108119.0,300
2026-07-01 06:35:00,108117.0,108123.0,108098.0,108118.0,300
2026-07-01 06:40:00,108116.0,108143.0,108108.0,108118.0,300
2026-07-01 06:45:00,108120.0,108125.0,108097.0,108117.0,300
2026-07-01 06:50:00,108118.0,108126.0,108091.0,108092.0,300
2026-07-01 06:55:00,108093.0,108110.0,108056.0,108089.0,300
2026-07-01 07:00:00,108087.0,108095.0,108065.0,108088.0,300
2026-07-01 07:05:00,108090.0,108092.0,108041.0,108062.0,300
2026-07-01 07:10:00,108060.0,108071.0,108033.0,108033.0,300
2026-07-01 07:15:00,108035.0,108035.0,107995.0,108007.0,300
2026-07-01 07:20:00,108006.0,108017.0,107958.0,107970.0,300
2026-07-01 07:25:00,107969.0,107992.0,107958.0,107960.0,300
2026-07-01 07:30:00,107961.0,107987.0,107956.0,107983.0,300
2026-07-01 07:35:00,107982.0,108017.0,107976.0,107997.0,300
2026-07-01 07:40:00,107996.0,108003.0,107971.0,107997.0,300
2026-07-01 07:45:00,107998.0,108008.0,107983.0,107993.0,300
2026-07-01 07:50:00,107991.0,108036.0,107984.0,108030.0,300
2026-07-01 07:55:00,108032.0,108055.0,108025.0,108043.0,300
2026-07-01 08:00:00,108044.0,108049.0,108013.0,108025.0,300
2026-07-01 08:05:00,108024.0,108065.0,108015.0,108065.0,300
2026-07-01 08:10:00,108067.0,108081.0,108034.0,108060.0,300
2026-07-01 08:15:00,108059.0,108095.0,108039.0,108083.0,300
2026-07-01 08:20:00,108085.0,108088.0,108029.0,108043.0,300
2026-07-01 08:25:00,108044.0,108072.0,108035.0,108060.0,300
2026-07-01 08:30:00,108059.0,108074.0,108041.0,108050.0,300
2026-07-01 08:35:00,108049.0,108060.0,108027.0,108052.0,300
2026-07-01 08:40:00,108054.0,108071.0,108042.0,108054.0,300
2026-07-01 08:45:00,108052.0,108053.0,108029.0,108032.0,300
2026-07-01 08:50:00,108030.0,108035.0,108011.0,108033.0,300
2026-07-01 08:55:00,108035.0,108039.0,108001.0,108011.0,300
2026-07-01 09:00:00,108010.0,108020.0,107980.0,108008.0,300
2026-07-01 09:05:00,108010.0,108036.0,108000.0,108036.0,300
2026-07-01 09:10:00,108037.0,108067.0,108027.0,108062.0,300
2026-07-01 09:15:00,108060.0,108068.0,108022.0,108036.0,300
2026-07-01 09:20:00,108037.0,108037.0,107986.0,108007.0,300
2026-07-01 09:25:00,108006.0,108028.0,107997.0,108024.0,300
2026-07-01 09:30:00,108023.0,108049.0,108005.0,108009.0,300
2026-07-01 09:35:00,108010.0,108016.0,107985.0,108007.0,300
2026-07-01 09:40:00,108005.0,108037.0,107997.0,108013.0,300
2026-07-01 09:45:00,108014.0,108039.0,108002.0,108035.0,300
2026-07-01 09:50:00,108036.0,108048.0,108019.0,108039.0,300
2026-07-01 09:55:00,108037.0,108066.0,108021.0,108059.0,300
2026-07-01 10:00:00,108060.0,108067.0,108026.0,108046.0,300
2026-07-01 10:05:00,108048.0,108108.0,108048.0,108107.0,300
2026-07-01 10:10:00,108106.0,108127.0,108085.0,108099.0,300
2026-07-01 10:15:00,108098.0,108120.0,108089.0,108091.0,300
2026-07-01 10:20:00,108090.0,108105.0,108073.0,108100.0,300
2026-07-01 10:25:00,108102.0,108119.0,108078.0,108080.0,300
2026-07-01 10:30:00,108078.0,108080.0,108029.0,108062.0,300
2026-07-01 10:35:00,108060.0,108071.0,108043.0,108069.0,300
2026-07-01 10:40:00,108067.0,108092.0,108057.0,108090.0,300
2026-07-01 10:45:00,108091.0,108118.0,108089.0,108089.0,300
2026-07-01 10:50:00,108088.0,108109.0,108062.0,108097.0,300
2026-07-01 10:55:00,108098.0,108107.0,108072.0,108101.0,300
2026-07-01 11:00:00,108100.0,108109.0,108074.0,108082.0,300
2026-07-01 11:05:00,108080.0,108091.0,108033.0,108041.0,300
2026-07-01 11:10:00,108043.0,108080.0,108028.0,108065.0,300
2026-07-01 11:15:00,108067.0,108089.0,108037.0,108038.0,300
2026-07-01 11:20:00,108039.0,108073.0,108032.0,108056.0,300
2026-07-01 11:25:00,108057.0,108066.0,108038.0,108061.0,300
2026-07-01 11:30:00,108060.0,108088.0,108055.0,108057.0,300
2026-07-01 11:35:00,108055.0,108062.0,108021.0,108037.0,300
2026-07-01 11:40:00,108039.0,108074.0,108035.0,108062.0,300
2026-07-01 11:45:00,108060.0,108082.0,108057.0,108075.0,300
2026-07-01 11:50:00,108077.0,108132.0,108077.0,108128.0,300
2026-07-01 11:55:00,108129.0,108168.0,108120.0,108121.0,300
2026-07-01 12:00:00,108120.0,108170.0,108118.0,108153.0,300
2026-07-01 12:05:00,108154.0,108167.0,108144.0,108149.0,300
2026-07-01 12:10:00,108148.0,108194.0,108145.0,108166.0,300
2026-07-01 12:15:00,108167.0,108205.0,108149.0,108205.0,300
2026-07-01 12:20:00,108204.0,108259.0,108204.0,108239.0,300
2026-07-01 12:25:00,108241.0,108258.0,108226.0,108246.0,300
2026-07-01 12:30:00,108248.0,108253.0,108208.0,108210.0,300
2026-07-01 12:35:00,108211.0,108219.0,108170.0,108172.0,300
2026-07-01 12:40:00,108173.0,108178.0,108141.0,108145.0,300
2026-07-01 12:45:00,108143.0,108144.0,108093.0,108105.0,300
2026-07-01 12:50:00,108107.0,108130.0,108105.0,108116.0,300
2026-07-01 12:55:00,108115.0,108120.0,108071.0,108072.0,300
2026-07-01 13:00:00,108074.0,108081.0,108055.0,108069.0,300
2026-07-01 13:05:00,108070.0,108086.0,108065.0,108072.0,300
2026-07-01 13:10:00,108074.0,108086.0,108057.0,108081.0,300
2026-07-01 13:15:00,108079.0,108103.0,108063.0,108095.0,300
2026-07-01 13:20:00,108096.0,108112.0,108079.0,108090.0,300
2026-07-01 13:25:00,108092.0,108095.0,108031.0,108035.0,300
2026-07-01 13:30:00,108036.0,108064.0,108022.0,108053.0,300
2026-07-01 13:35:00,108055.0,108055.0,108009.0,108013.0,300
2026-07-01 13:40:00,108012.0,108021.0,107983.0,107992.0,300
2026-07-01 13:45:00,107990.0,108028.0,107983.0,108028.0,300
2026-07-01 13:50:00,108027.0,108037.0,107993.0,107993.0,300
2026-07-01 13:55:00,107991.0,108044.0,107979.0,108017.0,300
2026-07-01 14:00:00,108018.0,108050.0,108008.0,108050.0,300
2026-07-01 14:05:00,108048.0,108080.0,108040.0,108064.0,300
2026-07-01 14:10:00,108065.0,108083.0,108034.0,108069.0,300
2026-07-01 14:15:00,108068.0,108093.0,108051.0,108083.0,300
2026-07-01 14:20:00,108085.0,108115.0,108085.0,108099.0,300
2026-07-01 14:25:00,108098.0,108125.0,108077.0,108120.0,300
2026-07-01 14:30:00,108119.0,108169.0,108116.0,108156.0,300
2026-07-01 14:35:00,108154.0,108161.0,108136.0,108144.0,300
2026-07-01 14:40:00,108142.0,108159.0,108130.0,108132.0,300
2026-07-01 14:45:00,108134.0,108140.0,108075.0,108079.0,300
2026-07-01 14:50:00,108078.0,108140.0,108078.0,108128.0,300
2026-07-01 14:55:00,108126.0,108155.0,108113.0,108133.0,300
2026-07-01 15:00:00,108131.0,108160.0,108120.0,108156.0,300
2026-07-01 15:05:00,108158.0,108186.0,108154.0,108158.0,300
2026-07-01 15:10:00,108159.0,108216.0,108151.0,108200.0,300
2026-07-01 15:15:00,108199.0,108203.0,108169.0,108174.0,300
2026-07-01 15:20:00,108173.0,108185.0,108133.0,108135.0,300
2026-07-01 15:25:00,108134.0,108160.0,108125.0,108143.0,300
2026-07-01 15:30:00,108142.0,108147.0,108113.0,108115.0,300
2026-07-01 15:35:00,108116.0,108128.0,108095.0,108096.0,300
2026-07-01 15:40:00,108098.0,108128.0,108092.0,108123.0,300
2026-07-01 15:45:00,108124.0,108173.0,108123.0,108164.0,300
2026-07-01 15:50:00,108163.0,108196.0,108161.0,108181.0,300
2026-07-01 15:55:00,108180.0,108198.0,108163.0,108196.0,300
2026-07-01 16:00:00,108195.0,108241.0,108191.0,108234.0,300
2026-07-01 16:05:00,108233.0,108255.0,108216.0,108219.0,300
2026-07-01 16:10:00,108220.0,108225.0,108147.0,108147.0,300
2026-07-01 16:15:00,108148.0,108162.0,108117.0,108134.0,300
2026-07-01 16:20:00,108132.0,108134.0,108058.0,108066.0,300
2026-07-01 16:25:00,108064.0,108080.0,108035.0,108039.0,300
2026-07-01 16:30:00,108041.0,108050.0,107996.0,108004.0,300
2026-07-01 16:35:00,108006.0,108029.0,107996.0,108008.0,300
2026-07-01 16:40:00,108006.0,108012.0,107980.0,107996.0,300
2026-07-01 16:45:00,107998.0,107999.0,107940.0,107940.0,300
2026-07-01 16:50:00,107941.0,107980.0,107922.0,107964.0,300
2026-07-01 16:55:00,107962.0,107963.0,107918.0,107924.0,300
2026-07-01 17:00:00,107925.0,107948.0,107910.0,107940.0,300
2026-07-01 17:05:00,107941.0,107950.0,107878.0,107882.0,300
2026-07-01 17:10:00,107883.0,107888.0,107848.0,107886.0,300
2026-07-01 17:15:00,107888.0,107933.0,107879.0,107922.0,300
2026-07-01 17:20:00,107924.0,107927.0,107905.0,107905.0,300
2026-07-01 17:25:00,107904.0,107966.0,107903.0,107963.0,300
2026-07-01 17:30:00,107965.0,107970.0,107917.0,107923.0,300
2026-07-01 17:35:00,107922.0,107931.0,107892.0,107917.0,300
2026-07-01 17:40:00,107919.0,107921.0,107878.0,107880.0,300
2026-07-01 17:45:00,107881.0,107923.0,107858.0,107901.0,300
2026-07-01 17:50:00,107903.0,107936.0,107890.0,107918.0,300
2026-07-01 17:55:00,107916.0,107917.0,107882.0,107887.0,300
2026-07-01 18:00:00,107888.0,107924.0,107877.0,107923.0,300
2026-07-01 18:05:00,107925.0,107964.0,107912.0,107959.0,300
2026-07-01 18:10:00,107958.0,107959.0,107924.0,107932.0,300
2026-07-01 18:15:00,107933.0,108003.0,107926.0,107983.0,300
2026-07-01 18:20:00,107984.0,108008.0,107983.0,107986.0,300
2026-07-01 18:25:00,107985.0,107999.0,107981.0,107987.0,300
2026-07-01 18:30:00,107985.0,108038.0,107981.0,108035.0,300
2026-07-01 18:35:00,108034.0,108056.0,108005.0,108007.0,300
2026-07-01 18:40:00,108009.0,108009.0,107954.0,107969.0,300
2026-07-01 18:45:00,107968.0,107979.0,107944.0,107957.0,300
2026-07-01 18:50:00,107958.0,107965.0,107932.0,107948.0,300
2026-07-01 18:55:00,107947.0,107953.0,107896.0,107913.0,300
2026-07-01 19:00:00,107911.0,107915.0,107873.0,107882.0,300
2026-07-01 19:05:00,107883.0,107908.0,107855.0,107907.0,300
2026-07-01 19:10:00,107905.0,107912.0,107873.0,107873.0,300
2026-07-01 19:15:00,107871.0,107893.0,107857.0,107885.0,300
2026-07-01 19:20:00,107884.0,107929.0,107879.0,107883.0,300
2026-07-01 19:25:00,107882.0,107904.0,107872.0,107895.0,300
2026-07-01 19:30:00,107897.0,107913.0,107886.0,107896.0,300
2026-07-01 19:35:00,107895.0,107905.0,107861.0,107868.0,300
2026-07-01 19:40:00,107867.0,107870.0,107835.0,107844.0,300
2026-07-01 19:45:00,107846.0,107856.0,107814.0,107821.0,300
2026-07-01 19:50:00,107819.0,107826.0,107773.0,107799.0,300
2026-07-01 19:55:00,107801.0,107824.0,107783.0,107799.0,300
2026-07-01 20:00:00,107798.0,107827.0,107785.0,107806.0,300
2026-07-01 20:05:00,107808.0,107824.0,107798.0,107813.0,300
2026-07-01 20:10:00,107811.0,107822.0,107772.0,107801.0,300
2026-07-01 20:15:00,107800.0,107837.0,107788.0,107791.0,300
2026-07-01 20:20:00,107792.0,107842.0,107774.0,107835.0,300
2026-07-01 20:25:00,107836.0,107849.0,107810.0,107814.0,300
2026-07-01 20:30:00,107812.0,107825.0,107791.0,107825.0,300
2026-07-01 20:35:00,107827.0,107830.0,107797.0,107824.0,300
2026-07-01 20:40:00,107825.0,107845.0,107810.0,107811.0,300
2026-07-01 20:45:00,107813.0,107822.0,107797.0,107807.0,300
2026-07-01 20:50:00,107809.0,107841.0,107798.0,107810.0,300
2026-07-01 20:55:00,107808.0,107839.0,107805.0,107821.0,300
2026-07-01 21:00:00,107819.0,107851.0,107819.0,107833.0,300
2026-07-01 21:05:00,107831.0,107831.0,107768.0,107813.0,300
2026-07-01 21:10:00,107811.0,107821.0,107761.0,107765.0,300
2026-07-01 21:15:00,107763.0,107767.0,107727.0,107767.0,300
2026-07-01 21:20:00,107768.0,107814.0,107767.0,107812.0,300
2026-07-01 21:25:00,107813.0,107826.0,107781.0,107782.0,300
2026-07-01 21:30:00,107784.0,107810.0,107761.0,107762.0,300
2026-07-01 21:35:00,107764.0,107771.0,107724.0,107727.0,300
2026-07-01 21:40:00,107726.0,107728.0,107677.0,107688.0,300
2026-07-01 21:45:00,107686.0,107688.0,107629.0,107631.0,300
2026-07-01 21:50:00,107632.0,107653.0,107622.0,107632.0,300
2026-07-01 21:55:00,107634.0,107689.0,107631.0,107679.0,300
2026-07-01 22:00:00,107678.0,107731.0,107677.0,107727.0,300
2026-07-01 22:05:00,107726.0,107800.0,107714.0,107795.0,300
2026-07-01 22:10:00,107796.0,107803.0,107768.0,107777.0,300
2026-07-01 22:15:00,107779.0,107816.0,107776.0,107786.0,300
2026-07-01 22:20:00,107785.0,107790.0,107760.0,107760.0,300
2026-07-01 22:25:00,107762.0,107767.0,107700.0,107708.0,300
2026-07-01 22:30:00,107710.0,107711.0,107669.0,107669.0,300
2026-07-01 22:35:00,107670.0,107680.0,107637.0,107644.0,300
2026-07-01 22:40:00,107643.0,107663.0,107631.0,107657.0,300
2026-07-01 22:45:00,107659.0,107678.0,107652.0,107662.0,300
2026-07-01 22:50:00,107663.0,107687.0,107651.0,107669.0,300
2026-07-01 22:55:00,107668.0,107684.0,107644.0,107672.0,300
2026-07-01 23:00:00,107670.0,107675.0,107630.0,107660.0,300
2026-07-01 23:05:00,107661.0,107686.0,107658.0,107673.0,300
2026-07-01 23:10:00,107675.0,107726.0,107675.0,107679.0,300
2026-07-01 23:15:00,107680.0,107705.0,107667.0,107675.0,300
2026-07-01 23:20:00,107673.0,107754.0,107669.0,107754.0,300
2026-07-01 23:25:00,107752.0,107764.0,107726.0,107752.0,300
2026-07-01 23:30:00,107753.0,107766.0,107724.0,107760.0,300
2026-07-01 23:35:00,107762.0,107789.0,107738.0,107789.0,300
2026-07-01 23:40:00,107790.0,107807.0,107773.0,107804.0,300
2026-07-01 23:45:00,107802.0,107855.0,107797.0,107842.0,300
2026-07-01 23:50:00,107840.0,107870.0,107817.0,107817.0,300
2026-07-01 23:55:00,107819.0,107837.0,107781.0,107784.0,300
2026-07-02 00:00:00,107782.0,107784.0,107744.0,107756.0,300
2026-07-02 00:05:00,107758.0,107786.0,107742.0,107783.0,300
2026-07-02 00:10:00,107784.0,107784.0,107725.0,107729.0,300
2026-07-02 00:15:00,107728.0,107763.0,107709.0,107757.0,300
2026-07-02 00:20:00,107758.0,107773.0,107748.0,107755.0,300
2026-07-02 00:25:00,107753.0,107753.0,107718.0,107738.0,300
2026-07-02 00:30:00,107737.0,107737.0,107645.0,107651.0,300
2026-07-02 00:35:00,107650.0,107667.0,107635.0,107638.0,300
2026-07-02 00:40:00,107639.0,107673.0,107634.0,107669.0,300
2026-07-02 00:45:00,107668.0,107682.0,107642.0,107645.0,300
2026-07-02 00:50:00,107643.0,107664.0,107634.0,107635.0,300
2026-07-02 00:55:00,107636.0,107671.0,107628.0,107667.0,300
2026-07-02 01:00:00,107669.0,107725.0,107656.0,107725.0,300
2026-07-02 01:05:00,107727.0,107762.0,107722.0,107756.0,300
2026-07-02 01:10:00,107755.0,107772.0,107728.0,107735.0,300
2026-07-02 01:15:00,107737.0,107749.0,107703.0,107718.0,300
2026-07-02 01:20:00,107719.0,107752.0,107696.0,107726.0,300
2026-07-02 01:25:00,107724.0,107744.0,107713.0,107716.0,300
2026-07-02 01:30:00,107717.0,107739.0,107706.0,107723.0,300
2026-07-02 01:35:00,107724.0,107771.0,107716.0,107770.0,300
2026-07-02 01:40:00,107772.0,107781.0,107747.0,107762.0,300
2026-07-02 01:45:00,107764.0,107776.0,107729.0,107738.0,300
2026-07-02 01:50:00,107736.0,107752.0,107720.0,107751.0,300
2026-07-02 01:55:00,107750.0,107787.0,107737.0,107775.0,300
2026-07-02 02:00:00,107773.0,107778.0,107740.0,107743.0,300
2026-07-02 02:05:00,107745.0,107762.0,107705.0,107715.0,300
2026-07-02 02:10:00,107713.0,107743.0,107700.0,107711.0,300
2026-07-02 02:15:00,107709.0,107711.0,107674.0,107676.0,300
2026-07-02 02:20:00,107678.0,107682.0,107646.0,107666.0,300
2026-07-02 02:25:00,107665.0,107699.0,107656.0,107688.0,300
2026-07-02 02:30:00,107686.0,107718.0,107672.0,107674.0,300
2026-07-02 02:35:00,107675.0,107680.0,107639.0,107665.0,300
2026-07-02 02:40:00,107666.0,107679.0,107651.0,107673.0,300
2026-07-02 02:45:00,107674.0,107745.0,107669.0,107712.0,300
2026-07-02 02:50:00,107710.0,107717.0,107663.0,107678.0,300
2026-07-02 02:55:00,107679.0,107687.0,107656.0,107685.0,300
2026-07-02 03:00:00,107687.0,107687.0,107664.0,107679.0,300
2026-07-02 03:05:00,107677.0,107716.0,107674.0,107694.0,300
2026-07-02 03:10:00,107692.0,107727.0,107669.0,107720.0,300
2026-07-02 03:15:00,107721.0,107728.0,107689.0,107700.0,300
2026-07-02 03:20:00,107698.0,107726.0,107678.0,107681.0,300
2026-07-02 03:25:00,107679.0,107701.0,107666.0,107676.0,300
2026-07-02 03:30:00,107674.0,107696.0,107650.0,107656.0,300
2026-07-02 03:35:00,107657.0,107657.0,107610.0,107635.0,300
2026-07-02 03:40:00,107636.0,107674.0,107635.0,107654.0,300
2026-07-02 03:45:00,107655.0,107665.0,107601.0,107606.0,300
2026-07-02 03:50:00,107608.0,107634.0,107600.0,107626.0,300
2026-07-02 03:55:00,107627.0,107646.0,107625.0,107645.0,300
2026-07-02 04:00:00,107646.0,107681.0,107626.0,107633.0,300
2026-07-02 04:05:00,107631.0,107659.0,107606.0,107659.0,300
2026-07-02 04:10:00,107658.0,107715.0,107657.0,107713.0,300
2026-07-02 04:15:00,107714.0,107753.0,107714.0,107741.0,300
2026-07-02 04:20:00,107742.0,107769.0,107736.0,107746.0,300
2026-07-02 04:25:00,107744.0,107745.0,107709.0,107720.0,300
2026-07-02 04:30:00,107722.0,107758.0,107714.0,107742.0,300
2026-07-02 04:35:00,107741.0,107747.0,107708.0,107740.0,300
2026-07-02 04:40:00,107741.0,107746.0,107709.0,107712.0,300
2026-07-02 04:45:00,107713.0,107743.0,107689.0,107740.0,300
2026-07-02 04:50:00,107739.0,107751.0,107724.0,107735.0,300
2026-07-02 04:55:00,107733.0,107741.0,107710.0,107739.0,300
2026-07-02 05:00:00,107741.0,107766.0,107727.0,107760.0,300
2026-07-02 05:05:00,107762.0,107800.0,107756.0,107777.0,300
2026-07-02 05:10:00,107776.0,107790.0,107753.0,107753.0,300
2026-07-02 05:15:00,107755.0,107755.0,107703.0,107710.0,300
2026-07-02 05:20:00,107708.0,107758.0,107691.0,107758.0,300
2026-07-02 05:25:00,107760.0,107779.0,107741.0,107743.0,300
2026-07-02 05:30:00,107742.0,107749.0,107705.0,107710.0,300
2026-07-02 05:35:00,107711.0,107715.0,107654.0,107665.0,300
2026-07-02 05:40:00,107667.0,107685.0,107650.0,107658.0,300
2026-07-02 05:45:00,107657.0,107670.0,107649.0,107655.0,300
2026-07-02 05:50:00,107654.0,107677.0,107651.0,107677.0,300
2026-07-02 05:55:00,107676.0,107698.0,107663.0,107683.0,300
2026-07-02 06:00:00,107682.0,107709.0,107681.0,107697.0,300
2026-07-02 06:05:00,107698.0,107705.0,107676.0,107698.0,300
2026-07-02 06:10:00,107699.0,107709.0,107682.0,107690.0,300
2026-07-02 06:15:00,107689.0,107716.0,107686.0,107699.0,300
2026-07-02 06:20:00,107697.0,107698.0,107641.0,107642.0,300
2026-07-02 06:25:00,107644.0,107646.0,107615.0,107632.0,300
2026-07-02 06:30:00,107631.0,107635.0,107605.0,107605.0,300
2026-07-02 06:35:00,107604.0,107621.0,107583.0,107594.0,300
2026-07-02 06:40:00,107592.0,107612.0,107590.0,107607.0,300
2026-07-02 06:45:00,107608.0,107619.0,107571.0,107571.0,300
2026-07-02 06:50:00,107572.0,107573.0,107511.0,107516.0,300
2026-07-02 06:55:00,107517.0,107537.0,107489.0,107495.0,300
2026-07-02 07:00:00,107497.0,107517.0,107469.0,107493.0,300
2026-07-02 07:05:00,107494.0,107504.0,107471.0,107495.0,300
2026-07-02 07:10:00,107497.0,107529.0,107492.0,107506.0,300
2026-07-02 07:15:00,107505.0,107516.0,107489.0,107510.0,300
2026-07-02 07:20:00,107509.0,107542.0,107508.0,107535.0,300
2026-07-02 07:25:00,107536.0,107538.0,107487.0,107493.0,300
2026-07-02 07:30:00,107492.0,107504.0,107475.0,107484.0,300
2026-07-02 07:35:00,107485.0,107537.0,107483.0,107527.0,300
2026-07-02 07:40:00,107525.0,107530.0,107476.0,107489.0,300
2026-07-02 07:45:00,107490.0,107503.0,107472.0,107476.0,300
2026-07-02 07:50:00,107478.0,107478.0,107420.0,107421.0,300
2026-07-02 07:55:00,107420.0,107453.0,107417.0,107422.0,300
2026-07-02 08:00:00,107423.0,107433.0,107389.0,107424.0,300
2026-07-02 08:05:00,107426.0,107438.0,107401.0,107417.0,300
2026-07-02 08:10:00,107415.0,107446.0,107404.0,107406.0,300
2026-07-02 08:15:00,107405.0,107417.0,107366.0,107381.0,300
2026-07-02 08:20:00,107383.0,107469.0,107378.0,107465.0,300
2026-07-02 08:25:00,107464.0,107490.0,107446.0,107490.0,300
2026-07-02 08:30:00,107489.0,107491.0,107455.0,107468.0,300
2026-07-02 08:35:00,107467.0,107495.0,107450.0,107464.0,300
2026-07-02 08:40:00,107462.0,107504.0,107460.0,107467.0,300
2026-07-02 08:45:00,107469.0,107496.0,107429.0,107444.0,300
2026-07-02 08:50:00,107446.0,107447.0,107404.0,107413.0,300
2026-07-02 08:55:00,107411.0,107471.0,107409.0,107446.0,300
2026-07-02 09:00:00,107448.0,107464.0,107431.0,107459.0,300
2026-07-02 09:05:00,107457.0,107458.0,107424.0,107449.0,300
2026-07-02 09:10:00,107447.0,107467.0,107434.0,107459.0,300
2026-07-02 09:15:00,107461.0,107494.0,107461.0,107492.0,300
2026-07-02 09:20:00,107490.0,107565.0,107490.0,107556.0,300
2026-07-02 09:25:00,107554.0,107558.0,107528.0,107541.0,300
2026-07-02 09:30:00,107539.0,107556.0,107505.0,107521.0,300
2026-07-02 09:35:00,107522.0,107566.0,107521.0,107555.0,300
2026-07-02 09:40:00,107553.0,107561.0,107519.0,107519.0,300
2026-07-02 09:45:00,107517.0,107545.0,107508.0,107509.0,300
2026-07-02 09:50:00,107508.0,107532.0,107494.0,107495.0,300
2026-07-02 09:55:00,107496.0,107549.0,107478.0,107549.0,300
2026-07-02 10:00:00,107550.0,107580.0,107543.0,107565.0,300
2026-07-02 10:05:00,107567.0,107586.0,107550.0,107580.0,300
2026-07-02 10:10:00,107582.0,107628.0,107578.0,107619.0,300
2026-07-02 10:15:00,107618.0,107652.0,107617.0,107649.0,300
2026-07-02 10:20:00,107647.0,107673.0,107640.0,107663.0,300
2026-07-02 10:25:00,107662.0,107680.0,107641.0,107669.0,300
2026-07-02 10:30:00,107670.0,107676.0,107637.0,107643.0,300
2026-07-02 10:35:00,107642.0,107660.0,107621.0,107633.0,300
2026-07-02 10:40:00,107635.0,107648.0,107606.0,107645.0,300
2026-07-02 10:45:00,107644.0,107684.0,107629.0,107684.0,300
2026-07-02 10:50:00,107686.0,107698.0,107667.0,107678.0,300
2026-07-02 10:55:00,107679.0,107711.0,107662.0,107698.0,300
2026-07-02 11:00:00,107696.0,107714.0,107660.0,107672.0,300
2026-07-02 11:05:00,107674.0,107679.0,107644.0,107651.0,300
2026-07-02 11:10:00,107649.0,107652.0,107603.0,107617.0,300
2026-07-02 11:15:00,107618.0,107626.0,107591.0,107591.0,300
2026-07-02 11:20:00,107590.0,107613.0,107564.0,107612.0,300
2026-07-02 11:25:00,107610.0,107618.0,107592.0,107599.0,300
2026-07-02 11:30:00,107598.0,107602.0,107533.0,107535.0,300
2026-07-02 11:35:00,107537.0,107539.0,107473.0,107474.0,300
2026-07-02 11:40:00,107472.0,107506.0,107469.0,107482.0,300
2026-07-02 11:45:00,107483.0,107494.0,107459.0,107464.0,300
2026-07-02 11:50:00,107465.0,107469.0,107435.0,107467.0,300
2026-07-02 11:55:00,107466.0,107473.0,107401.0,107407.0,300
2026-07-02 12:00:00,107405.0,107434.0,107397.0,107413.0,300
2026-07-02 12:05:00,107415.0,107472.0,107411.0,107459.0,300
2026-07-02 12:10:00,107458.0,107461.0,107416.0,107419.0,300
2026-07-02 12:15:00,107417.0,107426.0,107386.0,107392.0,300
2026-07-02 12:20:00,107391.0,107427.0,107391.0,107397.0,300
2026-07-02 12:25:00,107395.0,107411.0,107378.0,107381.0,300
2026-07-02 12:30:00,107383.0,107419.0,107375.0,107418.0,300
2026-07-02 12:35:00,107419.0,107451.0,107414.0,107440.0,300
2026-07-02 12:40:00,107442.0,107456.0,107427.0,107441.0,300
2026-07-02 12:45:00,107439.0,107458.0,107429.0,107447.0,300
2026-07-02 12:50:00,107445.0,107460.0,107418.0,107427.0,300
2026-07-02 12:55:00,107428.0,107435.0,107403.0,107418.0,300
2026-07-02 13:00:00,107420.0,107426.0,107396.0,107405.0,300
2026-07-02 13:05:00,107403.0,107448.0,107397.0,107436.0,300
2026-07-02 13:10:00,107435.0,107455.0,107390.0,107394.0,300
2026-07-02 13:15:00,107395.0,107401.0,107361.0,107383.0,300
2026-07-02 13:20:00,107381.0,107386.0,107347.0,107350.0,300
2026-07-02 13:25:00,107351.0,107394.0,107347.0,107389.0,300
2026-07-02 13:30:00,107391.0,107391.0,107358.0,107368.0,300
2026-07-02 13:35:00,107370.0,107387.0,107352.0,107368.0,300
2026-07-02 13:40:00,107367.0,107380.0,107359.0,107362.0,300
2026-07-02 13:45:00,107363.0,107436.0,107354.0,107434.0,300
2026-07-02 13:50:00,107436.0,107460.0,107424.0,107447.0,300
2026-07-02 13:55:00,107446.0,107479.0,107445.0,107479.0,300
2026-07-02 14:00:00,107478.0,107478.0,107424.0,107428.0,300
2026-07-02 14:05:00,107429.0,107481.0,107427.0,107478.0,300
2026-07-02 14:10:00,107480.0,107495.0,107468.0,107474.0,300
2026-07-02 14:15:00,107475.0,107490.0,107469.0,107475.0,300
2026-07-02 14:20:00,107474.0,107520.0,107474.0,107504.0,300
2026-07-02 14:25:00,107502.0,107534.0,107490.0,107524.0,300
2026-07-02 14:30:00,107525.0,107526.0,107460.0,107462.0,300
2026-07-02 14:35:00,107463.0,107469.0,107433.0,107436.0,300
2026-07-02 14:40:00,107434.0,107469.0,107429.0,107461.0,300
2026-07-02 14:45:00,107463.0,107503.0,107448.0,107493.0,300
2026-07-02 14:50:00,107492.0,107497.0,107479.0,107485.0,300
2026-07-02 14:55:00,107484.0,107493.0,107465.0,107480.0,300
2026-07-02 15:00:00,107482.0,107502.0,107466.0,107476.0,300
2026-07-02 15:05:00,107478.0,107515.0,107477.0,107488.0,300
2026-07-02 15:10:00,107486.0,107509.0,107474.0,107497.0,300
2026-07-02 15:15:00,107495.0,107500.0,107457.0,107467.0,300
2026-07-02 15:20:00,107468.0,107504.0,107449.0,107477.0,300
2026-07-02 15:25:00,107476.0,107515.0,107466.0,107514.0,300
2026-07-02 15:30:00,107512.0,107547.0,107511.0,107531.0,300
2026-07-02 15:35:00,107533.0,107572.0,107521.0,107567.0,300
2026-07-02 15:40:00,107568.0,107618.0,107568.0,107611.0,300
2026-07-02 15:45:00,107610.0,107619.0,107598.0,107607.0,300
2026-07-02 15:50:00,107608.0,107613.0,107569.0,107587.0,300
2026-07-02 15:55:00,107586.0,107599.0,107559.0,107561.0,300
2026-07-02 16:00:00,107563.0,107580.0,107545.0,107569.0,300
2026-07-02 16:05:00,107568.0,107589.0,107546.0,107546.0,300
2026-07-02 16:10:00,107548.0,107560.0,107535.0,107544.0,300
2026-07-02 16:15:00,107546.0,107552.0,107511.0,107513.0,300
2026-07-02 16:20:00,107511.0,107513.0,107471.0,107503.0,300
2026-07-02 16:25:00,107504.0,107543.0,107497.0,107504.0,300
2026-07-02 16:30:00,107505.0,107509.0,107466.0,107481.0,300
2026-07-02 16:35:00,107483.0,107498.0,107452.0,107478.0,300
2026-07-02 16:40:00,107480.0,107499.0,107457.0,107459.0,300
2026-07-02 16:45:00,107458.0,107464.0,107427.0,107432.0,300
2026-07-02 16:50:00,107431.0,107488.0,107425.0,107457.0,300
2026-07-02 16:55:00,107458.0,107513.0,107438.0,107513.0,300
2026-07-02 17:00:00,107511.0,107527.0,107506.0,107509.0,300
2026-07-02 17:05:00,107508.0,107517.0,107479.0,107499.0,300
2026-07-02 17:10:00,107497.0,107500.0,107465.0,107479.0,300
2026-07-02 17:15:00,107477.0,107479.0,107441.0,107477.0,300
2026-07-02 17:20:00,107476.0,107509.0,107440.0,107503.0,300
2026-07-02 17:25:00,107505.0,107521.0,107486.0,107518.0,300
2026-07-02 17:30:00,107517.0,107527.0,107496.0,107502.0,300
2026-07-02 17:35:00,107500.0,107543.0,107483.0,107540.0,300
2026-07-02 17:40:00,107539.0,107544.0,107477.0,107484.0,300
2026-07-02 17:45:00,107485.0,107525.0,107480.0,107515.0,300
2026-07-02 17:50:00,107513.0,107568.0,107509.0,107566.0,300
2026-07-02 17:55:00,107565.0,107576.0,107551.0,107570.0,300
2026-07-02 18:00:00,107568.0,107568.0,107541.0,107555.0,300
2026-07-02 18:05:00,107554.0,107564.0,107533.0,107541.0,300
2026-07-02 18:10:00,107539.0,107578.0,107534.0,107557.0,300
2026-07-02 18:15:00,107558.0,107571.0,107533.0,107547.0,300
2026-07-02 18:20:00,107548.0,107605.0,107548.0,107599.0,300
2026-07-02 18:25:00,107601.0,107611.0,107577.0,107610.0,300
2026-07-02 18:30:00,107608.0,107620.0,107588.0,107604.0,300
2026-07-02 18:35:00,107605.0,107643.0,107600.0,107616.0,300
2026-07-02 18:40:00,107618.0,107621.0,107586.0,107603.0,300
2026-07-02 18:45:00,107604.0,107609.0,107567.0,107580.0,300
2026-07-02 18:50:00,107581.0,107597.0,107548.0,107548.0,300
2026-07-02 18:55:00,107546.0,107557.0,107503.0,107539.0,300
2026-07-02 19:00:00,107540.0,107561.0,107525.0,107527.0,300
2026-07-02 19:05:00,107528.0,107539.0,107491.0,107508.0,300
2026-07-02 19:10:00,107506.0,107522.0,107496.0,107505.0,300
2026-07-02 19:15:00,107507.0,107511.0,107484.0,107502.0,300
2026-07-02 19:20:00,107503.0,107507.0,107456.0,107459.0,300
2026-07-02 19:25:00,107457.0,107526.0,107457.0,107513.0,300
2026-07-02 19:30:00,107515.0,107541.0,107492.0,107508.0,300
2026-07-02 19:35:00,107506.0,107522.0,107462.0,107474.0,300
2026-07-02 19:40:00,107473.0,107488.0,107467.0,107470.0,300
2026-07-02 19:45:00,107472.0,107503.0,107466.0,107497.0,300
2026-07-02 19:50:00,107499.0,107517.0,107478.0,107478.0,300
2026-07-02 19:55:00,107477.0,107481.0,107445.0,107464.0,300
2026-07-02 20:00:00,107465.0,107495.0,107458.0,107468.0,300
2026-07-02 20:05:00,107467.0,107514.0,107463.0,107503.0,300
2026-07-02 20:10:00,107505.0,107511.0,107466.0,107489.0,300
2026-07-02 20:15:00,107490.0,107501.0,107468.0,107497.0,300
2026-07-02 20:20:00,107498.0,107516.0,107485.0,107488.0,300
2026-07-02 20:25:00,107487.0,107500.0,107433.0,107441.0,300
2026-07-02 20:30:00,107439.0,107477.0,107432.0,107472.0,300
2026-07-02 20:35:00,107474.0,107491.0,107465.0,107486.0,300
2026-07-02 20:40:00,107485.0,107511.0,107469.0,107478.0,300
2026-07-02 20:45:00,107477.0,107527.0,107470.0,107500.0,300
2026-07-02 20:50:00,107498.0,107508.0,107478.0,107486.0,300
2026-07-02 20:55:00,107488.0,107512.0,107480.0,107483.0,300
2026-07-02 21:00:00,107485.0,107491.0,107467.0,107467.0,300
2026-07-02 21:05:00,107469.0,107488.0,107468.0,107480.0,300
2026-07-02 21:10:00,107482.0,107491.0,107459.0,107468.0,300
2026-07-02 21:15:00,107467.0,107467.0,107444.0,107447.0,300
2026-07-02 21:20:00,107446.0,107472.0,107440.0,107442.0,300
2026-07-02 21:25:00,107444.0,107461.0,107402.0,107406.0,300
2026-07-02 21:30:00,107405.0,107417.0,107365.0,107368.0,300
2026-07-02 21:35:00,107367.0,107370.0,107311.0,107331.0,300
2026-07-02 21:40:00,107329.0,107354.0,107319.0,107344.0,300
2026-07-02 21:45:00,107345.0,107383.0,107317.0,107370.0,300
2026-07-02 21:50:00,107372.0,107390.0,107358.0,107371.0,300
2026-07-02 21:55:00,107373.0,107382.0,107330.0,107338.0,300
2026-07-02 22:00:00,107339.0,107353.0,107329.0,107329.0,300
2026-07-02 22:05:00,107328.0,107328.0,107295.0,107326.0,300
2026-07-02 22:10:00,107328.0,107352.0,107321.0,107348.0,300
2026-07-02 22:15:00,107347.0,107389.0,107326.0,107356.0,300
2026-07-02 22:20:00,107358.0,107360.0,107335.0,107340.0,300
2026-07-02 22:25:00,107339.0,107393.0,107325.0,107387.0,300
2026-07-02 22:30:00,107388.0,107436.0,107387.0,107431.0,300
2026-07-02 22:35:00,107432.0,107442.0,107390.0,107403.0,300
2026-07-02 22:40:00,107402.0,107410.0,107386.0,107388.0,300
2026-07-02 22:45:00,107389.0,107423.0,107384.0,107406.0,300
2026-07-02 22:50:00,107404.0,107412.0,107391.0,107397.0,300
2026-07-02 22:55:00,107396.0,107406.0,107368.0,107374.0,300
2026-07-02 23:00:00,107372.0,107431.0,107369.0,107421.0,300
2026-07-02 23:05:00,107422.0,107445.0,107389.0,107390.0,300
2026-07-02 23:10:00,107391.0,107393.0,107364.0,107387.0,300
2026-07-02 23:15:00,107389.0,107402.0,107363.0,107365.0,300
2026-07-02 23:20:00,107363.0,107388.0,107344.0,107377.0,300
2026-07-02 23:25:00,107376.0,107390.0,107343.0,107381.0,300
2026-07-02 23:30:00,107380.0,107396.0,107366.0,107387.0,300
2026-07-02 23:35:00,107389.0,107401.0,107352.0,107352.0,300
2026-07-02 23:40:00,107353.0,107356.0,107307.0,107310.0,300
2026-07-02 23:45:00,107309.0,107310.0,107256.0,107259.0,300
2026-07-02 23:50:00,107260.0,107291.0,107258.0,107275.0,300
2026-07-02 23:55:00,107277.0,107302.0,107261.0,107277.0,300
2026-07-03 00:00:00,107275.0,107319.0,107275.0,107311.0,300
2026-07-03 00:05:00,107310.0,107319.0,107279.0,107299.0,300
2026-07-03 00:10:00,107301.0,107313.0,107280.0,107302.0,300
2026-07-03 00:15:00,107304.0,107321.0,107278.0,107291.0,300
2026-07-03 00:20:00,107290.0,107333.0,107288.0,107314.0,300
2026-07-03 00:25:00,107316.0,107349.0,107316.0,107349.0,300
2026-07-03 00:30:00,107350.0,107351.0,107316.0,107344.0,300
2026-07-03 00:35:00,107342.0,107349.0,107325.0,107337.0,300
2026-07-03 00:40:00,107335.0,107371.0,107323.0,107359.0,300
2026-07-03 00:45:00,107360.0,107405.0,107352.0,107402.0,300
2026-07-03 00:50:00,107400.0,107427.0,107390.0,107394.0,300
2026-07-03 00:55:00,107395.0,107408.0,107360.0,107377.0,300
2026-07-03 01:00:00,107378.0,107403.0,107340.0,107343.0,300
2026-07-03 01:05:00,107344.0,107362.0,107331.0,107351.0,300
2026-07-03 01:10:00,107349.0,107383.0,107337.0,107364.0,300
2026-07-03 01:15:00,107363.0,107387.0,107343.0,107363.0,300
2026-07-03 01:20:00,107361.0,107401.0,107354.0,107393.0,300
2026-07-03 01:25:00,107394.0,107427.0,107364.0,107366.0,300
2026-07-03 01:30:00,107367.0,107407.0,107367.0,107403.0,300
2026-07-03 01:35:00,107404.0,107419.0,107363.0,107372.0,300
2026-07-03 01:40:00,107374.0,107403.0,107369.0,107372.0,300
2026-07-03 01:45:00,107371.0,107421.0,107368.0,107392.0,300
2026-07-03 01:50:00,107393.0,107398.0,107327.0,107328.0,300
2026-07-03 01:55:00,107327.0,107367.0,107315.0,107360.0,300
2026-07-03 02:00:00,107359.0,107400.0,107350.0,107398.0,300
2026-07-03 02:05:00,107400.0,107440.0,107400.0,107429.0,300
2026-07-03 02:10:00,107431.0,107438.0,107404.0,107430.0,300
2026-07-03 02:15:00,107432.0,107459.0,107403.0,107405.0,300
2026-07-03 02:20:00,107407.0,107443.0,107394.0,107424.0,300
2026-07-03 02:25:00,107422.0,107440.0,107407.0,107427.0,300
2026-07-03 02:30:00,107428.0,107451.0,107419.0,107438.0,300
2026-07-03 02:35:00,107439.0,107450.0,107419.0,107423.0,300
2026-07-03 02:40:00,107424.0,107445.0,107412.0,107435.0,300
2026-07-03 02:45:00,107434.0,107434.0,107384.0,107396.0,300
2026-07-03 02:50:00,107395.0,107402.0,107373.0,107383.0,300
2026-07-03 02:55:00,107385.0,107403.0,107372.0,107395.0,300
2026-07-03 03:00:00,107393.0,107398.0,107374.0,107380.0,300
2026-07-03 03:05:00,107381.0,107394.0,107362.0,107380.0,300
2026-07-03 03:10:00,107381.0,107385.0,107343.0,107354.0,300
2026-07-03 03:15:00,107353.0,107365.0,107339.0,107357.0,300
2026-07-03 03:20:00,107356.0,107365.0,107328.0,107339.0,300
2026-07-03 03:25:00,107341.0,107368.0,107277.0,107299.0,300
2026-07-03 03:30:00,107301.0,107325.0,107297.0,107323.0,300
2026-07-03 03:35:00,107321.0,107321.0,107281.0,107300.0,300
2026-07-03 03:40:00,107298.0,107315.0,107278.0,107310.0,300
2026-07-03 03:45:00,107309.0,107316.0,107292.0,107310.0,300
2026-07-03 03:50:00,107308.0,107379.0,107301.0,107379.0,300
2026-07-03 03:55:00,107378.0,107419.0,107372.0,107410.0,300
2026-07-03 04:00:00,107412.0,107448.0,107386.0,107448.0,300
2026-07-03 04:05:00,107449.0,107497.0,107441.0,107482.0,300
2026-07-03 04:10:00,107484.0,107484.0,107385.0,107403.0,300
2026-07-03 04:15:00,107404.0,107418.0,107393.0,107410.0,300
2026-07-03 04:20:00,107412.0,107451.0,107404.0,107431.0,300
2026-07-03 04:25:00,107432.0,107451.0,107429.0,107442.0,300
2026-07-03 04:30:00,107444.0,107446.0,107407.0,107423.0,300
2026-07-03 04:35:00,107421.0,107456.0,107402.0,107454.0,300
2026-07-03 04:40:00,107453.0,107485.0,107448.0,107471.0,300
2026-07-03 04:45:00,107473.0,107474.0,107436.0,107456.0,300
2026-07-03 04:50:00,107454.0,107471.0,107438.0,107465.0,300
2026-07-03 04:55:00,107467.0,107487.0,107449.0,107469.0,300
2026-07-03 05:00:00,107468.0,107479.0,107396.0,107396.0,300
2026-07-03 05:05:00,107394.0,107394.0,107341.0,107343.0,300
2026-07-03 05:10:00,107341.0,107352.0,107285.0,107286.0,300
2026-07-03 05:15:00,107285.0,107304.0,107268.0,107270.0,300
2026-07-03 05:20:00,107268.0,107320.0,107266.0,107300.0,300
2026-07-03 05:25:00,107302.0,107312.0,107257.0,107261.0,300
2026-07-03 05:30:00,107260.0,107334.0,107258.0,107332.0,300
2026-07-03 05:35:00,107333.0,107355.0,107311.0,107343.0,300
2026-07-03 05:40:00,107345.0,107349.0,107309.0,107337.0,300
2026-07-03 05:45:00,107339.0,107354.0,107305.0,107310.0,300
2026-07-03 05:50:00,107308.0,107317.0,107297.0,107311.0,300
2026-07-03 05:55:00,107309.0,107327.0,107283.0,107289.0,300
2026-07-03 06:00:00,107287.0,107292.0,107248.0,107256.0,300
2026-07-03 06:05:00,107254.0,107257.0,107220.0,107230.0,300
2026-07-03 06:10:00,107232.0,107296.0,107232.0,107282.0,300
2026-07-03 06:15:00,107281.0,107281.0,107230.0,107234.0,300
2026-07-03 06:20:00,107233.0,107251.0,107210.0,107227.0,300
2026-07-03 06:25:00,107228.0,107238.0,107194.0,107202.0,300
2026-07-03 06:30:00,107203.0,107205.0,107169.0,107189.0,300
2026-07-03 06:35:00,107190.0,107193.0,107154.0,107179.0,300
2026-07-03 06:40:00,107177.0,107181.0,107126.0,107126.0,300
2026-07-03 06:45:00,107124.0,107142.0,107100.0,107122.0,300
2026-07-03 06:50:00,107120.0,107129.0,107097.0,107121.0,300
2026-07-03 06:55:00,107122.0,107144.0,107115.0,107127.0,300
2026-07-03 07:00:00,107126.0,107130.0,107086.0,107096.0,300
2026-07-03 07:05:00,107097.0,107128.0,107097.0,107106.0,300
2026-07-03 07:10:00,107104.0,107105.0,107039.0,107045.0,300
2026-07-03 07:15:00,107043.0,107055.0,106993.0,107013.0,300
2026-07-03 07:20:00,107012.0,107029.0,106994.0,107017.0,300
2026-07-03 07:25:00,107019.0,107063.0,107019.0,107063.0,300
2026-07-03 07:30:00,107061.0,107115.0,107059.0,107105.0,300
2026-07-03 07:35:00,107104.0,107126.0,107100.0,107107.0,300
2026-07-03 07:40:00,107106.0,107122.0,107097.0,107102.0,300
2026-07-03 07:45:00,107104.0,107117.0,107090.0,107109.0,300
2026-07-03 07:50:00,107111.0,107145.0,107108.0,107142.0,300
2026-07-03 07:55:00,107144.0,107182.0,107139.0,107167.0,300
2026-07-03 08:00:00,107165.0,107195.0,107161.0,107188.0,300
2026-07-03 08:05:00,107187.0,107216.0,107180.0,107206.0,300
2026-07-03 08:10:00,107207.0,107231.0,107195.0,107209.0,300
2026-07-03 08:15:00,107210.0,107258.0,107207.0,107254.0,300
2026-07-03 08:20:00,107252.0,107293.0,107246.0,107293.0,300
2026-07-03 08:25:00,107295.0,107317.0,107280.0,107309.0,300
2026-07-03 08:30:00,107308.0,107361.0,107306.0,107336.0,300
2026-07-03 08:35:00,107338.0,107388.0,107337.0,107365.0,300
2026-07-03 08:40:00,107364.0,107394.0,107364.0,107392.0,300
2026-07-03 08:45:00,107391.0,107396.0,107347.0,107361.0,300
2026-07-03 08:50:00,107363.0,107394.0,107357.0,107361.0,300
2026-07-03 08:55:00,107362.0,107373.0,107310.0,107313.0,300
2026-07-03 09:00:00,107314.0,107367.0,107310.0,107362.0,300
2026-07-03 09:05:00,107361.0,107406.0,107356.0,107386.0,300
2026-07-03 09:10:00,107387.0,107424.0,107386.0,107422.0,300
2026-07-03 09:15:00,107424.0,107427.0,107374.0,107398.0,300
2026-07-03 09:20:00,107396.0,107399.0,107375.0,107392.0,300
2026-07-03 09:25:00,107390.0,107398.0,107361.0,107388.0,300
2026-07-03 09:30:00,107386.0,107420.0,107381.0,107412.0,300
2026-07-03 09:35:00,107411.0,107425.0,107380.0,107401.0,300
2026-07-03 09:40:00,107400.0,107414.0,107375.0,107400.0,300
2026-07-03 09:45:00,107399.0,107411.0,107363.0,107373.0,300
2026-07-03 09:50:00,107372.0,107398.0,107355.0,107389.0,300
2026-07-03 09:55:00,107391.0,107442.0,107383.0,107427.0,300
2026-07-03 10:00:00,107429.0,107443.0,107411.0,107428.0,300
2026-07-03 10:05:00,107427.0,107447.0,107417.0,107436.0,300
2026-07-03 10:10:00,107437.0,107466.0,107434.0,107450.0,300
2026-07-03 10:15:00,107449.0,107470.0,107431.0,107456.0,300
2026-07-03 10:20:00,107454.0,107476.0,107443.0,107455.0,300
2026-07-03 10:25:00,107457.0,107472.0,107437.0,107464.0,300
2026-07-03 10:30:00,107466.0,107467.0,107448.0,107456.0,300
2026-07-03 10:35:00,107457.0,107472.0,107436.0,107449.0,300
2026-07-03 10:40:00,107450.0,107463.0,107440.0,107448.0,300
2026-07-03 10:45:00,107450.0,107486.0,107450.0,107479.0,300
2026-07-03 10:50:00,107481.0,107482.0,107437.0,107446.0,300
2026-07-03 10:55:00,107447.0,107473.0,107434.0,107454.0,300
2026-07-03 11:00:00,107455.0,107466.0,107396.0,107405.0,300
2026-07-03 11:05:00,107406.0,107465.0,107398.0,107452.0,300
2026-07-03 11:10:00,107453.0,107470.0,107446.0,107450.0,300
2026-07-03 11:15:00,107451.0,107460.0,107403.0,107408.0,300
2026-07-03 11:20:00,107410.0,107415.0,107378.0,107395.0,300
2026-07-03 11:25:00,107397.0,107406.0,107365.0,107387.0,300
2026-07-03 11:30:00,107385.0,107434.0,107384.0,107430.0,300
2026-07-03 11:35:00,107432.0,107454.0,107424.0,107437.0,300
2026-07-03 11:40:00,107435.0,107472.0,107420.0,107454.0,300
2026-07-03 11:45:00,107456.0,107468.0,107439.0,107464.0,300
2026-07-03 11:50:00,107462.0,107471.0,107451.0,107457.0,300
2026-07-03 11:55:00,107458.0,107460.0,107434.0,107454.0,300
2026-07-03 12:00:00,107456.0,107505.0,107456.0,107481.0,300
2026-07-03 12:05:00,107482.0,107517.0,107469.0,107505.0,300
2026-07-03 12:10:00,107506.0,107524.0,107504.0,107520.0,300
2026-07-03 12:15:00,107521.0,107535.0,107512.0,107515.0,300
2026-07-03 12:20:00,107516.0,107530.0,107481.0,107485.0,300
2026-07-03 12:25:00,107487.0,107518.0,107467.0,107511.0,300
2026-07-03 12:30:00,107509.0,107509.0,107447.0,107450.0,300
2026-07-03 12:35:00,107449.0,107457.0,107441.0,107446.0,300
2026-07-03 12:40:00,107445.0,107508.0,107444.0,107507.0,300
2026-07-03 12:45:00,107506.0,107518.0,107498.0,107511.0,300
2026-07-03 12:50:00,107513.0,107517.0,107487.0,107511.0,300
2026-07-03 12:55:00,107510.0,107557.0,107510.0,107548.0,300
2026-07-03 13:00:00,107549.0,107573.0,107542.0,107562.0,300
2026-07-03 13:05:00,107561.0,107562.0,107508.0,107510.0,300
2026-07-03 13:10:00,107512.0,107554.0,107509.0,107532.0,300
2026-07-03 13:15:00,107534.0,107550.0,107481.0,107482.0,300
2026-07-03 13:20:00,107480.0,107496.0,107452.0,107460.0,300
2026-07-03 13:25:00,107462.0,107476.0,107409.0,107415.0,300
2026-07-03 13:30:00,107417.0,107427.0,107393.0,107419.0,300
2026-07-03 13:35:00,107417.0,107417.0,107385.0,107408.0,300
2026-07-03 13:40:00,107410.0,107414.0,107377.0,107384.0,300
2026-07-03 13:45:00,107382.0,107405.0,107379.0,107380.0,300
2026-07-03 13:50:00,107379.0,107410.0,107379.0,107410.0,300
2026-07-03 13:55:00,107408.0,107426.0,107379.0,107379.0,300
2026-07-03 14:00:00,107380.0,107394.0,107355.0,107355.0,300
2026-07-03 14:05:00,107353.0,107363.0,107304.0,107324.0,300
2026-07-03 14:10:00,107323.0,107378.0,107312.0,107373.0,300
2026-07-03 14:15:00,107375.0,107376.0,107338.0,107360.0,300
2026-07-03 14:20:00,107362.0,107362.0,107330.0,107353.0,300
2026-07-03 14:25:00,107352.0,107356.0,107305.0,107325.0,300
2026-07-03 14:30:00,107324.0,107339.0,107312.0,107324.0,300
2026-07-03 14:35:00,107323.0,107345.0,107301.0,107325.0,300
2026-07-03 14:40:00,107324.0,107357.0,107309.0,107351.0,300
2026-07-03 14:45:00,107349.0,107366.0,107330.0,107356.0,300
2026-07-03 14:50:00,107358.0,107380.0,107353.0,107367.0,300
2026-07-03 14:55:00,107366.0,107382.0,107345.0,107359.0,300
2026-07-03 15:00:00,107360.0,107387.0,107347.0,107349.0,300
2026-07-03 15:05:00,107348.0,107365.0,107317.0,107323.0,300
2026-07-03 15:10:00,107321.0,107340.0,107296.0,107323.0,300
2026-07-03 15:15:00,107325.0,107334.0,107260.0,107268.0,300
2026-07-03 15:20:00,107267.0,107307.0,107259.0,107276.0,300
2026-07-03 15:25:00,107277.0,107280.0,107244.0,107264.0,300
2026-07-03 15:30:00,107266.0,107269.0,107221.0,107221.0,300
2026-07-03 15:35:00,107219.0,107225.0,107197.0,107213.0,300
2026-07-03 15:40:00,107212.0,107212.0,107161.0,107163.0,300
2026-07-03 15:45:00,107165.0,107167.0,107097.0,107097.0,300
2026-07-03 15:50:00,107095.0,107108.0,107061.0,107069.0,300
2026-07-03 15:55:00,107067.0,107077.0,107047.0,107064.0,300
2026-07-03 16:00:00,107065.0,107106.0,107065.0,107080.0,300
2026-07-03 16:05:00,107079.0,107090.0,107048.0,107052.0,300
2026-07-03 16:10:00,107050.0,107083.0,107050.0,107058.0,300
2026-07-03 16:15:00,107059.0,107087.0,107054.0,107065.0,300
2026-07-03 16:20:00,107067.0,107067.0,107015.0,107019.0,300
2026-07-03 16:25:00,107018.0,107024.0,106978.0,106996.0,300
2026-07-03 16:30:00,106994.0,106994.0,106959.0,106971.0,300
2026-07-03 16:35:00,106973.0,107026.0,106961.0,107013.0,300
2026-07-03 16:40:00,107012.0,107054.0,107003.0,107047.0,300
2026-07-03 16:45:00,107046.0,107060.0,107016.0,107034.0,300
2026-07-03 16:50:00,107033.0,107076.0,107026.0,107073.0,300
2026-07-03 16:55:00,107071.0,107072.0,107030.0,107035.0,300
2026-07-03 17:00:00,107036.0,107092.0,107033.0,107092.0,300
2026-07-03 17:05:00,107093.0,107114.0,107076.0,107113.0,300
2026-07-03 17:10:00,107115.0,107122.0,107093.0,107105.0,300
2026-07-03 17:15:00,107106.0,107177.0,107105.0,107171.0,300
2026-07-03 17:20:00,107169.0,107181.0,107137.0,107142.0,300
2026-07-03 17:25:00,107140.0,107140.0,107110.0,107131.0,300
2026-07-03 17:30:00,107130.0,107143.0,107114.0,107129.0,300
2026-07-03 17:35:00,107131.0,107156.0,107098.0,107099.0,300
2026-07-03 17:40:00,107097.0,107134.0,107095.0,107113.0,300
2026-07-03 17:45:00,107115.0,107132.0,107104.0,107113.0,300
2026-07-03 17:50:00,107111.0,107114.0,107034.0,107039.0,300
2026-07-03 17:55:00,107040.0,107086.0,107032.0,107073.0,300
2026-07-03 18:00:00,107075.0,107084.0,107049.0,107060.0,300
2026-07-03 18:05:00,107062.0,107079.0,107043.0,107050.0,300
2026-07-03 18:10:00,107048.0,107058.0,107031.0,107048.0,300
2026-07-03 18:15:00,107046.0,107054.0,107015.0,107018.0,300
2026-07-03 18:20:00,107020.0,107033.0,106984.0,106987.0,300
2026-07-03 18:25:00,106985.0,107010.0,106967.0,106976.0,300
2026-07-03 18:30:00,106974.0,107004.0,106968.0,106992.0,300
2026-07-03 18:35:00,106991.0,106991.0,106941.0,106959.0,300
2026-07-03 18:40:00,106957.0,106965.0,106932.0,106935.0,300
2026-07-03 18:45:00,106933.0,106940.0,106918.0,106924.0,300
2026-07-03 18:50:00,106922.0,106946.0,106886.0,106944.0,300
2026-07-03 18:55:00,106942.0,106967.0,106935.0,106947.0,300
2026-07-03 19:00:00,106946.0,106972.0,106930.0,106940.0,300
2026-07-03 19:05:00,106942.0,106963.0,106919.0,106925.0,299
2026-07-03 19:10:00,106923.0,106934.0,106900.0,106920.0,301
2026-07-03 19:15:00,106918.0,106941.0,106911.0,106926.0,299
2026-07-03 19:20:00,106925.0,106968.0,106924.0,106968.0,301
2026-07-03 19:25:00,106967.0,106989.0,106944.0,106946.0,299
2026-07-03 19:30:00,106948.0,106972.0,106939.0,106939.0,300
2026-07-03 19:35:00,106937.0,106961.0,106914.0,106920.0,300
2026-07-03 19:40:00,106922.0,106947.0,106861.0,106861.0,300
2026-07-03 19:45:00,106859.0,106869.0,106796.0,106808.0,300
2026-07-03 19:50:00,106807.0,106837.0,106787.0,106814.0,300
2026-07-03 19:55:00,106813.0,106816.0,106760.0,106770.0,300
2026-07-03 20:00:00,106771.0,106794.0,106771.0,106780.0,300
2026-07-03 20:05:00,106781.0,106795.0,106758.0,106772.0,300
2026-07-03 20:10:00,106771.0,106784.0,106736.0,106776.0,300
2026-07-03 20:15:00,106778.0,106806.0,106770.0,106787.0,300
2026-07-03 20:20:00,106785.0,106806.0,106761.0,106767.0,300
2026-07-03 20:25:00,106769.0,106805.0,106763.0,106798.0,300
2026-07-03 20:30:00,106797.0,106818.0,106775.0,106780.0,300
2026-07-03 20:35:00,106781.0,106841.0,106780.0,106828.0,300
2026-07-03 20:40:00,106830.0,106850.0,106811.0,106822.0,300
2026-07-03 20:45:00,106823.0,106833.0,106796.0,106828.0,300
2026-07-03 20:50:00,106829.0,106863.0,106822.0,106843.0,300
2026-07-03 20:55:00,106844.0,106869.0,106837.0,106848.0,300
2026-07-03 21:00:00,106849.0,106909.0,106833.0,106908.0,300
2026-07-03 21:05:00,106909.0,106973.0,106907.0,106953.0,300
2026-07-03 21:10:00,106951.0,106989.0,106937.0,106984.0,300
2026-07-03 21:15:00,106983.0,107009.0,106956.0,106972.0,300
2026-07-03 21:20:00,106971.0,106992.0,106950.0,106986.0,300
2026-07-03 21:25:00,106984.0,107019.0,106975.0,106998.0,300
2026-07-03 21:30:00,107000.0,107023.0,106981.0,107021.0,300
2026-07-03 21:35:00,107022.0,107025.0,106998.0,107008.0,300
2026-07-03 21:40:00,107006.0,107006.0,106934.0,106960.0,300
2026-07-03 21:45:00,106959.0,106983.0,106941.0,106956.0,300
2026-07-03 21:50:00,106958.0,106998.0,106954.0,106980.0,300
2026-07-03 21:55:00,106981.0,106981.0,106951.0,106967.0,300
2026-07-03 22:00:00,106969.0,106969.0,106910.0,106911.0,300
2026-07-03 22:05:00,106913.0,106931.0,106902.0,106926.0,300
2026-07-03 22:10:00,106925.0,106944.0,106912.0,106929.0,300
2026-07-03 22:15:00,106927.0,106964.0,106926.0,106960.0,300
2026-07-03 22:20:00,106959.0,106987.0,106951.0,106984.0,300
2026-07-03 22:25:00,106986.0,107001.0,106968.0,106992.0,300
2026-07-03 22:30:00,106994.0,107021.0,106988.0,107015.0,300
2026-07-03 22:35:00,107017.0,107095.0,107009.0,107095.0,300
2026-07-03 22:40:00,107093.0,107096.0,107045.0,107058.0,300
2026-07-03 22:45:00,107059.0,107069.0,107033.0,107040.0,300
2026-07-03 22:50:00,107041.0,107058.0,107022.0,107056.0,300
2026-07-03 22:55:00,107055.0,107074.0,107044.0,107066.0,300
2026-07-03 23:00:00,107065.0,107072.0,107046.0,107052.0,300
2026-07-03 23:05:00,107051.0,107089.0,107032.0,107032.0,300
2026-07-03 23:10:00,107030.0,107060.0,107025.0,107054.0,300
2026-07-03 23:15:00,107052.0,107061.0,107031.0,107043.0,300
2026-07-03 23:20:00,107041.0,107055.0,107026.0,107045.0,300
2026-07-03 23:25:00,107043.0,107045.0,106983.0,106990.0,300
2026-07-03 23:30:00,106992.0,107007.0,106965.0,107001.0,300
2026-07-03 23:35:00,107000.0,107025.0,106976.0,106991.0,300
2026-07-03 23:40:00,106989.0,107039.0,106987.0,107014.0,300
2026-07-03 23:45:00,107015.0,107019.0,106978.0,107003.0,300
2026-07-03 23:50:00,107005.0,107032.0,106979.0,107029.0,300
2026-07-03 23:55:00,107028.0,107035.0,107006.0,107008.0,300
2026-07-04 00:00:00,107006.0,107025.0,106982.0,106986.0,300
2026-07-04 00:05:00,106987.0,107021.0,106978.0,107013.0,300
2026-07-04 00:10:00,107012.0,107045.0,106993.0,107045.0,300
2026-07-04 00:15:00,107046.0,107054.0,107029.0,107051.0,300
2026-07-04 00:20:00,107052.0,107077.0,107047.0,107058.0,300
2026-07-04 00:25:00,107056.0,107098.0,107041.0,107059.0,300
2026-07-04 00:30:00,107058.0,107058.0,107015.0,107028.0,300
2026-07-04 00:35:00,107030.0,107051.0,107025.0,107031.0,300
2026-07-04 00:40:00,107030.0,107048.0,107021.0,107022.0,300
2026-07-04 00:45:00,107020.0,107055.0,107016.0,107030.0,300
2026-07-04 00:50:00,107029.0,107071.0,107024.0,107056.0,300
2026-07-04 00:55:00,107055.0,107123.0,107051.0,107122.0,300
2026-07-04 01:00:00,107120.0,107126.0,107103.0,107106.0,300
2026-07-04 01:05:00,107104.0,107112.0,107089.0,107106.0,300
2026-07-04 01:10:00,107107.0,107127.0,107097.0,107116.0,300
2026-07-04 01:15:00,107114.0,107132.0,107103.0,107132.0,300
2026-07-04 01:20:00,107134.0,107158.0,107101.0,107157.0,300
2026-07-04 01:25:00,107155.0,107160.0,107112.0,107118.0,300
2026-07-04 01:30:00,107117.0,107135.0,107089.0,107107.0,300
2026-07-04 01:35:00,107106.0,107106.0,107064.0,107070.0,300
2026-07-04 01:40:00,107069.0,107084.0,107049.0,107051.0,300
2026-07-04 01:45:00,107053.0,107070.0,107036.0,107070.0,300
2026-07-04 01:50:00,107069.0,107107.0,107068.0,107098.0,300
2026-07-04 01:55:00,107099.0,107118.0,107080.0,107116.0,300
2026-07-04 02:00:00,107118.0,107139.0,107116.0,107127.0,300
2026-07-04 02:05:00,107128.0,107147.0,107113.0,107124.0,300
2026-07-04 02:10:00,107123.0,107181.0,107120.0,107159.0,300
2026-07-04 02:15:00,107158.0,107168.0,107141.0,107154.0,300
2026-07-04 02:20:00,107152.0,107223.0,107152.0,107223.0,300
2026-07-04 02:25:00,107221.0,107235.0,107200.0,107222.0,300
2026-07-04 02:30:00,107221.0,107232.0,107206.0,107216.0,300
2026-07-04 02:35:00,107217.0,107233.0,107208.0,107215.0,300
2026-07-04 02:40:00,107217.0,107279.0,107216.0,107275.0,300
2026-07-04 02:45:00,107277.0,107318.0,107275.0,107292.0,300
2026-07-04 02:50:00,107293.0,107326.0,107292.0,107317.0,300
2026-07-04 02:55:00,107316.0,107328.0,107304.0,107323.0,300
2026-07-04 03:00:00,107325.0,107354.0,107309.0,107352.0,300
2026-07-04 03:05:00,107354.0,107383.0,107337.0,107376.0,300
2026-07-04 03:10:00,107377.0,107403.0,107373.0,107390.0,300
2026-07-04 03:15:00,107391.0,107401.0,107337.0,107341.0,300
2026-07-04 03:20:00,107342.0,107361.0,107309.0,107338.0,300
2026-07-04 03:25:00,107340.0,107364.0,107334.0,107352.0,300
2026-07-04 03:30:00,107354.0,107399.0,107354.0,107370.0,300
2026-07-04 03:35:00,107371.0,107393.0,107352.0,107386.0,300
2026-07-04 03:40:00,107384.0,107411.0,107378.0,107395.0,300
2026-07-04 03:45:00,107393.0,107404.0,107373.0,107383.0,300
2026-07-04 03:50:00,107382.0,107388.0,107360.0,107384.0,300
2026-07-04 03:55:00,107385.0,107439.0,107373.0,107421.0,300
2026-07-04 04:00:00,107423.0,107446.0,107412.0,107436.0,300
2026-07-04 04:05:00,107438.0,107448.0,107409.0,107415.0,300
2026-07-04 04:10:00,107417.0,107436.0,107408.0,107429.0,300
2026-07-04 04:15:00,107427.0,107454.0,107424.0,107441.0,300
2026-07-04 04:20:00,107440.0,107451.0,107406.0,107417.0,300
2026-07-04 04:25:00,107415.0,107465.0,107404.0,107445.0,300
2026-07-04 04:30:00,107443.0,107462.0,107438.0,107447.0,300
2026-07-04 04:35:00,107446.0,107475.0,107446.0,107452.0,300
2026-07-04 04:40:00,107454.0,107477.0,107441.0,107474.0,300
2026-07-04 04:45:00,107472.0,107523.0,107472.0,107498.0,300
2026-07-04 04:50:00,107497.0,107498.0,107438.0,107438.0,300
2026-07-04 04:55:00,107437.0,107494.0,107430.0,107494.0,300
2026-07-04 05:00:00,107492.0,107510.0,107466.0,107479.0,300
2026-07-04 05:05:00,107477.0,107482.0,107449.0,107449.0,300
2026-07-04 05:10:00,107450.0,107504.0,107449.0,107487.0,300
2026-07-04 05:15:00,107489.0,107505.0,107473.0,107496.0,300
2026-07-04 05:20:00,107497.0,107526.0,107489.0,107516.0,300
2026-07-04 05:25:00,107514.0,107545.0,107506.0,107516.0,300
2026-07-04 05:30:00,107514.0,107515.0,107479.0,107479.0,300
2026-07-04 05:35:00,107477.0,107487.0,107448.0,107475.0,300
2026-07-04 05:40:00,107477.0,107505.0,107475.0,107477.0,300
2026-07-04 05:45:00,107476.0,107481.0,107448.0,107452.0,300
2026-07-04 05:50:00,107451.0,107451.0,107373.0,107392.0,300
2026-07-04 05:55:00,107390.0,107390.0,107364.0,107373.0,300
2026-07-04 06:00:00,107375.0,107417.0,107367.0,107417.0,300
2026-07-04 06:05:00,107416.0,107428.0,107397.0,107407.0,300
2026-07-04 06:10:00,107408.0,107436.0,107385.0,107399.0,300
2026-07-04 06:15:00,107400.0,107418.0,107384.0,107408.0,300
2026-07-04 06:20:00,107409.0,107414.0,107356.0,107372.0,300
2026-07-04 06:25:00,107374.0,107380.0,107335.0,107357.0,300
2026-07-04 06:30:00,107355.0,107411.0,107349.0,107411.0,300
2026-07-04 06:35:00,107410.0,107467.0,107410.0,107436.0,300
2026-07-04 06:40:00,107437.0,107458.0,107424.0,107432.0,300
2026-07-04 06:45:00,107433.0,107455.0,107415.0,107426.0,300
2026-07-04 06:50:00,107428.0,107476.0,107428.0,107472.0,300
2026-07-04 06:55:00,107470.0,107496.0,107461.0,107483.0,300
2026-07-04 07:00:00,107485.0,107512.0,107471.0,107509.0,300
2026-07-04 07:05:00,107510.0,107512.0,107484.0,107490.0,300
2026-07-04 07:10:00,107491.0,107499.0,107461.0,107462.0,300
2026-07-04 07:15:00,107463.0,107501.0,107448.0,107479.0,300
2026-07-04 07:20:00,107477.0,107494.0,107457.0,107462.0,300
2026-07-04 07:25:00,107464.0,107476.0,107440.0,107475.0,300
2026-07-04 07:30:00,107476.0,107489.0,107462.0,107467.0,300
2026-07-04 07:35:00,107465.0,107476.0,107449.0,107472.0,300
2026-07-04 07:40:00,107471.0,107520.0,107468.0,107515.0,300
2026-07-04 07:45:00,107513.0,107569.0,107511.0,107554.0,300
2026-07-04 07:50:00,107556.0,107608.0,107551.0,107595.0,300
2026-07-04 07:55:00,107596.0,107635.0,107589.0,107635.0,300
2026-07-04 08:00:00,107634.0,107655.0,107620.0,107640.0,300
2026-07-04 08:05:00,107639.0,107658.0,107616.0,107651.0,300
2026-07-04 08:10:00,107653.0,107658.0,107582.0,107582.0,300
2026-07-04 08:15:00,107581.0,107590.0,107549.0,107583.0,300
2026-07-04 08:20:00,107584.0,107600.0,107562.0,107562.0,300
2026-07-04 08:25:00,107564.0,107579.0,107547.0,107569.0,300
2026-07-04 08:30:00,107571.0,107606.0,107570.0,107603.0,300
2026-07-04 08:35:00,107604.0,107655.0,107599.0,107646.0,300
2026-07-04 08:40:00,107645.0,107706.0,107645.0,107705.0,300
2026-07-04 08:45:00,107707.0,107717.0,107684.0,107684.0,300
2026-07-04 08:50:00,107686.0,107724.0,107686.0,107705.0,300
2026-07-04 08:55:00,107703.0,107731.0,107699.0,107723.0,300
2026-07-04 09:00:00,107724.0,107736.0,107703.0,107725.0,300
2026-07-04 09:05:00,107724.0,107737.0,107697.0,107732.0,300
2026-07-04 09:10:00,107733.0,107776.0,107732.0,107737.0,300
2026-07-04 09:15:00,107735.0,107753.0,107710.0,107737.0,300
2026-07-04 09:20:00,107739.0,107745.0,107704.0,107718.0,300
2026-07-04 09:25:00,107717.0,107720.0,107682.0,107690.0,300
2026-07-04 09:30:00,107692.0,107708.0,107667.0,107697.0,300
2026-07-04 09:35:00,107695.0,107697.0,107669.0,107694.0,300
2026-07-04 09:40:00,107693.0,107694.0,107657.0,107679.0,300
2026-07-04 09:45:00,107678.0,107708.0,107674.0,107682.0,300
2026-07-04 09:50:00,107684.0,107687.0,107638.0,107642.0,300
2026-07-04 09:55:00,107640.0,107641.0,107587.0,107599.0,300
2026-07-04 10:00:00,107598.0,107600.0,107555.0,107574.0,300
2026-07-04 10:05:00,107575.0,107575.0,107533.0,107541.0,300
2026-07-04 10:10:00,107540.0,107574.0,107537.0,107562.0,300
2026-07-04 10:15:00,107563.0,107565.0,107522.0,107534.0,300
2026-07-04 10:20:00,107532.0,107542.0,107492.0,107503.0,300
2026-07-04 10:25:00,107501.0,107513.0,107487.0,107507.0,300
2026-07-04 10:30:00,107505.0,107540.0,107503.0,107530.0,300
2026-07-04 10:35:00,107529.0,107537.0,107494.0,107509.0,300
2026-07-04 10:40:00,107508.0,107517.0,107475.0,107513.0,300
2026-07-04 10:45:00,107515.0,107520.0,107494.0,107506.0,300
2026-07-04 10:50:00,107504.0,107507.0,107472.0,107478.0,300
2026-07-04 10:55:00,107480.0,107501.0,107465.0,107473.0,300
2026-07-04 11:00:00,107472.0,107478.0,107443.0,107469.0,300
2026-07-04 11:05:00,107467.0,107472.0,107433.0,107434.0,300
2026-07-04 11:10:00,107433.0,107491.0,107430.0,107480.0,300
2026-07-04 11:15:00,107481.0,107501.0,107467.0,107484.0,300
2026-07-04 11:20:00,107483.0,107504.0,107464.0,107466.0,300
2026-07-04 11:25:00,107464.0,107477.0,107448.0,107463.0,300
2026-07-04 11:30:00,107465.0,107513.0,107458.0,107503.0,300
2026-07-04 11:35:00,107501.0,107550.0,107501.0,107540.0,300
2026-07-04 11:40:00,107539.0,107554.0,107518.0,107522.0,300
2026-07-04 11:45:00,107524.0,107528.0,107437.0,107446.0,300
2026-07-04 11:50:00,107444.0,107469.0,107426.0,107467.0,300
2026-07-04 11:55:00,107469.0,107479.0,107444.0,107446.0,300
2026-07-04 12:00:00,107445.0,107451.0,107422.0,107434.0,300
2026-07-04 12:05:00,107433.0,107493.0,107433.0,107492.0,300
2026-07-04 12:10:00,107493.0,107530.0,107493.0,107519.0,300
2026-07-04 12:15:00,107521.0,107534.0,107514.0,107518.0,300
2026-07-04 12:20:00,107519.0,107534.0,107499.0,107514.0,300
2026-07-04 12:25:00,107512.0,107527.0,107479.0,107484.0,300
2026-07-04 12:30:00,107485.0,107487.0,107436.0,107437.0,300
2026-07-04 12:35:00,107439.0,107462.0,107430.0,107442.0,300
2026-07-04 12:40:00,107443.0,107482.0,107435.0,107482.0,300
2026-07-04 12:45:00,107480.0,107518.0,107457.0,107511.0,300
2026-07-04 12:50:00,107509.0,107535.0,107501.0,107522.0,300
2026-07-04 12:55:00,107523.0,107540.0,107493.0,107522.0,300
2026-07-04 13:00:00,107521.0,107524.0,107481.0,107488.0,300
2026-07-04 13:05:00,107490.0,107512.0,107488.0,107498.0,300
2026-07-04 13:10:00,107499.0,107525.0,107495.0,107520.0,300
2026-07-04 13:15:00,107522.0,107523.0,107482.0,107506.0,300
2026-07-04 13:20:00,107505.0,107519.0,107478.0,107506.0,300
2026-07-04 13:25:00,107505.0,107530.0,107503.0,107521.0,300
2026-07-04 13:30:00,107522.0,107573.0,107521.0,107533.0,300
2026-07-04 13:35:00,107534.0,107543.0,107512.0,107513.0,300
2026-07-04 13:40:00,107515.0,107523.0,107475.0,107483.0,300
2026-07-04 13:45:00,107485.0,107504.0,107478.0,107503.0,300
2026-07-04 13:50:00,107501.0,107504.0,107459.0,107480.0,300
2026-07-04 13:55:00,107482.0,107493.0,107442.0,107453.0,300
2026-07-04 14:00:00,107455.0,107455.0,107407.0,107418.0,300
2026-07-04 14:05:00,107417.0,107444.0,107410.0,107420.0,300
2026-07-04 14:10:00,107421.0,107432.0,107403.0,107408.0,300
2026-07-04 14:15:00,107410.0,107434.0,107401.0,107429.0,300
2026-07-04 14:20:00,107428.0,107493.0,107422.0,107468.0,300
2026-07-04 14:25:00,107467.0,107473.0,107437.0,107444.0,300
2026-07-04 14:30:00,107443.0,107470.0,107420.0,107423.0,300
2026-07-04 14:35:00,107421.0,107460.0,107412.0,107446.0,300
2026-07-04 14:40:00,107447.0,107456.0,107399.0,107399.0,300
2026-07-04 14:45:00,107397.0,107409.0,107372.0,107376.0,300
2026-07-04 14:50:00,107377.0,107378.0,107321.0,107344.0,300
2026-07-04 14:55:00,107342.0,107348.0,107322.0,107332.0,300
2026-07-04 15:00:00,107331.0,107381.0,107315.0,107378.0,300
2026-07-04 15:05:00,107377.0,107394.0,107373.0,107377.0,300
2026-07-04 15:10:00,107378.0,107419.0,107378.0,107410.0,300
2026-07-04 15:15:00,107412.0,107426.0,107401.0,107407.0,300
2026-07-04 15:20:00,107405.0,107437.0,107383.0,107423.0,300
2026-07-04 15:25:00,107425.0,107440.0,107415.0,107422.0,300
2026-07-04 15:30:00,107424.0,107469.0,107422.0,107444.0,300
2026-07-04 15:35:00,107446.0,107446.0,107411.0,107435.0,300
2026-07-04 15:40:00,107436.0,107438.0,107418.0,107433.0,300
2026-07-04 15:45:00,107434.0,107466.0,107426.0,107442.0,300
2026-07-04 15:50:00,107444.0,107471.0,107428.0,107451.0,300
2026-07-04 15:55:00,107450.0,107450.0,107399.0,107401.0,300
2026-07-04 16:00:00,107400.0,107402.0,107355.0,107361.0,300
2026-07-04 16:05:00,107360.0,107394.0,107356.0,107372.0,300
2026-07-04 16:10:00,107373.0,107383.0,107347.0,107347.0,300
2026-07-04 16:15:00,107349.0,107352.0,107330.0,107331.0,300
2026-07-04 16:20:00,107329.0,107349.0,107325.0,107333.0,300
2026-07-04 16:25:00,107332.0,107400.0,107329.0,107395.0,300
2026-07-04 16:30:00,107394.0,107426.0,107394.0,107416.0,300
2026-07-04 16:35:00,107417.0,107441.0,107406.0,107439.0,300
2026-07-04 16:40:00,107440.0,107454.0,107412.0,107415.0,300
2026-07-04 16:45:00,107416.0,107444.0,107407.0,107442.0,300
2026-07-04 16:50:00,107444.0,107451.0,107415.0,107415.0,300
2026-07-04 16:55:00,107414.0,107426.0,107387.0,107393.0,300
2026-07-04 17:00:00,107391.0,107416.0,107354.0,107401.0,300
2026-07-04 17:05:00,107399.0,107425.0,107378.0,107393.0,300
2026-07-04 17:10:00,107395.0,107401.0,107362.0,107372.0,300
2026-07-04 17:15:00,107374.0,107411.0,107357.0,107357.0,300
2026-07-04 17:20:00,107355.0,107360.0,107321.0,107329.0,300
2026-07-04 17:25:00,107327.0,107349.0,107294.0,107303.0,300
2026-07-04 17:30:00,107304.0,107322.0,107292.0,107302.0,300
2026-07-04 17:35:00,107301.0,107301.0,107249.0,107276.0,300
2026-07-04 17:40:00,107275.0,107284.0,107232.0,107233.0,300
2026-07-04 17:45:00,107231.0,107232.0,107197.0,107207.0,300
2026-07-04 17:50:00,107206.0,107249.0,107201.0,107228.0,300
2026-07-04 17:55:00,107226.0,107248.0,107215.0,107215.0,300
2026-07-04 18:00:00,107213.0,107249.0,107213.0,107242.0,300
2026-07-04 18:05:00,107241.0,107256.0,107219.0,107228.0,300
2026-07-04 18:10:00,107229.0,107229.0,107195.0,107195.0,300
2026-07-04 18:15:00,107194.0,107205.0,107125.0,107141.0,300
2026-07-04 18:20:00,107140.0,107158.0,107121.0,107139.0,300
2026-07-04 18:25:00,107141.0,107167.0,107140.0,107144.0,300
2026-07-04 18:30:00,107142.0,107180.0,107140.0,107172.0,300
2026-07-04 18:35:00,107170.0,107182.0,107152.0,107152.0,300
2026-07-04 18:40:00,107150.0,107205.0,107146.0,107195.0,300
2026-07-04 18:45:00,107193.0,107237.0,107191.0,107221.0,300
2026-07-04 18:50:00,107223.0,107248.0,107204.0,107248.0,300
2026-07-04 18:55:00,107250.0,107255.0,107213.0,107221.0,300
2026-07-04 19:00:00,107222.0,107239.0,107197.0,107217.0,300
2026-07-04 19:05:00,107219.0,107267.0,107202.0,107259.0,300
2026-07-04 19:10:00,107261.0,107269.0,107237.0,107258.0,300
2026-07-04 19:15:00,107260.0,107276.0,107233.0,107248.0,300
2026-07-04 19:20:00,107246.0,107276.0,107243.0,107251.0,300
2026-07-04 19:25:00,107252.0,107296.0,107247.0,107295.0,300
2026-07-04 19:30:00,107297.0,107303.0,107275.0,107283.0,300
2026-07-04 19:35:00,107285.0,107285.0,107257.0,107280.0,300
2026-07-04 19:40:00,107281.0,107298.0,107263.0,107272.0,300
2026-07-04 19:45:00,107271.0,107306.0,107259.0,107302.0,300
2026-07-04 19:50:00,107300.0,107312.0,107283.0,107291.0,300
2026-07-04 19:55:00,107293.0,107294.0,107268.0,107280.0,300
2026-07-04 20:00:00,107281.0,107301.0,107266.0,107293.0,300
2026-07-04 20:05:00,107294.0,107328.0,107279.0,107303.0,300
2026-07-04 20:10:00,107305.0,107308.0,107279.0,107285.0,300
2026-07-04 20:15:00,107283.0,107304.0,107280.0,107292.0,300
2026-07-04 20:20:00,107293.0,107344.0,107279.0,107341.0,300
2026-07-04 20:25:00,107343.0,107365.0,107328.0,107364.0,300
2026-07-04 20:30:00,107363.0,107366.0,107331.0,107342.0,300
2026-07-04 20:35:00,107344.0,107357.0,107322.0,107347.0,300
2026-07-04 20:40:00,107345.0,107376.0,107342.0,107360.0,300
2026-07-04 20:45:00,107358.0,107371.0,107338.0,107346.0,300
2026-07-04 20:50:00,107347.0,107363.0,107334.0,107353.0,300
2026-07-04 20:55:00,107351.0,107378.0,107332.0,107340.0,300
2026-07-04 21:00:00,107341.0,107348.0,107313.0,107346.0,300
2026-07-04 21:05:00,107347.0,107362.0,107314.0,107326.0,300
2026-07-04 21:10:00,107324.0,107339.0,107307.0,107316.0,300
2026-07-04 21:15:00,107318.0,107344.0,107305.0,107313.0,300
2026-07-04 21:20:00,107312.0,107341.0,107307.0,107341.0,300
2026-07-04 21:25:00,107343.0,107365.0,107331.0,107357.0,300
2026-07-04 21:30:00,107355.0,107364.0,107318.0,107321.0,300
2026-07-04 21:35:00,107320.0,107324.0,107270.0,107272.0,300
2026-07-04 21:40:00,107271.0,107284.0,107252.0,107257.0,300
2026-07-04 21:45:00,107255.0,107284.0,107248.0,107265.0,300
2026-07-04 21:50:00,107263.0,107299.0,107260.0,107279.0,300
2026-07-04 21:55:00,107280.0,107294.0,107265.0,107282.0,300
2026-07-04 22:00:00,107281.0,107288.0,107258.0,107268.0,300
2026-07-04 22:05:00,107267.0,107275.0,107246.0,107262.0,300
2026-07-04 22:10:00,107261.0,107268.0,107217.0,107217.0,300
2026-07-04 22:15:00,107216.0,107247.0,107204.0,107243.0,300
2026-07-04 22:20:00,107245.0,107265.0,107231.0,107253.0,300
2026-07-04 22:25:00,107251.0,107257.0,107232.0,107240.0,300
2026-07-04 22:30:00,107238.0,107268.0,107228.0,107262.0,300
2026-07-04 22:35:00,107260.0,107291.0,107242.0,107284.0,300
2026-07-04 22:40:00,107282.0,107293.0,107260.0,107274.0,300
2026-07-04 22:45:00,107275.0,107300.0,107252.0,107273.0,300
2026-07-04 22:50:00,107274.0,107292.0,107257.0,107290.0,300
2026-07-04 22:55:00,107289.0,107300.0,107270.0,107284.0,300
2026-07-04 23:00:00,107285.0,107317.0,107269.0,107310.0,300
2026-07-04 23:05:00,107311.0,107341.0,107300.0,107335.0,300
2026-07-04 23:10:00,107333.0,107350.0,107309.0,107310.0,300
2026-07-04 23:15:00,107308.0,107309.0,107267.0,107271.0,300
2026-07-04 23:20:00,107273.0,107275.0,107220.0,107222.0,300
2026-07-04 23:25:00,107223.0,107243.0,107212.0,107232.0,300
2026-07-04 23:30:00,107233.0,107276.0,107233.0,107252.0,300
2026-07-04 23:35:00,107253.0,107257.0,107214.0,107227.0,300
2026-07-04 23:40:00,107228.0,107232.0,107196.0,107223.0,300
2026-07-04 23:45:00,107222.0,107251.0,107221.0,107238.0,300
2026-07-04 23:50:00,107240.0,107247.0,107220.0,107229.0,300
2026-07-04 23:55:00,107228.0,107247.0,107211.0,107225.0,300
2026-07-05 00:00:00,107226.0,107230.0,107187.0,107190.0,300
2026-07-05 00:05:00,107188.0,107250.0,107187.0,107207.0,300
2026-07-05 00:10:00,107209.0,107238.0,107195.0,107226.0,300
2026-07-05 00:15:00,107228.0,107229.0,107171.0,107181.0,300
2026-07-05 00:20:00,107180.0,107189.0,107163.0,107168.0,300
2026-07-05 00:25:00,107166.0,107181.0,107134.0,107172.0,300
2026-07-05 00:30:00,107170.0,107206.0,107169.0,107186.0,300
2026-07-05 00:35:00,107188.0,107195.0,107164.0,107174.0,300
2026-07-05 00:40:00,107176.0,107212.0,107166.0,107175.0,300
2026-07-05 00:45:00,107174.0,107216.0,107165.0,107205.0,300
2026-07-05 00:50:00,107207.0,107239.0,107200.0,107202.0,300
2026-07-05 00:55:00,107201.0,107205.0,107152.0,107158.0,300
2026-07-05 01:00:00,107159.0,107183.0,107141.0,107169.0,300
2026-07-05 01:05:00,107168.0,107199.0,107163.0,107190.0,300
2026-07-05 01:10:00,107188.0,107189.0,107153.0,107177.0,300
2026-07-05 01:15:00,107176.0,107189.0,107158.0,107184.0,300
2026-07-05 01:20:00,107183.0,107205.0,107160.0,107193.0,300
2026-07-05 01:25:00,107191.0,107230.0,107174.0,107203.0,300
2026-07-05 01:30:00,107205.0,107226.0,107196.0,107201.0,300
2026-07-05 01:35:00,107200.0,107212.0,107181.0,107208.0,300
2026-07-05 01:40:00,107210.0,107239.0,107200.0,107236.0,300
2026-07-05 01:45:00,107237.0,107262.0,107231.0,107241.0,300
2026-07-05 01:50:00,107243.0,107276.0,107228.0,107231.0,300
2026-07-05 01:55:00,107229.0,107251.0,107225.0,107230.0,300
2026-07-05 02:00:00,107228.0,107240.0,107196.0,107233.0,300
2026-07-05 02:05:00,107234.0,107241.0,107169.0,107173.0,300
2026-07-05 02:10:00,107172.0,107182.0,107150.0,107173.0,300
2026-07-05 02:15:00,107172.0,107183.0,107130.0,107140.0,300
2026-07-05 02:20:00,107141.0,107172.0,107138.0,107138.0,300
2026-07-05 02:25:00,107140.0,107173.0,107120.0,107160.0,300
2026-07-05 02:30:00,107158.0,107160.0,107106.0,107110.0,300
2026-07-05 02:35:00,107109.0,107167.0,107103.0,107142.0,300
2026-07-05 02:40:00,107140.0,107164.0,107140.0,107152.0,300
2026-07-05 02:45:00,107151.0,107178.0,107140.0,107170.0,300
2026-07-05 02:50:00,107169.0,107195.0,107152.0,107195.0,300
2026-07-05 02:55:00,107193.0,107212.0,107184.0,107190.0,300
2026-07-05 03:00:00,107192.0,107201.0,107166.0,107187.0,300
2026-07-05 03:05:00,107186.0,107218.0,107186.0,107214.0,300
2026-07-05 03:10:00,107216.0,107248.0,107214.0,107228.0,300
2026-07-05 03:15:00,107230.0,107232.0,107196.0,107201.0,300
2026-07-05 03:20:00,107202.0,107242.0,107196.0,107239.0,300
2026-07-05 03:25:00,107238.0,107271.0,107230.0,107239.0,300
2026-07-05 03:30:00,107240.0,107256.0,107229.0,107246.0,300
2026-07-05 03:35:00,107244.0,107259.0,107201.0,107211.0,300
2026-07-05 03:40:00,107213.0,107213.0,107190.0,107195.0,300
2026-07-05 03:45:00,107193.0,107214.0,107189.0,107195.0,300
2026-07-05 03:50:00,107193.0,107211.0,107177.0,107209.0,300
2026-07-05 03:55:00,107208.0,107244.0,107208.0,107231.0,300
2026-07-05 04:00:00,107233.0,107289.0,107229.0,107289.0,300
2026-07-05 04:05:00,107290.0,107296.0,107252.0,107255.0,300
2026-07-05 04:10:00,107257.0,107278.0,107248.0,107277.0,300
2026-07-05 04:15:00,107279.0,107320.0,107277.0,107314.0,300
2026-07-05 04:20:00,107312.0,107336.0,107305.0,107328.0,300
2026-07-05 04:25:00,107330.0,107340.0,107322.0,107332.0,300
2026-07-05 04:30:00,107330.0,107367.0,107321.0,107353.0,300
2026-07-05 04:35:00,107355.0,107355.0,107304.0,107340.0,300
2026-07-05 04:40:00,107338.0,107370.0,107327.0,107336.0,300
2026-07-05 04:45:00,107335.0,107352.0,107317.0,107328.0,300
2026-07-05 04:50:00,107330.0,107370.0,107329.0,107336.0,300
2026-07-05 04:55:00,107337.0,107366.0,107335.0,107342.0,300
2026-07-05 05:00:00,107343.0,107369.0,107333.0,107365.0,300
2026-07-05 05:05:00,107364.0,107397.0,107358.0,107387.0,300
2026-07-05 05:10:00,107388.0,107389.0,107361.0,107374.0,300
2026-07-05 05:15:00,107373.0,107375.0,107335.0,107335.0,300
2026-07-05 05:20:00,107337.0,107389.0,107337.0,107377.0,300
2026-07-05 05:25:00,107379.0,107379.0,107345.0,107364.0,300
2026-07-05 05:30:00,107365.0,107426.0,107362.0,107392.0,300
2026-07-05 05:35:00,107394.0,107394.0,107367.0,107383.0,300
2026-07-05 05:40:00,107382.0,107418.0,107377.0,107399.0,300
2026-07-05 05:45:00,107397.0,107475.0,107393.0,107462.0,300
2026-07-05 05:50:00,107460.0,107485.0,107451.0,107465.0,300
2026-07-05 05:55:00,107466.0,107479.0,107449.0,107474.0,300
2026-07-05 06:00:00,107475.0,107478.0,107428.0,107441.0,300
2026-07-05 06:05:00,107439.0,107462.0,107394.0,107402.0,300
2026-07-05 06:10:00,107400.0,107425.0,107395.0,107409.0,300
2026-07-05 06:15:00,107407.0,107416.0,107387.0,107399.0,300
2026-07-05 06:20:00,107397.0,107411.0,107377.0,107393.0,300
2026-07-05 06:25:00,107394.0,107439.0,107391.0,107422.0,300
2026-07-05 06:30:00,107420.0,107440.0,107391.0,107399.0,300
2026-07-05 06:35:00,107400.0,107405.0,107353.0,107364.0,300
2026-07-05 06:40:00,107365.0,107404.0,107357.0,107391.0,300
2026-07-05 06:45:00,107389.0,107389.0,107355.0,107364.0,300
2026-07-05 07:00:00,107365.0,107394.0,107349.0,107392.0,300
2026-07-05 07:05:00,107390.0,107407.0,107379.0,107384.0,300
2026-07-05 07:10:00,107385.0,107401.0,107368.0,107392.0,300
2026-07-05 07:15:00,107390.0,107433.0,107389.0,107429.0,300
2026-07-05 07:20:00,107431.0,107448.0,107419.0,107423.0,300
2026-07-05 07:25:00,107425.0,107426.0,107400.0,107408.0,300
2026-07-05 07:30:00,107410.0,107410.0,107366.0,107377.0,300
2026-07-05 07:35:00,107376.0,107425.0,107375.0,107419.0,300
2026-07-05 07:40:00,107418.0,107424.0,107391.0,107414.0,300
2026-07-05 07:45:00,107416.0,107428.0,107391.0,107406.0,300
2026-07-05 07:50:00,107407.0,107423.0,107401.0,107415.0,232
2026-07-05 07:55:00,107414.0,107434.0,107407.0,107426.0,300
2026-07-05 08:00:00,107424.0,107445.0,107415.0,107429.0,237
2026-07-05 08:05:00,107428.0,107434.0,107377.0,107381.0,300
2026-07-05 08:10:00,107382.0,107399.0,107377.0,107384.0,300
2026-07-05 08:15:00,107385.0,107436.0,107368.0,107435.0,300
2026-07-05 08:20:00,107434.0,107475.0,107425.0,107438.0,300
2026-07-05 08:25:00,107439.0,107450.0,107410.0,107421.0,300
2026-07-05 08:30:00,107420.0,107423.0,107395.0,107413.0,300
2026-07-05 08:35:00,107412.0,107424.0,107379.0,107398.0,300
2026-07-05 08:40:00,107397.0,107417.0,107389.0,107397.0,300
2026-07-05 08:45:00,107399.0,107466.0,107397.0,107458.0,300
2026-07-05 08:50:00,107457.0,107480.0,107432.0,107472.0,300
2026-07-05 08:55:00,107473.0,107506.0,107461.0,107506.0,300
2026-07-05 09:00:00,107504.0,107529.0,107485.0,107517.0,300
2026-07-05 09:05:00,107516.0,107561.0,107510.0,107557.0,300
2026-07-05 09:10:00,107556.0,107572.0,107534.0,107572.0,300
2026-07-05 09:15:00,107574.0,107574.0,107527.0,107553.0,300
2026-07-05 09:20:00,107554.0,107582.0,107534.0,107581.0,300
2026-07-05 09:25:00,107580.0,107600.0,107563.0,107584.0,300
2026-07-05 09:30:00,107585.0,107587.0,107544.0,107583.0,300
2026-07-05 09:35:00,107582.0,107629.0,107571.0,107626.0,300
2026-07-05 09:40:00,107627.0,107665.0,107615.0,107661.0,291
2026-07-05 09:45:00,107662.0,107673.0,107647.0,107655.0,300
2026-07-05 09:50:00,107654.0,107656.0,107620.0,107630.0,300
2026-07-05 09:55:00,107629.0,107644.0,107599.0,107605.0,300
2026-07-05 10:00:00,107604.0,107627.0,107592.0,107607.0,300
2026-07-05 10:05:00,107605.0,107633.0,107591.0,107592.0,300
2026-07-05 10:10:00,107593.0,107611.0,107574.0,107609.0,300
2026-07-05 10:15:00,107611.0,107639.0,107598.0,107630.0,300
2026-07-05 10:20:00,107632.0,107673.0,107632.0,107650.0,300
2026-07-05 10:25:00,107648.0,107673.0,107641.0,107654.0,300
2026-07-05 10:30:00,107652.0,107664.0,107602.0,107610.0,300
2026-07-05 10:35:00,107612.0,107612.0,107577.0,107580.0,300
2026-07-05 10:40:00,107581.0,107623.0,107574.0,107611.0,300
2026-07-05 10:45:00,107613.0,107650.0,107611.0,107623.0,300
2026-07-05 10:50:00,107621.0,107630.0,107565.0,107565.0,300
2026-07-05 10:55:00,107567.0,107595.0,107551.0,107588.0,300
2026-07-05 11:00:00,107587.0,107590.0,107559.0,107579.0,300
2026-07-05 11:05:00,107581.0,107597.0,107550.0,107554.0,300
2026-07-05 11:10:00,107555.0,107564.0,107522.0,107540.0,300
2026-07-05 11:15:00,107542.0,107563.0,107524.0,107532.0,300
2026-07-05 11:20:00,107530.0,107547.0,107504.0,107514.0,300
2026-07-05 11:25:00,107515.0,107518.0,107481.0,107486.0,300
2026-07-05 11:30:00,107488.0,107498.0,107462.0,107490.0,300
2026-07-05 11:35:00,107492.0,107492.0,107441.0,107442.0,300
2026-07-05 11:40:00,107443.0,107445.0,107421.0,107438.0,300
2026-07-05 11:45:00,107440.0,107481.0,107440.0,107470.0,300
2026-07-05 11:50:00,107468.0,107493.0,107463.0,107469.0,300
2026-07-05 11:55:00,107470.0,107518.0,107464.0,107499.0,300
2026-07-05 12:00:00,107497.0,107564.0,107479.0,107544.0,300
2026-07-05 12:05:00,107543.0,107543.0,107492.0,107517.0,300
2026-07-05 12:10:00,107516.0,107546.0,107512.0,107522.0,300
2026-07-05 12:15:00,107521.0,107541.0,107505.0,107507.0,300
2026-07-05 12:20:00,107505.0,107505.0,107469.0,107479.0,300
2026-07-05 12:25:00,107477.0,107520.0,107466.0,107517.0,300
2026-07-05 12:30:00,107518.0,107523.0,107488.0,107493.0,300
2026-07-05 12:35:00,107492.0,107497.0,107466.0,107477.0,300
2026-07-05 12:40:00,107478.0,107500.0,107466.0,107491.0,300
2026-07-05 12:45:00,107493.0,107521.0,107492.0,107505.0,300
2026-07-05 12:50:00,107507.0,107516.0,107490.0,107516.0,300
2026-07-05 12:55:00,107515.0,107558.0,107500.0,107551.0,300
2026-07-05 13:00:00,107552.0,107568.0,107544.0,107551.0,300
2026-07-05 13:05:00,107549.0,107570.0,107528.0,107533.0,300
2026-07-05 13:10:00,107532.0,107568.0,107528.0,107534.0,300
2026-07-05 13:15:00,107533.0,107556.0,107513.0,107519.0,300
2026-07-05 13:20:00,107517.0,107519.0,107478.0,107487.0,300
2026-07-05 13:25:00,107485.0,107515.0,107478.0,107515.0,300
2026-07-05 13:30:00,107517.0,107526.0,107493.0,107524.0,300
2026-07-05 13:35:00,107525.0,107551.0,107524.0,107544.0,300
2026-07-05 13:40:00,107542.0,107580.0,107530.0,107577.0,300
2026-07-05 13:45:00,107575.0,107576.0,107549.0,107552.0,300
2026-07-05 13:50:00,107554.0,107559.0,107519.0,107519.0,300
2026-07-05 13:55:00,107517.0,107517.0,107463.0,107470.0,300
2026-07-05 14:00:00,107468.0,107498.0,107468.0,107483.0,300
2026-07-05 14:05:00,107482.0,107504.0,107474.0,107481.0,300
2026-07-05 14:10:00,107482.0,107498.0,107459.0,107495.0,300
2026-07-05 14:15:00,107496.0,107506.0,107477.0,107484.0,300
2026-07-05 14:20:00,107483.0,107490.0,107451.0,107481.0,300
2026-07-05 14:25:00,107483.0,107530.0,107477.0,107515.0,300
2026-07-05 14:30:00,107516.0,107569.0,107516.0,107565.0,300
2026-07-05 14:35:00,107566.0,107585.0,107556.0,107574.0,300
2026-07-05 14:40:00,107572.0,107628.0,107556.0,107626.0,300
2026-07-05 14:45:00,107627.0,107634.0,107585.0,107634.0,300
2026-07-05 14:50:00,107632.0,107674.0,107623.0,107654.0,300
2026-07-05 14:55:00,107653.0,107656.0,107598.0,107604.0,300
2026-07-05 15:00:00,107605.0,107609.0,107547.0,107564.0,300
2026-07-05 15:05:00,107563.0,107587.0,107554.0,107576.0,300
2026-07-05 15:10:00,107578.0,107586.0,107559.0,107562.0,300
2026-07-05 15:15:00,107564.0,107577.0,107552.0,107559.0,300
2026-07-05 15:20:00,107560.0,107564.0,107537.0,107563.0,300
2026-07-05 15:25:00,107561.0,107563.0,107537.0,107543.0,300
2026-07-05 15:30:00,107541.0,107552.0,107530.0,107550.0,300
2026-07-05 15:35:00,107551.0,107569.0,107537.0,107545.0,300
2026-07-05 15:40:00,107544.0,107561.0,107507.0,107510.0,300
2026-07-05 15:45:00,107508.0,107531.0,107486.0,107514.0,300
2026-07-05 15:50:00,107515.0,107526.0,107490.0,107496.0,300
2026-07-05 15:55:00,107498.0,107520.0,107480.0,107519.0,300
2026-07-05 16:00:00,107520.0,107545.0,107510.0,107541.0,300
2026-07-05 16:05:00,107543.0,107584.0,107543.0,107571.0,300
2026-07-05 16:10:00,107573.0,107596.0,107554.0,107577.0,300
2026-07-05 16:15:00,107575.0,107610.0,107572.0,107596.0,300
2026-07-05 16:20:00,107597.0,107615.0,107582.0,107612.0,300
2026-07-05 16:25:00,107611.0,107629.0,107590.0,107628.0,300
2026-07-05 16:30:00,107626.0,107637.0,107606.0,107632.0,300
2026-07-05 16:35:00,107634.0,107646.0,107619.0,107623.0,300
2026-07-05 16:40:00,107622.0,107629.0,107588.0,107598.0,300
2026-07-05 16:45:00,107597.0,107602.0,107570.0,107571.0,300
2026-07-05 16:50:00,107573.0,107592.0,107569.0,107578.0,300
2026-07-05 16:55:00,107576.0,107651.0,107575.0,107649.0,300
2026-07-05 17:00:00,107648.0,107660.0,107601.0,107603.0,300
2026-07-05 17:05:00,107605.0,107619.0,107592.0,107599.0,300
2026-07-05 17:10:00,107601.0,107648.0,107601.0,107629.0,300
2026-07-05 17:15:00,107627.0,107635.0,107605.0,107626.0,300
2026-07-05 17:20:00,107627.0,107637.0,107595.0,107606.0,300
2026-07-05 17:25:00,107608.0,107649.0,107606.0,107644.0,300
2026-07-05 17:30:00,107643.0,107645.0,107604.0,107607.0,300
2026-07-05 17:35:00,107608.0,107637.0,107569.0,107571.0,300
2026-07-05 17:40:00,107569.0,107601.0,107555.0,107580.0,300
2026-07-05 17:45:00,107579.0,107588.0,107549.0,107551.0,300
2026-07-05 17:50:00,107549.0,107556.0,107533.0,107533.0,300
2026-07-05 17:55:00,107532.0,107563.0,107524.0,107549.0,300
2026-07-05 18:00:00,107551.0,107582.0,107547.0,107575.0,300
2026-07-05 18:05:00,107573.0,107586.0,107567.0,107579.0,300
2026-07-05 18:10:00,107581.0,107606.0,107572.0,107600.0,300
2026-07-05 18:15:00,107602.0,107644.0,107596.0,107615.0,300
2026-07-05 18:20:00,107617.0,107636.0,107609.0,107621.0,300
2026-07-05 18:25:00,107622.0,107624.0,107589.0,107589.0,300
2026-07-05 18:30:00,107590.0,107624.0,107588.0,107623.0,300
2026-07-05 18:35:00,107624.0,107647.0,107610.0,107630.0,300
2026-07-05 18:40:00,107631.0,107633.0,107598.0,107604.0,300
2026-07-05 18:45:00,107606.0,107635.0,107597.0,107620.0,300
2026-07-05 18:50:00,107618.0,107639.0,107605.0,107619.0,300
2026-07-05 18:55:00,107620.0,107637.0,107604.0,107613.0,300
2026-07-05 19:00:00,107614.0,107632.0,107593.0,107596.0,300
2026-07-05 19:05:00,107597.0,107612.0,107561.0,107561.0,300
2026-07-05 19:10:00,107560.0,107576.0,107534.0,107538.0,300
2026-07-05 19:15:00,107537.0,107552.0,107532.0,107544.0,300
2026-07-05 19:20:00,107545.0,107554.0,107514.0,107546.0,300
2026-07-05 19:25:00,107548.0,107568.0,107536.0,107553.0,300
2026-07-05 19:30:00,107551.0,107574.0,107547.0,107556.0,300
2026-07-05 19:35:00,107558.0,107588.0,107541.0,107587.0,300
2026-07-05 19:40:00,107586.0,107649.0,107585.0,107642.0,300
2026-07-05 19:45:00,107644.0,107658.0,107609.0,107612.0,300
2026-07-05 19:50:00,107613.0,107632.0,107601.0,107610.0,300
2026-07-05 19:55:00,107608.0,107617.0,107584.0,107613.0,300
2026-07-05 20:00:00,107611.0,107620.0,107597.0,107601.0,300
2026-07-05 20:05:00,107600.0,107631.0,107591.0,107610.0,300
2026-07-05 20:10:00,107612.0,107663.0,107604.0,107647.0,300
2026-07-05 20:15:00,107648.0,107705.0,107644.0,107703.0,300
2026-07-05 20:20:00,107705.0,107760.0,107704.0,107741.0,300
2026-07-05 20:25:00,107740.0,107778.0,107730.0,107751.0,300
2026-07-05 20:30:00,107753.0,107790.0,107753.0,107770.0,300
2026-07-05 20:35:00,107769.0,107790.0,107741.0,107790.0,300
2026-07-05 20:40:00,107788.0,107809.0,107777.0,107807.0,300
2026-07-05 20:45:00,107806.0,107843.0,107799.0,107826.0,300
2026-07-05 20:50:00,107827.0,107892.0,107825.0,107886.0,300
2026-07-05 20:55:00,107888.0,107900.0,107875.0,107888.0,300
2026-07-05 21:00:00,107890.0,107895.0,107851.0,107851.0,300
2026-07-05 21:05:00,107852.0,107866.0,107820.0,107823.0,300
2026-07-05 21:10:00,107824.0,107860.0,107812.0,107832.0,300
2026-07-05 21:15:00,107833.0,107857.0,107828.0,107845.0,300
2026-07-05 21:20:00,107847.0,107865.0,107835.0,107854.0,300
2026-07-05 21:25:00,107856.0,107858.0,107823.0,107836.0,300
2026-07-05 21:30:00,107838.0,107861.0,107808.0,107812.0,300
2026-07-05 21:35:00,107814.0,107838.0,107794.0,107831.0,300
2026-07-05 21:40:00,107832.0,107846.0,107803.0,107837.0,300
2026-07-05 21:45:00,107838.0,107858.0,107824.0,107829.0,300
2026-07-05 21:50:00,107828.0,107848.0,107808.0,107815.0,300
2026-07-05 21:55:00,107814.0,107845.0,107798.0,107836.0,300
2026-07-05 22:00:00,107838.0,107859.0,107828.0,107852.0,300
2026-07-05 22:05:00,107853.0,107887.0,107847.0,107865.0,300
2026-07-05 22:10:00,107866.0,107868.0,107817.0,107840.0,300
2026-07-05 22:15:00,107839.0,107851.0,107815.0,107820.0,300
2026-07-05 22:20:00,107821.0,107852.0,107803.0,107823.0,300
2026-07-05 22:25:00,107824.0,107839.0,107785.0,107794.0,300
2026-07-05 22:30:00,107796.0,107801.0,107763.0,107781.0,300
2026-07-05 22:35:00,107782.0,107822.0,107777.0,107810.0,300
2026-07-05 22:40:00,107808.0,107833.0,107797.0,107828.0,300
2026-07-05 22:45:00,107830.0,107864.0,107807.0,107813.0,300
2026-07-05 22:50:00,107812.0,107814.0,107790.0,107803.0,300
2026-07-05 22:55:00,107804.0,107806.0,107771.0,107797.0,300
2026-07-05 23:00:00,107795.0,107845.0,107794.0,107843.0,300
2026-07-05 23:05:00,107842.0,107847.0,107800.0,107822.0,300
2026-07-05 23:10:00,107824.0,107838.0,107803.0,107814.0,300
2026-07-05 23:15:00,107816.0,107836.0,107809.0,107828.0,300
2026-07-05 23:20:00,107830.0,107857.0,107828.0,107836.0,300
2026-07-05 23:25:00,107835.0,107849.0,107792.0,107794.0,300
2026-07-05 23:30:00,107795.0,107807.0,107781.0,107782.0,300
2026-07-05 23:35:00,107784.0,107819.0,107765.0,107767.0,300
2026-07-05 23:40:00,107765.0,107777.0,107739.0,107750.0,300
2026-07-05 23:45:00,107748.0,107768.0,107724.0,107737.0,300
2026-07-05 23:50:00,107739.0,107772.0,107734.0,107768.0,300
2026-07-05 23:55:00,107767.0,107785.0,107739.0,107750.0,300
2026-07-06 00:00:00,107752.0,107775.0,107735.0,107771.0,300
2026-07-06 00:05:00,107770.0,107781.0,107750.0,107761.0,300
2026-07-06 00:10:00,107760.0,107766.0,107726.0,107740.0,300
2026-07-06 00:15:00,107742.0,107790.0,107742.0,107785.0,300
2026-07-06 00:20:00,107783.0,107794.0,107758.0,107790.0,300
2026-07-06 00:25:00,107792.0,107798.0,107769.0,107776.0,300
2026-07-06 00:30:00,107778.0,107778.0,107728.0,107728.0,300
2026-07-06 00:35:00,107729.0,107806.0,107726.0,107795.0,300
2026-07-06 00:40:00,107796.0,107808.0,107784.0,107789.0,300
2026-07-06 00:45:00,107788.0,107822.0,107785.0,107821.0,300
2026-07-06 00:50:00,107819.0,107820.0,107773.0,107781.0,300
2026-07-06 00:55:00,107783.0,107792.0,107762.0,107768.0,300
2026-07-06 01:00:00,107766.0,107787.0,107757.0,107760.0,300
2026-07-06 01:05:00,107762.0,107787.0,107739.0,107786.0,300
2026-07-06 01:10:00,107787.0,107830.0,107783.0,107790.0,300
2026-07-06 01:15:00,107788.0,107804.0,107777.0,107783.0,300
2026-07-06 01:20:00,107785.0,107798.0,107746.0,107748.0,300
2026-07-06 01:25:00,107749.0,107751.0,107725.0,107739.0,300
2026-07-06 01:30:00,107738.0,107773.0,107724.0,107767.0,300
2026-07-06 01:35:00,107765.0,107782.0,107727.0,107737.0,300
2026-07-06 01:40:00,107738.0,107749.0,107714.0,107737.0,300
2026-07-06 01:45:00,107739.0,107746.0,107694.0,107702.0,300
2026-07-06 01:50:00,107700.0,107723.0,107691.0,107716.0,300
2026-07-06 01:55:00,107714.0,107720.0,107681.0,107698.0,300
2026-07-06 02:00:00,107700.0,107705.0,107635.0,107636.0,300
2026-07-06 02:05:00,107635.0,107653.0,107618.0,107631.0,300
2026-07-06 02:10:00,107630.0,107647.0,107616.0,107621.0,300
2026-07-06 02:15:00,107620.0,107659.0,107619.0,107635.0,300
2026-07-06 02:20:00,107634.0,107656.0,107631.0,107654.0,300
2026-07-06 02:25:00,107653.0,107669.0,107634.0,107660.0,300
2026-07-06 02:30:00,107662.0,107701.0,107662.0,107697.0,300
2026-07-06 02:35:00,107699.0,107710.0,107677.0,107680.0,300
2026-07-06 02:40:00,107678.0,107698.0,107645.0,107649.0,300
2026-07-06 02:45:00,107651.0,107682.0,107639.0,107661.0,300
2026-07-06 02:50:00,107660.0,107696.0,107652.0,107687.0,300
2026-07-06 02:55:00,107688.0,107725.0,107653.0,107719.0,300
2026-07-06 03:00:00,107717.0,107741.0,107713.0,107723.0,300
2026-07-06 03:05:00,107724.0,107743.0,107721.0,107726.0,300
2026-07-06 03:10:00,107728.0,107745.0,107720.0,107744.0,300
2026-07-06 03:15:00,107745.0,107756.0,107710.0,107711.0,300
2026-07-06 03:20:00,107709.0,107733.0,107703.0,107725.0,300
2026-07-06 03:25:00,107723.0,107728.0,107693.0,107700.0,300
2026-07-06 03:30:00,107699.0,107721.0,107684.0,107721.0,300
2026-07-06 03:35:00,107720.0,107749.0,107717.0,107746.0,300
2026-07-06 03:40:00,107744.0,107760.0,107727.0,107759.0,300
2026-07-06 03:45:00,107757.0,107769.0,107745.0,107749.0,300
2026-07-06 03:50:00,107748.0,107752.0,107717.0,107722.0,300
2026-07-06 03:55:00,107723.0,107723.0,107682.0,107684.0,300
2026-07-06 04:00:00,107682.0,107695.0,107647.0,107665.0,300
2026-07-06 04:05:00,107667.0,107681.0,107647.0,107663.0,300
2026-07-06 04:10:00,107661.0,107663.0,107569.0,107569.0,300
2026-07-06 04:15:00,107567.0,107588.0,107534.0,107540.0,300
2026-07-06 04:20:00,107539.0,107545.0,107507.0,107521.0,300
2026-07-06 04:25:00,107520.0,107522.0,107491.0,107502.0,300
2026-07-06 04:30:00,107503.0,107512.0,107443.0,107445.0,300
2026-07-06 04:35:00,107446.0,107508.0,107444.0,107501.0,300
2026-07-06 04:40:00,107502.0,107521.0,107494.0,107513.0,300
2026-07-06 04:45:00,107511.0,107514.0,107457.0,107469.0,300
2026-07-06 04:50:00,107470.0,107507.0,107468.0,107488.0,300
2026-07-06 04:55:00,107486.0,107528.0,107480.0,107507.0,300
2026-07-06 05:00:00,107505.0,107523.0,107481.0,107498.0,300
2026-07-06 05:05:00,107496.0,107513.0,107474.0,107494.0,300
2026-07-06 05:10:00,107493.0,107519.0,107493.0,107510.0,300
2026-07-06 05:15:00,107509.0,107547.0,107496.0,107536.0,300
2026-07-06 05:20:00,107535.0,107547.0,107492.0,107525.0,300
2026-07-06 05:25:00,107524.0,107526.0,107500.0,107502.0,300
2026-07-06 05:30:00,107501.0,107559.0,107501.0,107543.0,300
2026-07-06 05:35:00,107542.0,107551.0,107529.0,107532.0,300
2026-07-06 05:40:00,107531.0,107567.0,107518.0,107560.0,300
2026-07-06 05:45:00,107559.0,107573.0,107544.0,107551.0,300
2026-07-06 05:50:00,107552.0,107560.0,107525.0,107532.0,300
2026-07-06 05:55:00,107531.0,107557.0,107517.0,107557.0,300
2026-07-06 06:00:00,107559.0,107564.0,107512.0,107526.0,300
2026-07-06 06:05:00,107525.0,107525.0,107482.0,107515.0,300
2026-07-06 06:10:00,107513.0,107526.0,107481.0,107512.0,300
2026-07-06 06:15:00,107511.0,107539.0,107508.0,107526.0,300
2026-07-06 06:20:00,107524.0,107576.0,107513.0,107570.0,300
2026-07-06 06:25:00,107571.0,107574.0,107546.0,107549.0,300
2026-07-06 06:30:00,107551.0,107568.0,107535.0,107560.0,300
2026-07-06 06:35:00,107558.0,107607.0,107558.0,107570.0,300
2026-07-06 06:40:00,107571.0,107578.0,107550.0,107572.0,300
2026-07-06 06:45:00,107570.0,107576.0,107547.0,107549.0,300
2026-07-06 06:50:00,107550.0,107559.0,107520.0,107520.0,300
2026-07-06 06:55:00,107521.0,107562.0,107519.0,107525.0,300
2026-07-06 07:00:00,107526.0,107551.0,107511.0,107539.0,300
2026-07-06 07:05:00,107537.0,107542.0,107505.0,107529.0,300
2026-07-06 07:10:00,107531.0,107541.0,107507.0,107518.0,300
2026-07-06 07:15:00,107519.0,107534.0,107495.0,107507.0,300
2026-07-06 07:20:00,107509.0,107537.0,107481.0,107483.0,300
2026-07-06 07:25:00,107485.0,107486.0,107440.0,107461.0,300
2026-07-06 07:30:00,107462.0,107516.0,107456.0,107511.0,300
2026-07-06 07:35:00,107509.0,107518.0,107476.0,107482.0,300
2026-07-06 07:40:00,107484.0,107512.0,107480.0,107511.0,300
2026-07-06 07:45:00,107510.0,107544.0,107507.0,107526.0,300
2026-07-06 07:50:00,107527.0,107529.0,107495.0,107496.0,300
2026-07-06 07:55:00,107494.0,107497.0,107434.0,107436.0,300
2026-07-06 08:00:00,107434.0,107469.0,107415.0,107438.0,300
2026-07-06 08:05:00,107437.0,107445.0,107408.0,107413.0,300
2026-07-06 08:10:00,107415.0,107450.0,107407.0,107449.0,300
2026-07-06 08:15:00,107447.0,107447.0,107403.0,107413.0,300
2026-07-06 08:20:00,107411.0,107411.0,107381.0,107390.0,300
2026-07-06 08:25:00,107391.0,107393.0,107360.0,107393.0,300
2026-07-06 08:30:00,107392.0,107422.0,107390.0,107401.0,300
2026-07-06 08:35:00,107403.0,107410.0,107363.0,107378.0,300
2026-07-06 08:40:00,107377.0,107415.0,107371.0,107403.0,300
2026-07-06 08:45:00,107401.0,107411.0,107368.0,107380.0,300
2026-07-06 08:50:00,107381.0,107398.0,107367.0,107377.0,300
2026-07-06 08:55:00,107378.0,107404.0,107373.0,107385.0,300
2026-07-06 09:00:00,107387.0,107412.0,107384.0,107409.0,300
2026-07-06 09:05:00,107410.0,107416.0,107385.0,107385.0,300
2026-07-06 09:10:00,107383.0,107394.0,107362.0,107368.0,300
2026-07-06 09:15:00,107366.0,107384.0,107340.0,107354.0,300
2026-07-06 09:20:00,107355.0,107391.0,107337.0,107380.0,300
2026-07-06 09:25:00,107381.0,107437.0,107381.0,107423.0,300
2026-07-06 09:30:00,107424.0,107441.0,107411.0,107421.0,300
2026-07-06 09:35:00,107423.0,107439.0,107418.0,107433.0,300
2026-07-06 09:40:00,107431.0,107433.0,107359.0,107391.0,300
2026-07-06 09:45:00,107393.0,107422.0,107388.0,107392.0,300
2026-07-06 09:50:00,107391.0,107414.0,107371.0,107386.0,300
2026-07-06 09:55:00,107385.0,107397.0,107346.0,107371.0,300
2026-07-06 10:00:00,107369.0,107414.0,107368.0,107382.0,300
2026-07-06 10:05:00,107384.0,107384.0,107363.0,107375.0,300
2026-07-06 10:10:00,107373.0,107398.0,107363.0,107387.0,300
2026-07-06 10:15:00,107385.0,107439.0,107384.0,107435.0,300
2026-07-06 10:20:00,107437.0,107439.0,107395.0,107425.0,300
2026-07-06 10:25:00,107423.0,107424.0,107376.0,107393.0,300
2026-07-06 10:30:00,107394.0,107430.0,107390.0,107428.0,300
2026-07-06 10:35:00,107430.0,107454.0,107420.0,107435.0,300
2026-07-06 10:40:00,107434.0,107451.0,107425.0,107449.0,300
2026-07-06 10:45:00,107450.0,107498.0,107443.0,107492.0,300
2026-07-06 10:50:00,107494.0,107508.0,107478.0,107506.0,300
2026-07-06 10:55:00,107505.0,107533.0,107493.0,107524.0,300
2026-07-06 11:00:00,107525.0,107529.0,107488.0,107517.0,300
2026-07-06 11:05:00,107515.0,107521.0,107480.0,107514.0,300
2026-07-06 11:10:00,107513.0,107566.0,107497.0,107559.0,300
2026-07-06 11:15:00,107561.0,107576.0,107527.0,107530.0,300
2026-07-06 11:20:00,107529.0,107562.0,107516.0,107561.0,300
2026-07-06 11:25:00,107563.0,107600.0,107539.0,107539.0,300
2026-07-06 11:30:00,107538.0,107552.0,107510.0,107550.0,300
2026-07-06 11:35:00,107548.0,107554.0,107507.0,107534.0,300
2026-07-06 11:40:00,107533.0,107555.0,107512.0,107524.0,300
2026-07-06 11:45:00,107522.0,107547.0,107505.0,107508.0,300
2026-07-06 11:50:00,107506.0,107520.0,107501.0,107506.0,300
2026-07-06 11:55:00,107505.0,107534.0,107505.0,107534.0,300
2026-07-06 12:00:00,107532.0,107572.0,107528.0,107572.0,300
2026-07-06 12:05:00,107571.0,107575.0,107544.0,107560.0,300
2026-07-06 12:10:00,107558.0,107572.0,107529.0,107568.0,300
2026-07-06 12:15:00,107566.0,107606.0,107559.0,107597.0,300
2026-07-06 12:20:00,107596.0,107633.0,107575.0,107628.0,300
2026-07-06 12:25:00,107626.0,107642.0,107603.0,107629.0,300
2026-07-06 12:30:00,107630.0,107637.0,107610.0,107612.0,300
2026-07-06 12:35:00,107614.0,107636.0,107589.0,107598.0,300
2026-07-06 12:40:00,107600.0,107654.0,107598.0,107644.0,300
2026-07-06 12:45:00,107643.0,107652.0,107610.0,107648.0,300
2026-07-06 12:50:00,107646.0,107671.0,107590.0,107615.0,300
2026-07-06 12:55:00,107613.0,107647.0,107609.0,107634.0,300
2026-07-06 13:00:00,107636.0,107667.0,107621.0,107634.0,300
2026-07-06 13:05:00,107632.0,107634.0,107582.0,107587.0,300
2026-07-06 13:10:00,107588.0,107602.0,107574.0,107587.0,300
2026-07-06 13:15:00,107586.0,107595.0,107553.0,107561.0,300
2026-07-06 13:20:00,107560.0,107589.0,107536.0,107574.0,300
2026-07-06 13:25:00,107576.0,107588.0,107560.0,107578.0,300
2026-07-06 13:30:00,107577.0,107611.0,107552.0,107606.0,300
2026-07-06 13:35:00,107605.0,107614.0,107575.0,107584.0,300
2026-07-06 13:40:00,107586.0,107605.0,107575.0,107605.0,300
2026-07-06 13:45:00,107604.0,107636.0,107598.0,107604.0,300
2026-07-06 13:50:00,107602.0,107608.0,107577.0,107603.0,300
2026-07-06 13:55:00,107601.0,107628.0,107587.0,107626.0,300
2026-07-06 14:00:00,107625.0,107661.0,107604.0,107645.0,300
2026-07-06 14:05:00,107643.0,107665.0,107634.0,107649.0,300
2026-07-06 14:10:00,107650.0,107665.0,107606.0,107608.0,300
2026-07-06 14:15:00,107607.0,107658.0,107603.0,107643.0,300
2026-07-06 14:20:00,107644.0,107672.0,107628.0,107635.0,300
2026-07-06 14:25:00,107636.0,107646.0,107611.0,107624.0,300
2026-07-06 14:30:00,107623.0,107654.0,107610.0,107615.0,300
2026-07-06 14:35:00,107613.0,107616.0,107539.0,107549.0,300
2026-07-06 14:40:00,107551.0,107565.0,107525.0,107551.0,300
2026-07-06 14:45:00,107552.0,107576.0,107533.0,107572.0,300
2026-07-06 14:50:00,107570.0,107594.0,107560.0,107572.0,300
2026-07-06 14:55:00,107571.0,107623.0,107571.0,107612.0,300
2026-07-06 15:00:00,107614.0,107639.0,107603.0,107634.0,300
2026-07-06 15:05:00,107636.0,107686.0,107636.0,107663.0,300
2026-07-06 15:10:00,107665.0,107708.0,107663.0,107690.0,300
2026-07-06 15:15:00,107691.0,107720.0,107666.0,107684.0,300
2026-07-06 15:20:00,107683.0,107688.0,107642.0,107678.0,300
2026-07-06 15:25:00,107680.0,107718.0,107671.0,107704.0,300
2026-07-06 15:30:00,107703.0,107733.0,107695.0,107719.0,300
2026-07-06 15:35:00,107718.0,107749.0,107703.0,107742.0,300
2026-07-06 15:40:00,107741.0,107793.0,107740.0,107780.0,300
2026-07-06 15:45:00,107778.0,107796.0,107760.0,107767.0,300
2026-07-06 15:50:00,107766.0,107767.0,107727.0,107754.0,300
2026-07-06 15:55:00,107753.0,107776.0,107744.0,107754.0,300
2026-07-06 16:00:00,107755.0,107782.0,107738.0,107757.0,300
2026-07-06 16:05:00,107758.0,107778.0,107749.0,107761.0,300
2026-07-06 16:10:00,107760.0,107808.0,107755.0,107805.0,300
2026-07-06 16:15:00,107803.0,107847.0,107795.0,107843.0,300
2026-07-06 16:20:00,107841.0,107842.0,107803.0,107827.0,299
2026-07-06 16:25:00,107829.0,107848.0,107803.0,107845.0,301
2026-07-06 16:30:00,107844.0,107868.0,107838.0,107847.0,299
2026-07-06 16:35:00,107848.0,107849.0,107808.0,107823.0,301
2026-07-06 16:40:00,107824.0,107828.0,107796.0,107808.0,299
2026-07-06 16:45:00,107807.0,107819.0,107777.0,107816.0,301
2026-07-06 16:50:00,107815.0,107829.0,107788.0,107819.0,299
2026-07-06 16:55:00,107817.0,107838.0,107815.0,107830.0,300
2026-07-06 17:00:00,107829.0,107850.0,107812.0,107842.0,300
2026-07-06 17:05:00,107840.0,107870.0,107830.0,107833.0,300
2026-07-06 17:10:00,107834.0,107906.0,107833.0,107899.0,300
2026-07-06 17:15:00,107900.0,107926.0,107866.0,107866.0,300
2026-07-06 17:20:00,107864.0,107871.0,107819.0,107819.0,300
2026-07-06 17:25:00,107821.0,107833.0,107807.0,107824.0,300
2026-07-06 17:30:00,107823.0,107830.0,107791.0,107803.0,300
2026-07-06 17:35:00,107805.0,107849.0,107805.0,107842.0,300
2026-07-06 17:40:00,107844.0,107885.0,107823.0,107823.0,300
2026-07-06 17:45:00,107824.0,107838.0,107753.0,107763.0,300
2026-07-06 17:50:00,107762.0,107766.0,107717.0,107717.0,300
2026-07-06 17:55:00,107718.0,107739.0,107691.0,107698.0,300
2026-07-06 18:00:00,107699.0,107703.0,107672.0,107681.0,300
2026-07-06 18:05:00,107682.0,107719.0,107680.0,107709.0,300
2026-07-06 18:10:00,107710.0,107734.0,107710.0,107721.0,300
2026-07-06 18:15:00,107723.0,107746.0,107720.0,107736.0,300
2026-07-06 18:20:00,107734.0,107747.0,107701.0,107703.0,300
2026-07-06 18:25:00,107704.0,107751.0,107703.0,107750.0,300
2026-07-06 18:30:00,107751.0,107780.0,107738.0,107748.0,300
2026-07-06 18:35:00,107750.0,107753.0,107713.0,107730.0,300
2026-07-06 18:40:00,107729.0,107729.0,107691.0,107697.0,300
2026-07-06 18:45:00,107696.0,107714.0,107685.0,107688.0,300
2026-07-06 18:50:00,107689.0,107701.0,107667.0,107695.0,300
2026-07-06 18:55:00,107693.0,107718.0,107673.0,107711.0,300
2026-07-06 19:00:00,107710.0,107758.0,107701.0,107752.0,300
2026-07-06 19:05:00,107751.0,107783.0,107726.0,107755.0,300
2026-07-06 19:10:00,107756.0,107761.0,107730.0,107747.0,300
2026-07-06 19:15:00,107745.0,107747.0,107710.0,107720.0,300
2026-07-06 19:20:00,107722.0,107756.0,107710.0,107747.0,300
2026-07-06 19:25:00,107749.0,107774.0,107739.0,107767.0,300
2026-07-06 19:30:00,107769.0,107795.0,107756.0,107779.0,300
2026-07-06 19:35:00,107778.0,107807.0,107773.0,107796.0,300
2026-07-06 19:40:00,107798.0,107842.0,107792.0,107835.0,300
2026-07-06 19:45:00,107833.0,107835.0,107801.0,107811.0,300
2026-07-06 19:50:00,107810.0,107831.0,107769.0,107776.0,300
2026-07-06 19:55:00,107774.0,107788.0,107742.0,107751.0,300
2026-07-06 20:00:00,107753.0,107770.0,107728.0,107768.0,300
2026-07-06 20:05:00,107769.0,107789.0,107760.0,107760.0,300
2026-07-06 20:10:00,107758.0,107787.0,107742.0,107778.0,300
2026-07-06 20:15:00,107777.0,107778.0,107717.0,107718.0,300
2026-07-06 20:20:00,107720.0,107747.0,107714.0,107737.0,300
2026-07-06 20:25:00,107739.0,107758.0,107730.0,107748.0,300
2026-07-06 20:30:00,107749.0,107773.0,107745.0,107759.0,300
2026-07-06 20:35:00,107760.0,107761.0,107732.0,107745.0,300
2026-07-06 20:40:00,107744.0,107771.0,107730.0,107768.0,300
2026-07-06 20:45:00,107769.0,107800.0,107754.0,107798.0,300
2026-07-06 20:50:00,107800.0,107805.0,107743.0,107743.0,300
2026-07-06 20:55:00,107742.0,107785.0,107740.0,107781.0,300
2026-07-06 21:00:00,107783.0,107795.0,107764.0,107772.0,300
2026-07-06 21:05:00,107770.0,107793.0,107756.0,107775.0,300
2026-07-06 21:10:00,107773.0,107783.0,107734.0,107734.0,300
2026-07-06 21:15:00,107733.0,107752.0,107724.0,107728.0,300
2026-07-06 21:20:00,107727.0,107745.0,107717.0,107732.0,300
2026-07-06 21:25:00,107731.0,107758.0,107713.0,107724.0,300
2026-07-06 21:30:00,107723.0,107727.0,107682.0,107691.0,300
2026-07-06 21:35:00,107692.0,107693.0,107662.0,107662.0,300
2026-07-06 21:40:00,107663.0,107693.0,107659.0,107668.0,300
2026-07-06 21:45:00,107667.0,107701.0,107654.0,107658.0,300
2026-07-06 21:50:00,107659.0,107668.0,107631.0,107633.0,300
2026-07-06 21:55:00,107634.0,107636.0,107594.0,107623.0,300
2026-07-06 22:00:00,107621.0,107667.0,107615.0,107657.0,300
2026-07-06 22:05:00,107658.0,107698.0,107655.0,107676.0,300
2026-07-06 22:10:00,107677.0,107687.0,107616.0,107618.0,300
2026-07-06 22:15:00,107616.0,107662.0,107606.0,107656.0,300
2026-07-06 22:20:00,107655.0,107683.0,107652.0,107670.0,300
2026-07-06 22:25:00,107672.0,107672.0,107645.0,107659.0,300
2026-07-06 22:30:00,107658.0,107665.0,107610.0,107633.0,300
2026-07-06 22:35:00,107631.0,107639.0,107600.0,107626.0,300
2026-07-06 22:40:00,107627.0,107678.0,107622.0,107678.0,300
2026-07-06 22:45:00,107680.0,107750.0,107675.0,107744.0,300
2026-07-06 22:50:00,107745.0,107756.0,107727.0,107740.0,300
2026-07-06 22:55:00,107742.0,107748.0,107662.0,107673.0,300
2026-07-06 23:00:00,107671.0,107690.0,107669.0,107674.0,300
2026-07-06 23:05:00,107676.0,107686.0,107652.0,107658.0,300
2026-07-06 23:10:00,107656.0,107687.0,107637.0,107637.0,300
2026-07-06 23:15:00,107638.0,107662.0,107627.0,107629.0,300
2026-07-06 23:20:00,107628.0,107650.0,107619.0,107633.0,300
2026-07-06 23:25:00,107632.0,107660.0,107629.0,107657.0,300
2026-07-06 23:30:00,107656.0,107662.0,107611.0,107624.0,300
2026-07-06 23:35:00,107622.0,107626.0,107591.0,107598.0,300
2026-07-06 23:40:00,107600.0,107617.0,107570.0,107575.0,300
2026-07-06 23:45:00,107577.0,107612.0,107573.0,107611.0,300
2026-07-06 23:50:00,107609.0,107616.0,107571.0,107580.0,300
2026-07-06 23:55:00,107579.0,107583.0,107547.0,107561.0,300
2026-07-07 00:00:00,107563.0,107571.0,107537.0,107563.0,300
2026-07-07 00:05:00,107564.0,107594.0,107560.0,107570.0,300
2026-07-07 00:10:00,107571.0,107604.0,107554.0,107557.0,300
2026-07-07 00:15:00,107556.0,107573.0,107544.0,107567.0,300
2026-07-07 00:20:00,107569.0,107599.0,107554.0,107587.0,300
2026-07-07 00:25:00,107589.0,107597.0,107568.0,107589.0,300
2026-07-07 00:30:00,107587.0,107604.0,107565.0,107583.0,300
2026-07-07 00:35:00,107582.0,107657.0,107579.0,107657.0,300
2026-07-07 00:40:00,107656.0,107677.0,107647.0,107670.0,300
2026-07-07 00:45:00,107668.0,107691.0,107660.0,107673.0,300
2026-07-07 00:50:00,107675.0,107681.0,107650.0,107665.0,300
2026-07-07 00:55:00,107663.0,107683.0,107658.0,107662.0,300
2026-07-07 01:00:00,107663.0,107694.0,107642.0,107688.0,300
2026-07-07 01:05:00,107689.0,107728.0,107687.0,107695.0,298
2026-07-07 01:10:00,107696.0,107708.0,107670.0,107687.0,300
2026-07-07 01:15:00,107688.0,107696.0,107661.0,107680.0,300
2026-07-07 01:20:00,107679.0,107679.0,107638.0,107659.0,300
2026-07-07 01:25:00,107660.0,107684.0,107650.0,107655.0,300
2026-07-07 01:30:00,107653.0,107692.0,107635.0,107669.0,300
2026-07-07 01:35:00,107667.0,107697.0,107666.0,107695.0,300
2026-07-07 01:40:00,107694.0,107696.0,107659.0,107686.0,300
2026-07-07 01:45:00,107688.0,107705.0,107660.0,107674.0,300
2026-07-07 01:50:00,107676.0,107732.0,107670.0,107714.0,300
2026-07-07 01:55:00,107715.0,107738.0,107699.0,107732.0,300
2026-07-07 02:00:00,107730.0,107758.0,107719.0,107741.0,300
2026-07-07 02:05:00,107742.0,107764.0,107735.0,107760.0,300
2026-07-07 02:10:00,107761.0,107765.0,107741.0,107758.0,300
2026-07-07 02:15:00,107757.0,107768.0,107736.0,107758.0,300
2026-07-07 02:20:00,107757.0,107759.0,107729.0,107746.0,300
2026-07-07 02:25:00,107744.0,107751.0,107727.0,107740.0,300
2026-07-07 02:30:00,107739.0,107757.0,107726.0,107737.0,300
2026-07-07 02:35:00,107736.0,107736.0,107691.0,107698.0,300
2026-07-07 02:40:00,107697.0,107751.0,107697.0,107751.0,300
2026-07-07 02:45:00,107753.0,107767.0,107731.0,107734.0,300
2026-07-07 02:50:00,107732.0,107760.0,107718.0,107760.0,300
2026-07-07 02:55:00,107759.0,107810.0,107754.0,107805.0,300
2026-07-07 03:00:00,107807.0,107827.0,107786.0,107822.0,300
2026-07-07 03:05:00,107824.0,107863.0,107819.0,107851.0,300
2026-07-07 03:10:00,107853.0,107857.0,107829.0,107840.0,300
2026-07-07 03:15:00,107839.0,107854.0,107828.0,107837.0,300
2026-07-07 03:20:00,107838.0,107858.0,107829.0,107841.0,300
2026-07-07 03:25:00,107839.0,107846.0,107797.0,107797.0,300
2026-07-07 03:30:00,107795.0,107795.0,107737.0,107737.0,300
2026-07-07 03:35:00,107735.0,107806.0,107716.0,107802.0,300
2026-07-07 03:40:00,107804.0,107825.0,107770.0,107771.0,300
2026-07-07 03:45:00,107773.0,107809.0,107758.0,107809.0,300
2026-07-07 03:50:00,107810.0,107831.0,107794.0,107801.0,300
2026-07-07 03:55:00,107802.0,107819.0,107789.0,107808.0,300
2026-07-07 04:00:00,107809.0,107813.0,107787.0,107802.0,300
2026-07-07 04:05:00,107804.0,107841.0,107797.0,107826.0,300
2026-07-07 04:10:00,107828.0,107833.0,107808.0,107822.0,300
2026-07-07 04:15:00,107824.0,107833.0,107808.0,107811.0,300
2026-07-07 04:20:00,107809.0,107809.0,107777.0,107802.0,300
2026-07-07 04:25:00,107803.0,107805.0,107760.0,107761.0,300
2026-07-07 04:30:00,107760.0,107810.0,107753.0,107801.0,300
2026-07-07 04:35:00,107800.0,107817.0,107786.0,107814.0,300
2026-07-07 04:40:00,107815.0,107843.0,107810.0,107826.0,300
2026-07-07 04:45:00,107828.0,107839.0,107808.0,107829.0,300
2026-07-07 04:50:00,107827.0,107853.0,107827.0,107831.0,300
2026-07-07 04:55:00,107832.0,107872.0,107832.0,107871.0,300
2026-07-07 05:00:00,107869.0,107881.0,107849.0,107873.0,300
2026-07-07 05:05:00,107871.0,107875.0,107841.0,107843.0,300
2026-07-07 05:10:00,107845.0,107864.0,107806.0,107808.0,300
2026-07-07 05:15:00,107807.0,107828.0,107801.0,107810.0,300
2026-07-07 05:20:00,107812.0,107821.0,107792.0,107817.0,300
2026-07-07 05:25:00,107819.0,107857.0,107809.0,107845.0,300
2026-07-07 05:30:00,107844.0,107864.0,107840.0,107862.0,300
2026-07-07 05:35:00,107864.0,107867.0,107804.0,107811.0,300
2026-07-07 05:40:00,107810.0,107813.0,107787.0,107807.0,300
2026-07-07 05:45:00,107805.0,107835.0,107786.0,107788.0,300
2026-07-07 05:50:00,107787.0,107808.0,107775.0,107800.0,300
2026-07-07 05:55:00,107801.0,107805.0,107747.0,107762.0,300
2026-07-07 06:00:00,107761.0,107788.0,107741.0,107777.0,300
2026-07-07 06:05:00,107778.0,107778.0,107739.0,107740.0,300
2026-07-07 06:10:00,107742.0,107748.0,107709.0,107711.0,300
2026-07-07 06:15:00,107710.0,107726.0,107672.0,107675.0,300
2026-07-07 06:20:00,107673.0,107683.0,107646.0,107659.0,300
2026-07-07 06:25:00,107660.0,107676.0,107621.0,107621.0,300
2026-07-07 06:30:00,107620.0,107628.0,107584.0,107598.0,300
2026-07-07 06:35:00,107596.0,107619.0,107574.0,107617.0,300
2026-07-07 06:40:00,107616.0,107627.0,107596.0,107624.0,300
2026-07-07 06:45:00,107622.0,107634.0,107579.0,107594.0,300
2026-07-07 06:50:00,107596.0,107597.0,107557.0,107578.0,300
2026-07-07 06:55:00,107577.0,107592.0,107552.0,107554.0,300
2026-07-07 07:00:00,107556.0,107583.0,107554.0,107569.0,300
2026-07-07 07:05:00,107568.0,107573.0,107530.0,107530.0,300
2026-07-07 07:10:00,107529.0,107541.0,107510.0,107522.0,300
2026-07-07 07:15:00,107521.0,107553.0,107517.0,107548.0,300
2026-07-07 07:20:00,107549.0,107564.0,107521.0,107521.0,300
2026-07-07 07:25:00,107519.0,107580.0,107516.0,107563.0,300
2026-07-07 07:30:00,107562.0,107570.0,107526.0,107536.0,300
2026-07-07 07:35:00,107538.0,107540.0,107485.0,107487.0,300
2026-07-07 07:40:00,107488.0,107497.0,107468.0,107469.0,300
2026-07-07 07:45:00,107468.0,107501.0,107450.0,107484.0,300
2026-07-07 07:50:00,107486.0,107501.0,107474.0,107483.0,300
2026-07-07 07:55:00,107485.0,107503.0,107473.0,107492.0,300
2026-07-07 08:00:00,107490.0,107503.0,107459.0,107460.0,300
2026-07-07 08:05:00,107459.0,107512.0,107452.0,107511.0,300
2026-07-07 08:10:00,107510.0,107541.0,107499.0,107537.0,300
2026-07-07 08:15:00,107538.0,107540.0,107496.0,107500.0,300
2026-07-07 08:20:00,107502.0,107545.0,107502.0,107537.0,300
2026-07-07 08:25:00,107535.0,107571.0,107533.0,107556.0,300
2026-07-07 08:30:00,107554.0,107600.0,107554.0,107582.0,300
2026-07-07 08:35:00,107580.0,107580.0,107546.0,107558.0,300
2026-07-07 08:40:00,107556.0,107568.0,107537.0,107550.0,300
2026-07-07 08:45:00,107551.0,107609.0,107550.0,107570.0,300
2026-07-07 08:50:00,107568.0,107627.0,107555.0,107611.0,300
2026-07-07 08:55:00,107612.0,107629.0,107588.0,107600.0,300
2026-07-07 09:00:00,107599.0,107603.0,107562.0,107573.0,300
2026-07-07 09:05:00,107574.0,107597.0,107561.0,107570.0,300
2026-07-07 09:10:00,107572.0,107590.0,107532.0,107551.0,300
2026-07-07 09:15:00,107552.0,107561.0,107517.0,107561.0,300
2026-07-07 09:20:00,107559.0,107560.0,107500.0,107510.0,300
2026-07-07 09:25:00,107512.0,107537.0,107464.0,107465.0,300
2026-07-07 09:30:00,107464.0,107469.0,107445.0,107459.0,300
2026-07-07 09:35:00,107457.0,107484.0,107448.0,107457.0,300
2026-07-07 09:40:00,107456.0,107471.0,107434.0,107457.0,300
2026-07-07 09:45:00,107455.0,107476.0,107439.0,107461.0,300
2026-07-07 09:50:00,107462.0,107482.0,107436.0,107478.0,300
2026-07-07 09:55:00,107476.0,107485.0,107445.0,107484.0,300
2026-07-07 10:00:00,107486.0,107490.0,107469.0,107476.0,300
2026-07-07 10:05:00,107475.0,107516.0,107462.0,107511.0,300
2026-07-07 10:10:00,107512.0,107539.0,107502.0,107504.0,300
2026-07-07 10:15:00,107502.0,107509.0,107476.0,107504.0,300
2026-07-07 10:20:00,107503.0,107544.0,107499.0,107533.0,300
2026-07-07 10:25:00,107535.0,107557.0,107530.0,107545.0,300
2026-07-07 10:30:00,107546.0,107592.0,107546.0,107565.0,300
2026-07-07 10:35:00,107564.0,107610.0,107562.0,107595.0,300
2026-07-07 10:40:00,107594.0,107603.0,107535.0,107562.0,300
2026-07-07 10:45:00,107564.0,107590.0,107551.0,107579.0,300
2026-07-07 10:50:00,107580.0,107607.0,107570.0,107576.0,300
2026-07-07 10:55:00,107577.0,107597.0,107569.0,107586.0,300
2026-07-07 11:00:00,107584.0,107589.0,107550.0,107582.0,300
2026-07-07 11:05:00,107584.0,107591.0,107543.0,107546.0,300
2026-07-07 11:10:00,107544.0,107544.0,107512.0,107520.0,300
2026-07-07 11:15:00,107518.0,107518.0,107471.0,107484.0,300
2026-07-07 11:20:00,107485.0,107513.0,107472.0,107500.0,300
2026-07-07 11:25:00,107501.0,107544.0,107494.0,107526.0,300
2026-07-07 11:30:00,107528.0,107543.0,107511.0,107541.0,300
2026-07-07 11:35:00,107540.0,107560.0,107524.0,107536.0,300
2026-07-07 11:40:00,107534.0,107538.0,107490.0,107493.0,300
2026-07-07 11:45:00,107492.0,107542.0,107491.0,107521.0,300
2026-07-07 11:50:00,107519.0,107566.0,107518.0,107542.0,300
2026-07-07 11:55:00,107544.0,107549.0,107496.0,107503.0,300
2026-07-07 12:00:00,107501.0,107519.0,107486.0,107507.0,300
2026-07-07 12:05:00,107506.0,107531.0,107498.0,107517.0,300
2026-07-07 12:10:00,107519.0,107528.0,107484.0,107512.0,300
2026-07-07 12:15:00,107510.0,107515.0,107482.0,107499.0,300
2026-07-07 12:20:00,107500.0,107506.0,107472.0,107473.0,300
2026-07-07 12:25:00,107471.0,107487.0,107458.0,107458.0,300
2026-07-07 12:30:00,107456.0,107515.0,107455.0,107490.0,300
2026-07-07 12:35:00,107489.0,107498.0,107435.0,107435.0,300
2026-07-07 12:40:00,107437.0,107448.0,107394.0,107407.0,300
2026-07-07 12:45:00,107405.0,107419.0,107389.0,107394.0,300
2026-07-07 12:50:00,107393.0,107402.0,107349.0,107397.0,300
2026-07-07 12:55:00,107395.0,107414.0,107380.0,107397.0,300
2026-07-07 13:00:00,107396.0,107424.0,107375.0,107383.0,300
2026-07-07 13:05:00,107385.0,107424.0,107382.0,107413.0,300
2026-07-07 13:10:00,107414.0,107460.0,107407.0,107451.0,300
2026-07-07 13:15:00,107453.0,107460.0,107420.0,107436.0,300
2026-07-07 13:20:00,107435.0,107449.0,107428.0,107435.0,300
2026-07-07 13:25:00,107434.0,107477.0,107428.0,107477.0,300
2026-07-07 13:30:00,107478.0,107502.0,107454.0,107499.0,300
2026-07-07 13:35:00,107500.0,107552.0,107494.0,107548.0,300
2026-07-07 13:40:00,107550.0,107580.0,107529.0,107580.0,300
2026-07-07 13:45:00,107579.0,107592.0,107562.0,107580.0,300
2026-07-07 13:50:00,107578.0,107592.0,107550.0,107575.0,300
2026-07-07 13:55:00,107576.0,107579.0,107551.0,107567.0,300
2026-07-07 14:00:00,107569.0,107589.0,107559.0,107572.0,300
2026-07-07 14:05:00,107570.0,107587.0,107564.0,107573.0,300
2026-07-07 14:10:00,107571.0,107608.0,107564.0,107605.0,300
2026-07-07 14:15:00,107604.0,107606.0,107568.0,107584.0,300
2026-07-07 14:20:00,107583.0,107603.0,107579.0,107595.0,300
2026-07-07 14:25:00,107596.0,107630.0,107576.0,107625.0,300
2026-07-07 14:30:00,107626.0,107632.0,107582.0,107594.0,300
2026-07-07 14:35:00,107593.0,107662.0,107593.0,107652.0,300
2026-07-07 14:40:00,107654.0,107694.0,107654.0,107692.0,300
2026-07-07 14:45:00,107690.0,107730.0,107671.0,107720.0,300
2026-07-07 14:50:00,107719.0,107730.0,107674.0,107676.0,300
2026-07-07 14:55:00,107678.0,107686.0,107646.0,107650.0,300
2026-07-07 15:00:00,107649.0,107684.0,107644.0,107660.0,300
2026-07-07 15:05:00,107659.0,107665.0,107638.0,107664.0,300
2026-07-07 15:10:00,107666.0,107689.0,107658.0,107680.0,300
2026-07-07 15:15:00,107679.0,107716.0,107673.0,107689.0,300
2026-07-07 15:20:00,107688.0,107730.0,107674.0,107730.0,300
2026-07-07 15:25:00,107731.0,107736.0,107693.0,107716.0,300
2026-07-07 15:30:00,107714.0,107727.0,107694.0,107706.0,300
2026-07-07 15:35:00,107708.0,107716.0,107684.0,107685.0,300
2026-07-07 15:40:00,107684.0,107687.0,107616.0,107630.0,300
2026-07-07 15:45:00,107631.0,107631.0,107586.0,107589.0,300
2026-07-07 15:50:00,107590.0,107628.0,107590.0,107625.0,300
2026-07-07 15:55:00,107624.0,107654.0,107623.0,107642.0,300
2026-07-07 16:00:00,107641.0,107684.0,107635.0,107675.0,300
2026-07-07 16:05:00,107673.0,107695.0,107657.0,107664.0,300
2026-07-07 16:10:00,107662.0,107677.0,107650.0,107662.0,300
2026-07-07 16:15:00,107663.0,107689.0,107653.0,107677.0,300
2026-07-07 16:20:00,107679.0,107688.0,107660.0,107666.0,300
2026-07-07 16:25:00,107664.0,107682.0,107657.0,107670.0,300
2026-07-07 16:30:00,107671.0,107709.0,107662.0,107705.0,300
2026-07-07 16:35:00,107703.0,107710.0,107673.0,107703.0,300
2026-07-07 16:40:00,107701.0,107717.0,107683.0,107706.0,300
2026-07-07 16:45:00,107707.0,107713.0,107688.0,107691.0,300
2026-07-07 16:50:00,107693.0,107712.0,107681.0,107710.0,300
2026-07-07 16:55:00,107711.0,107724.0,107698.0,107714.0,300
2026-07-07 17:00:00,107713.0,107735.0,107702.0,107714.0,300
2026-07-07 17:05:00,107715.0,107740.0,107711.0,107728.0,300
2026-07-07 17:10:00,107726.0,107740.0,107700.0,107718.0,300
2026-07-07 17:15:00,107720.0,107736.0,107688.0,107690.0,300
2026-07-07 17:20:00,107688.0,107704.0,107669.0,107674.0,300
2026-07-07 17:25:00,107676.0,107679.0,107631.0,107652.0,300
2026-07-07 17:30:00,107654.0,107663.0,107615.0,107641.0,300
2026-07-07 17:35:00,107640.0,107664.0,107621.0,107656.0,300
2026-07-07 17:40:00,107658.0,107685.0,107642.0,107683.0,300
2026-07-07 17:45:00,107681.0,107695.0,107656.0,107690.0,300
2026-07-07 17:50:00,107692.0,107709.0,107666.0,107666.0,300
2026-07-07 17:55:00,107667.0,107692.0,107653.0,107692.0,300
2026-07-07 18:00:00,107691.0,107722.0,107691.0,107706.0,300
2026-07-07 18:05:00,107704.0,107706.0,107654.0,107670.0,300
2026-07-07 18:10:00,107668.0,107686.0,107659.0,107665.0,300
2026-07-07 18:15:00,107667.0,107667.0,107621.0,107647.0,300
2026-07-07 18:20:00,107649.0,107650.0,107594.0,107622.0,300
2026-07-07 18:25:00,107620.0,107620.0,107594.0,107605.0,300
2026-07-07 18:30:00,107606.0,107608.0,107583.0,107591.0,300
2026-07-07 18:35:00,107590.0,107598.0,107571.0,107583.0,300
2026-07-07 18:40:00,107585.0,107591.0,107549.0,107549.0,300
2026-07-07 18:45:00,107547.0,107560.0,107529.0,107538.0,300
2026-07-07 18:50:00,107539.0,107558.0,107516.0,107525.0,300
2026-07-07 18:55:00,107523.0,107531.0,107482.0,107492.0,300
2026-07-07 19:00:00,107493.0,107513.0,107480.0,107488.0,300
2026-07-07 19:05:00,107487.0,107510.0,107480.0,107501.0,300
2026-07-07 19:10:00,107502.0,107530.0,107497.0,107523.0,300
2026-07-07 19:15:00,107525.0,107567.0,107519.0,107540.0,300
2026-07-07 19:20:00,107542.0,107550.0,107505.0,107506.0,300
2026-07-07 19:25:00,107505.0,107516.0,107474.0,107479.0,300
2026-07-07 19:30:00,107480.0,107483.0,107456.0,107471.0,300
2026-07-07 19:35:00,107470.0,107495.0,107463.0,107484.0,300
2026-07-07 19:40:00,107485.0,107519.0,107477.0,107519.0,300
2026-07-07 19:45:00,107517.0,107545.0,107510.0,107533.0,300
2026-07-07 19:50:00,107531.0,107536.0,107492.0,107492.0,300
2026-07-07 19:55:00,107493.0,107518.0,107469.0,107492.0,300
2026-07-07 20:00:00,107493.0,107529.0,107489.0,107508.0,300
2026-07-07 20:05:00,107506.0,107552.0,107506.0,107542.0,300
2026-07-07 20:10:00,107544.0,107566.0,107520.0,107538.0,300
2026-07-07 20:15:00,107540.0,107549.0,107513.0,107522.0,300
2026-07-07 20:20:00,107523.0,107556.0,107495.0,107556.0,300
2026-07-07 20:25:00,107554.0,107574.0,107541.0,107569.0,300
2026-07-07 20:30:00,107567.0,107575.0,107536.0,107543.0,300
2026-07-07 20:35:00,107545.0,107558.0,107530.0,107538.0,300
2026-07-07 20:40:00,107537.0,107545.0,107510.0,107529.0,300
2026-07-07 20:45:00,107528.0,107577.0,107528.0,107567.0,300
2026-07-07 20:50:00,107565.0,107590.0,107554.0,107573.0,300
2026-07-07 20:55:00,107571.0,107616.0,107569.0,107593.0,300
2026-07-07 21:00:00,107591.0,107612.0,107578.0,107599.0,300
2026-07-07 21:05:00,107598.0,107610.0,107576.0,107580.0,300
2026-07-07 21:10:00,107579.0,107586.0,107553.0,107554.0,300
2026-07-07 21:15:00,107555.0,107566.0,107538.0,107556.0,300
2026-07-07 21:20:00,107558.0,107576.0,107536.0,107574.0,300
2026-07-07 21:25:00,107575.0,107580.0,107547.0,107578.0,300
2026-07-07 21:30:00,107576.0,107595.0,107547.0,107577.0,300
2026-07-07 21:35:00,107578.0,107580.0,107538.0,107543.0,300
2026-07-07 21:40:00,107542.0,107546.0,107516.0,107528.0,300
2026-07-07 21:45:00,107526.0,107571.0,107526.0,107568.0,300
2026-07-07 21:50:00,107570.0,107593.0,107554.0,107554.0,300
2026-07-07 21:55:00,107552.0,107605.0,107545.0,107575.0,300
2026-07-07 22:00:00,107577.0,107604.0,107565.0,107597.0,300
2026-07-07 22:05:00,107599.0,107610.0,107582.0,107610.0,300
2026-07-07 22:10:00,107609.0,107615.0,107566.0,107595.0,300
2026-07-07 22:15:00,107593.0,107598.0,107564.0,107593.0,300
2026-07-07 22:20:00,107594.0,107604.0,107568.0,107571.0,300
2026-07-07 22:25:00,107570.0,107573.0,107511.0,107543.0,300
2026-07-07 22:30:00,107545.0,107591.0,107537.0,107546.0,300
2026-07-07 22:35:00,107545.0,107556.0,107506.0,107526.0,300
2026-07-07 22:40:00,107527.0,107545.0,107522.0,107529.0,300
2026-07-07 22:45:00,107528.0,107552.0,107522.0,107522.0,300
2026-07-07 22:50:00,107523.0,107541.0,107514.0,107518.0,300
2026-07-07 22:55:00,107519.0,107538.0,107513.0,107537.0,300
2026-07-07 23:00:00,107538.0,107589.0,107536.0,107582.0,300
2026-07-07 23:05:00,107580.0,107580.0,107510.0,107512.0,300
2026-07-07 23:10:00,107514.0,107521.0,107472.0,107501.0,300
2026-07-07 23:15:00,107499.0,107508.0,107474.0,107497.0,300
2026-07-07 23:20:00,107498.0,107507.0,107473.0,107506.0,300
2026-07-07 23:25:00,107505.0,107512.0,107441.0,107450.0,300
2026-07-07 23:30:00,107448.0,107482.0,107446.0,107466.0,300
2026-07-07 23:35:00,107465.0,107494.0,107453.0,107494.0,300
2026-07-07 23:40:00,107492.0,107497.0,107458.0,107485.0,300
2026-07-07 23:45:00,107486.0,107536.0,107470.0,107522.0,300
2026-07-07 23:50:00,107523.0,107535.0,107504.0,107509.0,300
2026-07-07 23:55:00,107508.0,107522.0,107489.0,107490.0,300
2026-07-08 00:00:00,107491.0,107517.0,107476.0,107484.0,300
2026-07-08 00:05:00,107486.0,107498.0,107471.0,107494.0,300
2026-07-08 00:10:00,107495.0,107528.0,107474.0,107498.0,300
2026-07-08 00:15:00,107500.0,107524.0,107480.0,107480.0,300
2026-07-08 00:20:00,107478.0,107499.0,107457.0,107459.0,300
2026-07-08 00:25:00,107460.0,107480.0,107442.0,107461.0,300
2026-07-08 00:30:00,107459.0,107462.0,107429.0,107429.0,300
2026-07-08 00:35:00,107428.0,107432.0,107398.0,107406.0,300
2026-07-08 00:40:00,107407.0,107420.0,107397.0,107416.0,300
2026-07-08 00:45:00,107418.0,107428.0,107404.0,107412.0,300
2026-07-08 00:50:00,107414.0,107474.0,107414.0,107447.0,300
2026-07-08 00:55:00,107448.0,107481.0,107444.0,107468.0,300
2026-07-08 01:00:00,107470.0,107477.0,107435.0,107438.0,300
2026-07-08 01:05:00,107436.0,107470.0,107431.0,107458.0,300
2026-07-08 01:10:00,107459.0,107480.0,107451.0,107459.0,300
2026-07-08 01:15:00,107457.0,107465.0,107422.0,107432.0,300
2026-07-08 01:20:00,107430.0,107457.0,107426.0,107454.0,300
2026-07-08 01:25:00,107453.0,107472.0,107439.0,107439.0,300
2026-07-08 01:30:00,107441.0,107447.0,107377.0,107378.0,300
2026-07-08 01:35:00,107377.0,107382.0,107341.0,107354.0,300
2026-07-08 01:40:00,107352.0,107362.0,107312.0,107331.0,300
2026-07-08 01:45:00,107329.0,107336.0,107302.0,107302.0,300
2026-07-08 01:50:00,107303.0,107307.0,107282.0,107291.0,300
2026-07-08 01:55:00,107293.0,107298.0,107260.0,107277.0,300
2026-07-08 02:00:00,107276.0,107302.0,107264.0,107295.0,300
2026-07-08 02:05:00,107294.0,107305.0,107263.0,107274.0,300
2026-07-08 02:10:00,107276.0,107287.0,107253.0,107272.0,300
2026-07-08 02:15:00,107270.0,107330.0,107261.0,107324.0,300
2026-07-08 02:20:00,107323.0,107347.0,107306.0,107306.0,300
2026-07-08 02:25:00,107307.0,107315.0,107290.0,107300.0,300
2026-07-08 02:30:00,107298.0,107310.0,107272.0,107289.0,300
2026-07-08 02:35:00,107287.0,107309.0,107276.0,107306.0,300
2026-07-08 02:40:00,107305.0,107336.0,107303.0,107309.0,300
2026-07-08 02:45:00,107311.0,107327.0,107295.0,107326.0,300
2026-07-08 02:50:00,107324.0,107326.0,107260.0,107268.0,300
2026-07-08 02:55:00,107267.0,107279.0,107239.0,107253.0,300
2026-07-08 03:00:00,107255.0,107274.0,107240.0,107268.0,300
2026-07-08 03:05:00,107267.0,107272.0,107226.0,107228.0,300
2026-07-08 03:10:00,107229.0,107243.0,107206.0,107206.0,300
2026-07-08 03:15:00,107204.0,107210.0,107131.0,107133.0,300
2026-07-08 03:20:00,107134.0,107137.0,107088.0,107098.0,300
2026-07-08 03:25:00,107099.0,107117.0,107079.0,107083.0,300
2026-07-08 03:30:00,107082.0,107101.0,107070.0,107071.0,300
2026-07-08 03:35:00,107072.0,107117.0,107070.0,107101.0,300
2026-07-08 03:40:00,107103.0,107131.0,107093.0,107100.0,300
2026-07-08 03:45:00,107099.0,107126.0,107095.0,107122.0,300
2026-07-08 03:50:00,107120.0,107165.0,107119.0,107130.0,300
2026-07-08 03:55:00,107128.0,107133.0,107112.0,107119.0,300
2026-07-08 04:00:00,107117.0,107141.0,107114.0,107118.0,300
2026-07-08 04:05:00,107120.0,107143.0,107095.0,107104.0,300
2026-07-08 04:10:00,107102.0,107114.0,107068.0,107103.0,300
2026-07-08 04:15:00,107105.0,107124.0,107093.0,107102.0,300
2026-07-08 04:20:00,107104.0,107171.0,107102.0,107171.0,300
2026-07-08 04:25:00,107169.0,107193.0,107160.0,107170.0,300
2026-07-08 04:30:00,107168.0,107194.0,107147.0,107194.0,300
2026-07-08 04:35:00,107192.0,107200.0,107174.0,107178.0,300
2026-07-08 04:40:00,107180.0,107237.0,107180.0,107231.0,300
2026-07-08 04:45:00,107230.0,107251.0,107211.0,107244.0,300
2026-07-08 04:50:00,107243.0,107271.0,107235.0,107255.0,300
2026-07-08 04:55:00,107253.0,107294.0,107247.0,107290.0,300
2026-07-08 05:00:00,107292.0,107304.0,107278.0,107290.0,300
2026-07-08 05:05:00,107292.0,107322.0,107286.0,107300.0,300
2026-07-08 05:10:00,107298.0,107305.0,107279.0,107288.0,300
2026-07-08 05:15:00,107286.0,107308.0,107267.0,107272.0,300
2026-07-08 05:20:00,107273.0,107314.0,107249.0,107306.0,300
2026-07-08 05:25:00,107308.0,107343.0,107298.0,107339.0,300
2026-07-08 05:30:00,107341.0,107348.0,107327.0,107345.0,300
2026-07-08 05:35:00,107346.0,107376.0,107335.0,107371.0,300
2026-07-08 05:40:00,107370.0,107385.0,107365.0,107384.0,300
2026-07-08 05:45:00,107383.0,107426.0,107378.0,107426.0,300
2026-07-08 05:50:00,107427.0,107443.0,107401.0,107401.0,300
2026-07-08 05:55:00,107402.0,107419.0,107384.0,107397.0,300
2026-07-08 06:00:00,107399.0,107448.0,107381.0,107425.0,300
2026-07-08 06:05:00,107426.0,107445.0,107416.0,107417.0,300
2026-07-08 06:10:00,107418.0,107430.0,107386.0,107407.0,300
2026-07-08 06:15:00,107408.0,107415.0,107375.0,107379.0,300
2026-07-08 06:20:00,107377.0,107392.0,107370.0,107389.0,300
2026-07-08 06:25:00,107391.0,107442.0,107389.0,107407.0,300
2026-07-08 06:30:00,107405.0,107446.0,107398.0,107436.0,300
2026-07-08 06:35:00,107437.0,107495.0,107432.0,107492.0,300
2026-07-08 06:40:00,107491.0,107512.0,107482.0,107492.0,300
2026-07-08 06:45:00,107494.0,107500.0,107447.0,107481.0,300
2026-07-08 06:50:00,107479.0,107527.0,107457.0,107491.0,300
2026-07-08 06:55:00,107492.0,107511.0,107476.0,107503.0,300
2026-07-08 07:00:00,107502.0,107516.0,107459.0,107479.0,300
2026-07-08 07:05:00,107478.0,107510.0,107473.0,107509.0,300
2026-07-08 07:10:00,107510.0,107523.0,107500.0,107513.0,300
2026-07-08 07:15:00,107515.0,107538.0,107510.0,107526.0,300
2026-07-08 07:20:00,107525.0,107527.0,107479.0,107481.0,300
2026-07-08 07:25:00,107480.0,107504.0,107465.0,107496.0,300
2026-07-08 07:30:00,107498.0,107528.0,107482.0,107509.0,300
2026-07-08 07:35:00,107511.0,107542.0,107502.0,107539.0,300
2026-07-08 07:40:00,107538.0,107563.0,107528.0,107559.0,300
2026-07-08 07:45:00,107560.0,107582.0,107560.0,107581.0,300
2026-07-08 07:50:00,107582.0,107597.0,107566.0,107589.0,300
2026-07-08 07:55:00,107590.0,107621.0,107581.0,107607.0,300
2026-07-08 08:00:00,107606.0,107636.0,107602.0,107634.0,300
2026-07-08 08:05:00,107635.0,107654.0,107628.0,107639.0,300
2026-07-08 08:10:00,107640.0,107641.0,107597.0,107622.0,300
2026-07-08 08:15:00,107624.0,107637.0,107563.0,107571.0,300
2026-07-08 08:20:00,107572.0,107582.0,107552.0,107552.0,300
2026-07-08 08:25:00,107550.0,107578.0,107540.0,107556.0,300
2026-07-08 08:30:00,107555.0,107560.0,107524.0,107524.0,300
2026-07-08 08:35:00,107526.0,107560.0,107496.0,107559.0,300
2026-07-08 08:40:00,107558.0,107562.0,107529.0,107546.0,300
2026-07-08 08:45:00,107544.0,107570.0,107536.0,107561.0,300
2026-07-08 08:50:00,107560.0,107578.0,107553.0,107564.0,300
2026-07-08 08:55:00,107562.0,107621.0,107553.0,107612.0,300
2026-07-08 09:00:00,107614.0,107650.0,107606.0,107648.0,300
2026-07-08 09:05:00,107646.0,107652.0,107606.0,107611.0,300
2026-07-08 09:10:00,107609.0,107618.0,107580.0,107599.0,300
2026-07-08 09:15:00,107598.0,107645.0,107588.0,107633.0,300
2026-07-08 09:20:00,107634.0,107645.0,107594.0,107602.0,300
2026-07-08 09:25:00,107600.0,107619.0,107584.0,107585.0,300
2026-07-08 09:30:00,107583.0,107616.0,107580.0,107614.0,300
2026-07-08 09:35:00,107613.0,107629.0,107598.0,107607.0,300
2026-07-08 09:40:00,107605.0,107686.0,107596.0,107686.0,300
2026-07-08 09:45:00,107687.0,107691.0,107664.0,107678.0,300
2026-07-08 09:50:00,107680.0,107689.0,107653.0,107664.0,300
2026-07-08 09:55:00,107662.0,107688.0,107653.0,107660.0,300
2026-07-08 10:00:00,107659.0,107712.0,107644.0,107712.0,300
2026-07-08 10:05:00,107714.0,107735.0,107701.0,107735.0,300
2026-07-08 10:10:00,107737.0,107751.0,107722.0,107742.0,300
2026-07-08 10:15:00,107743.0,107760.0,107728.0,107735.0,300
2026-07-08 10:20:00,107734.0,107750.0,107701.0,107717.0,300
2026-07-08 10:25:00,107719.0,107759.0,107715.0,107758.0,300
2026-07-08 10:30:00,107760.0,107768.0,107739.0,107752.0,300
2026-07-08 10:35:00,107750.0,107773.0,107744.0,107765.0,300
2026-07-08 10:40:00,107766.0,107788.0,107750.0,107760.0,300
2026-07-08 10:45:00,107761.0,107783.0,107748.0,107764.0,300
2026-07-08 10:50:00,107765.0,107767.0,107707.0,107741.0,300
2026-07-08 10:55:00,107739.0,107756.0,107715.0,107738.0,300
2026-07-08 11:00:00,107737.0,107740.0,107694.0,107702.0,300
2026-07-08 11:05:00,107703.0,107718.0,107687.0,107692.0,300
2026-07-08 11:10:00,107691.0,107726.0,107682.0,107713.0,300
2026-07-08 11:15:00,107711.0,107728.0,107672.0,107677.0,300
2026-07-08 11:20:00,107675.0,107721.0,107672.0,107707.0,300
2026-07-08 11:25:00,107709.0,107714.0,107674.0,107710.0,300
2026-07-08 11:30:00,107712.0,107733.0,107700.0,107706.0,300
2026-07-08 11:35:00,107707.0,107716.0,107662.0,107664.0,300
2026-07-08 11:40:00,107665.0,107687.0,107648.0,107661.0,300
2026-07-08 11:45:00,107660.0,107670.0,107636.0,107644.0,300
2026-07-08 11:50:00,107643.0,107656.0,107610.0,107636.0,300
2026-07-08 11:55:00,107638.0,107686.0,107632.0,107686.0,300
2026-07-08 12:00:00,107687.0,107714.0,107671.0,107710.0,300
2026-07-08 12:05:00,107712.0,107724.0,107700.0,107715.0,300
2026-07-08 12:10:00,107714.0,107722.0,107692.0,107692.0,300
2026-07-08 12:15:00,107691.0,107721.0,107666.0,107716.0,300
2026-07-08 12:20:00,107718.0,107768.0,107707.0,107750.0,300
2026-07-08 12:25:00,107749.0,107777.0,107715.0,107775.0,300
2026-07-08 12:30:00,107776.0,107824.0,107768.0,107824.0,300
2026-07-08 12:35:00,107823.0,107828.0,107782.0,107788.0,300
2026-07-08 12:40:00,107790.0,107801.0,107770.0,107784.0,300
2026-07-08 12:45:00,107783.0,107797.0,107756.0,107772.0,300
2026-07-08 12:50:00,107770.0,107799.0,107760.0,107785.0,300
2026-07-08 12:55:00,107787.0,107788.0,107759.0,107782.0,300
2026-07-08 13:00:00,107780.0,107833.0,107776.0,107822.0,300
2026-07-08 13:05:00,107821.0,107895.0,107807.0,107887.0,300
2026-07-08 13:10:00,107888.0,107901.0,107876.0,107884.0,300
2026-07-08 13:15:00,107886.0,107931.0,107886.0,107929.0,300
2026-07-08 13:20:00,107931.0,107931.0,107885.0,107904.0,300
2026-07-08 13:25:00,107905.0,107933.0,107885.0,107889.0,300
2026-07-08 13:30:00,107888.0,107976.0,107888.0,107975.0,300
2026-07-08 13:35:00,107974.0,107975.0,107943.0,107957.0,300
2026-07-08 13:40:00,107955.0,107955.0,107907.0,107909.0,300
2026-07-08 13:45:00,107910.0,107927.0,107894.0,107902.0,300
2026-07-08 13:50:00,107904.0,107922.0,107881.0,107920.0,300
2026-07-08 13:55:00,107922.0,107936.0,107889.0,107891.0,300
2026-07-08 14:00:00,107892.0,107947.0,107887.0,107939.0,300
2026-07-08 14:05:00,107940.0,107954.0,107917.0,107927.0,300
2026-07-08 14:10:00,107925.0,107928.0,107877.0,107903.0,300
2026-07-08 14:15:00,107901.0,107957.0,107901.0,107931.0,300
2026-07-08 14:20:00,107930.0,107968.0,107923.0,107949.0,300
2026-07-08 14:25:00,107950.0,107985.0,107943.0,107967.0,300
2026-07-08 14:30:00,107965.0,107974.0,107936.0,107939.0,300
2026-07-08 14:35:00,107937.0,107953.0,107924.0,107927.0,300
2026-07-08 14:40:00,107929.0,107933.0,107899.0,107907.0,300
2026-07-08 14:45:00,107905.0,107909.0,107882.0,107897.0,300
2026-07-08 14:50:00,107898.0,107904.0,107877.0,107886.0,300
2026-07-08 14:55:00,107887.0,107892.0,107857.0,107875.0,300
2026-07-08 15:00:00,107873.0,107903.0,107864.0,107885.0,300
2026-07-08 15:05:00,107884.0,107904.0,107876.0,107885.0,300
2026-07-08 15:10:00,107887.0,107898.0,107854.0,107857.0,300
2026-07-08 15:15:00,107858.0,107864.0,107808.0,107823.0,300
2026-07-08 15:20:00,107821.0,107864.0,107807.0,107838.0,300
2026-07-08 15:25:00,107836.0,107839.0,107795.0,107816.0,300
2026-07-08 15:30:00,107814.0,107847.0,107797.0,107818.0,300
2026-07-08 15:35:00,107816.0,107816.0,107773.0,107781.0,300
2026-07-08 15:40:00,107779.0,107800.0,107743.0,107775.0,300
2026-07-08 15:45:00,107776.0,107781.0,107741.0,107769.0,300
2026-07-08 15:50:00,107771.0,107813.0,107761.0,107806.0,300
2026-07-08 15:55:00,107807.0,107823.0,107791.0,107820.0,300
2026-07-08 16:00:00,107822.0,107830.0,107791.0,107814.0,300
2026-07-08 16:05:00,107816.0,107888.0,107800.0,107879.0,300
2026-07-08 16:10:00,107880.0,107898.0,107869.0,107889.0,300
2026-07-08 16:15:00,107887.0,107907.0,107866.0,107873.0,300
2026-07-08 16:20:00,107875.0,107909.0,107873.0,107881.0,300
2026-07-08 16:25:00,107880.0,107924.0,107879.0,107902.0,300
2026-07-08 16:30:00,107904.0,107929.0,107897.0,107908.0,300
2026-07-08 16:35:00,107909.0,107910.0,107879.0,107907.0,300
2026-07-08 16:40:00,107905.0,107905.0,107848.0,107863.0,300
2026-07-08 16:45:00,107865.0,107873.0,107823.0,107835.0,300
2026-07-08 16:50:00,107833.0,107855.0,107830.0,107848.0,300
2026-07-08 16:55:00,107847.0,107871.0,107831.0,107845.0,300
2026-07-08 17:00:00,107843.0,107844.0,107802.0,107802.0,300
2026-07-08 17:05:00,107801.0,107815.0,107767.0,107796.0,300
2026-07-08 17:10:00,107794.0,107808.0,107763.0,107763.0,300
2026-07-08 17:15:00,107764.0,107820.0,107764.0,107820.0,300
2026-07-08 17:20:00,107818.0,107837.0,107806.0,107828.0,300
2026-07-08 17:25:00,107827.0,107866.0,107796.0,107859.0,300
2026-07-08 17:30:00,107857.0,107881.0,107848.0,107867.0,300
2026-07-08 17:35:00,107869.0,107903.0,107869.0,107883.0,300
2026-07-08 17:40:00,107882.0,107885.0,107860.0,107868.0,300
2026-07-08 17:45:00,107866.0,107870.0,107837.0,107861.0,300
2026-07-08 17:50:00,107859.0,107871.0,107833.0,107869.0,300
2026-07-08 17:55:00,107870.0,107877.0,107831.0,107846.0,300
2026-07-08 18:00:00,107844.0,107849.0,107801.0,107801.0,300
2026-07-08 18:05:00,107802.0,107806.0,107783.0,107788.0,300
2026-07-08 18:10:00,107790.0,107804.0,107765.0,107770.0,300
2026-07-08 18:15:00,107772.0,107795.0,107765.0,107774.0,300
2026-07-08 18:20:00,107773.0,107779.0,107746.0,107763.0,300
2026-07-08 18:25:00,107762.0,107766.0,107735.0,107754.0,300
2026-07-08 18:30:00,107755.0,107795.0,107752.0,107778.0,300
2026-07-08 18:35:00,107780.0,107781.0,107756.0,107767.0,300
2026-07-08 18:40:00,107766.0,107776.0,107752.0,107764.0,300
2026-07-08 18:45:00,107766.0,107799.0,107754.0,107789.0,300
2026-07-08 18:50:00,107791.0,107816.0,107780.0,107809.0,300
2026-07-08 18:55:00,107807.0,107824.0,107794.0,107820.0,300
2026-07-08 19:00:00,107821.0,107821.0,107772.0,107799.0,300
2026-07-08 19:05:00,107800.0,107840.0,107798.0,107801.0,300
2026-07-08 19:10:00,107799.0,107806.0,107742.0,107754.0,300
2026-07-08 19:15:00,107755.0,107772.0,107740.0,107766.0,300
2026-07-08 19:20:00,107764.0,107783.0,107746.0,107767.0,300
2026-07-08 19:25:00,107765.0,107775.0,107728.0,107773.0,300
2026-07-08 19:30:00,107771.0,107791.0,107741.0,107751.0,300
2026-07-08 19:35:00,107752.0,107778.0,107746.0,107769.0,300
2026-07-08 19:40:00,107768.0,107769.0,107705.0,107714.0,300
2026-07-08 19:45:00,107712.0,107731.0,107705.0,107729.0,300
2026-07-08 19:50:00,107727.0,107751.0,107713.0,107744.0,300
2026-07-08 19:55:00,107743.0,107757.0,107718.0,107723.0,300
2026-07-08 20:00:00,107724.0,107735.0,107709.0,107711.0,300
2026-07-08 20:05:00,107710.0,107728.0,107693.0,107720.0,300
2026-07-08 20:10:00,107721.0,107772.0,107714.0,107754.0,300
2026-07-08 20:15:00,107756.0,107823.0,107756.0,107823.0,300
2026-07-08 20:20:00,107824.0,107842.0,107803.0,107803.0,300
2026-07-08 20:25:00,107802.0,107819.0,107766.0,107813.0,300
2026-07-08 20:30:00,107815.0,107836.0,107797.0,107812.0,300
2026-07-08 20:35:00,107813.0,107815.0,107777.0,107782.0,300
2026-07-08 20:40:00,107781.0,107814.0,107779.0,107790.0,300
2026-07-08 20:45:00,107792.0,107798.0,107761.0,107796.0,300
2026-07-08 20:50:00,107794.0,107798.0,107762.0,107762.0,300
2026-07-08 20:55:00,107763.0,107792.0,107749.0,107786.0,300
2026-07-08 21:00:00,107784.0,107805.0,107760.0,107760.0,300
2026-07-08 21:05:00,107761.0,107767.0,107714.0,107714.0,300
2026-07-08 21:10:00,107713.0,107741.0,107707.0,107723.0,300
2026-07-08 21:15:00,107724.0,107728.0,107692.0,107719.0,300
2026-07-08 21:20:00,107721.0,107802.0,107721.0,107787.0,300
2026-07-08 21:25:00,107789.0,107812.0,107781.0,107798.0,300
2026-07-08 21:30:00,107796.0,107819.0,107784.0,107795.0,300
2026-07-08 21:35:00,107793.0,107803.0,107771.0,107778.0,300
2026-07-08 21:40:00,107776.0,107798.0,107768.0,107787.0,300
2026-07-08 21:45:00,107788.0,107804.0,107777.0,107798.0,300
2026-07-08 21:50:00,107797.0,107813.0,107782.0,107796.0,300
2026-07-08 21:55:00,107797.0,107832.0,107792.0,107828.0,300
2026-07-08 22:00:00,107830.0,107867.0,107826.0,107866.0,300
2026-07-08 22:05:00,107865.0,107876.0,107853.0,107854.0,300
2026-07-08 22:10:00,107856.0,107904.0,107853.0,107900.0,300
2026-07-08 22:15:00,107901.0,107921.0,107887.0,107911.0,300
2026-07-08 22:20:00,107909.0,107923.0,107899.0,107903.0,300
2026-07-08 22:25:00,107905.0,107928.0,107869.0,107869.0,300
2026-07-08 22:30:00,107868.0,107897.0,107824.0,107842.0,300
2026-07-08 22:35:00,107841.0,107850.0,107817.0,107850.0,300
2026-07-08 22:40:00,107848.0,107900.0,107848.0,107879.0,300
2026-07-08 22:45:00,107878.0,107886.0,107831.0,107865.0,300
2026-07-08 22:50:00,107867.0,107893.0,107854.0,107858.0,300
2026-07-08 22:55:00,107860.0,107864.0,107840.0,107844.0,300
2026-07-08 23:00:00,107842.0,107874.0,107840.0,107841.0,300
2026-07-08 23:05:00,107843.0,107846.0,107813.0,107820.0,300
2026-07-08 23:10:00,107818.0,107833.0,107804.0,107830.0,300
2026-07-08 23:15:00,107831.0,107847.0,107807.0,107813.0,300
2026-07-08 23:20:00,107814.0,107822.0,107786.0,107809.0,300
2026-07-08 23:25:00,107808.0,107845.0,107808.0,107812.0,300
2026-07-08 23:30:00,107811.0,107815.0,107746.0,107751.0,300
2026-07-08 23:35:00,107753.0,107790.0,107741.0,107783.0,300
2026-07-08 23:40:00,107781.0,107816.0,107776.0,107812.0,300
2026-07-08 23:45:00,107811.0,107838.0,107810.0,107811.0,300
2026-07-08 23:50:00,107812.0,107851.0,107799.0,107846.0,300
2026-07-08 23:55:00,107848.0,107870.0,107843.0,107852.0,300
2026-07-09 00:00:00,107853.0,107871.0,107844.0,107856.0,300
2026-07-09 00:05:00,107857.0,107898.0,107853.0,107895.0,300
2026-07-09 00:10:00,107897.0,107952.0,107891.0,107936.0,300
2026-07-09 00:15:00,107937.0,107958.0,107914.0,107952.0,300
2026-07-09 00:20:00,107950.0,107991.0,107942.0,107985.0,300
2026-07-09 00:25:00,107986.0,108001.0,107952.0,107956.0,300
2026-07-09 00:30:00,107954.0,107988.0,107951.0,107988.0,300
2026-07-09 00:35:00,107989.0,108011.0,107971.0,108003.0,300
2026-07-09 00:40:00,108001.0,108016.0,107981.0,107983.0,300
2026-07-09 00:45:00,107982.0,107995.0,107962.0,107990.0,300
2026-07-09 00:50:00,107989.0,108040.0,107989.0,108038.0,300
2026-07-09 00:55:00,108036.0,108058.0,108015.0,108018.0,300
2026-07-09 01:00:00,108020.0,108044.0,108003.0,108025.0,300
2026-07-09 01:05:00,108026.0,108044.0,108017.0,108029.0,300
2026-07-09 01:10:00,108031.0,108075.0,108031.0,108042.0,300
2026-07-09 01:15:00,108041.0,108057.0,108029.0,108038.0,300
2026-07-09 01:20:00,108040.0,108098.0,108027.0,108090.0,300
2026-07-09 01:25:00,108091.0,108101.0,108067.0,108067.0,300
2026-07-09 01:30:00,108066.0,108109.0,108066.0,108098.0,300
2026-07-09 01:35:00,108100.0,108109.0,108062.0,108091.0,300
2026-07-09 01:40:00,108092.0,108134.0,108079.0,108109.0,300
2026-07-09 01:45:00,108107.0,108117.0,108094.0,108097.0,300
2026-07-09 01:50:00,108098.0,108123.0,108082.0,108099.0,300
2026-07-09 01:55:00,108097.0,108122.0,108066.0,108118.0,300
2026-07-09 02:00:00,108119.0,108143.0,108111.0,108124.0,300
2026-07-09 02:05:00,108125.0,108147.0,108120.0,108136.0,300
2026-07-09 02:10:00,108138.0,108170.0,108135.0,108169.0,300
2026-07-09 02:15:00,108171.0,108200.0,108153.0,108200.0,300
2026-07-09 02:20:00,108201.0,108236.0,108198.0,108212.0,300
2026-07-09 02:25:00,108211.0,108241.0,108209.0,108219.0,300
2026-07-09 02:30:00,108221.0,108223.0,108158.0,108159.0,300
2026-07-09 02:35:00,108161.0,108176.0,108130.0,108147.0,300
2026-07-09 02:40:00,108146.0,108187.0,108137.0,108186.0,300
2026-07-09 02:45:00,108188.0,108188.0,108161.0,108171.0,300
2026-07-09 02:50:00,108169.0,108178.0,108126.0,108135.0,300
2026-07-09 02:55:00,108133.0,108169.0,108128.0,108146.0,300
2026-07-09 03:00:00,108144.0,108199.0,108144.0,108193.0,300
2026-07-09 03:05:00,108191.0,108222.0,108185.0,108201.0,300
2026-07-09 03:10:00,108199.0,108234.0,108195.0,108213.0,300
2026-07-09 03:15:00,108211.0,108231.0,108210.0,108226.0,300
2026-07-09 03:20:00,108228.0,108244.0,108218.0,108240.0,300
2026-07-09 03:25:00,108241.0,108262.0,108227.0,108243.0,300
2026-07-09 03:30:00,108244.0,108278.0,108234.0,108249.0,300
2026-07-09 03:35:00,108250.0,108257.0,108196.0,108197.0,300
2026-07-09 03:40:00,108199.0,108204.0,108146.0,108165.0,300
2026-07-09 03:45:00,108166.0,108172.0,108135.0,108145.0,300
2026-07-09 03:50:00,108143.0,108195.0,108140.0,108194.0,300
2026-07-09 03:55:00,108196.0,108202.0,108159.0,108165.0,300
2026-07-09 04:00:00,108163.0,108165.0,108127.0,108146.0,300
2026-07-09 04:05:00,108145.0,108171.0,108136.0,108169.0,300
2026-07-09 04:10:00,108171.0,108197.0,108168.0,108190.0,300
2026-07-09 04:15:00,108192.0,108209.0,108179.0,108183.0,300
2026-07-09 04:20:00,108185.0,108203.0,108169.0,108199.0,300
2026-07-09 04:25:00,108198.0,108225.0,108190.0,108223.0,300
2026-07-09 04:30:00,108222.0,108227.0,108203.0,108213.0,300
2026-07-09 04:35:00,108211.0,108221.0,108181.0,108188.0,300
2026-07-09 04:40:00,108190.0,108216.0,108175.0,108203.0,300
2026-07-09 04:45:00,108202.0,108210.0,108176.0,108197.0,300
2026-07-09 04:50:00,108198.0,108214.0,108175.0,108185.0,300
2026-07-09 04:55:00,108186.0,108216.0,108181.0,108200.0,300
2026-07-09 05:00:00,108198.0,108230.0,108154.0,108166.0,300
2026-07-09 05:05:00,108165.0,108173.0,108152.0,108161.0,300
2026-07-09 05:10:00,108159.0,108191.0,108158.0,108178.0,300
2026-07-09 05:15:00,108176.0,108198.0,108176.0,108190.0,300
2026-07-09 05:20:00,108189.0,108213.0,108184.0,108206.0,300
2026-07-09 05:25:00,108204.0,108204.0,108180.0,108195.0,300
2026-07-09 05:30:00,108193.0,108215.0,108178.0,108212.0,300
2026-07-09 05:35:00,108214.0,108219.0,108195.0,108196.0,300
2026-07-09 05:40:00,108198.0,108209.0,108178.0,108198.0,300
2026-07-09 05:45:00,108199.0,108222.0,108180.0,108183.0,300
2026-07-09 05:50:00,108184.0,108184.0,108146.0,108158.0,300
2026-07-09 05:55:00,108159.0,108162.0,108122.0,108128.0,300
2026-07-09 06:00:00,108126.0,108140.0,108083.0,108086.0,300
2026-07-09 06:05:00,108087.0,108111.0,108083.0,108096.0,300
2026-07-09 06:10:00,108098.0,108115.0,108072.0,108087.0,300
2026-07-09 06:15:00,108088.0,108097.0,108040.0,108041.0,300
2026-07-09 06:20:00,108043.0,108062.0,108023.0,108038.0,300
2026-07-09 06:25:00,108037.0,108068.0,108018.0,108066.0,300
2026-07-09 06:30:00,108067.0,108105.0,108063.0,108097.0,300
2026-07-09 06:35:00,108098.0,108112.0,108085.0,108108.0,300
2026-07-09 06:40:00,108107.0,108141.0,108085.0,108141.0,300
2026-07-09 06:45:00,108142.0,108167.0,108117.0,108118.0,300
2026-07-09 06:50:00,108117.0,108128.0,108081.0,108086.0,300
2026-07-09 06:55:00,108088.0,108106.0,108073.0,108102.0,300
2026-07-09 07:00:00,108103.0,108147.0,108094.0,108141.0,300
2026-07-09 07:05:00,108140.0,108159.0,108120.0,108136.0,300
2026-07-09 07:10:00,108137.0,108159.0,108123.0,108126.0,300
2026-07-09 07:15:00,108127.0,108127.0,108091.0,108091.0,300
2026-07-09 07:20:00,108092.0,108098.0,108051.0,108075.0,300
2026-07-09 07:25:00,108074.0,108092.0,108050.0,108055.0,300
2026-07-09 07:30:00,108054.0,108092.0,108043.0,108089.0,300
2026-07-09 07:35:00,108088.0,108128.0,108081.0,108114.0,300
2026-07-09 07:40:00,108113.0,108127.0,108087.0,108093.0,300
2026-07-09 07:45:00,108094.0,108134.0,108090.0,108120.0,300
2026-07-09 07:50:00,108122.0,108155.0,108109.0,108123.0,300
2026-07-09 07:55:00,108124.0,108136.0,108101.0,108134.0,300
2026-07-09 08:00:00,108132.0,108152.0,108108.0,108150.0,300
2026-07-09 08:05:00,108149.0,108179.0,108147.0,108167.0,300
2026-07-09 08:10:00,108168.0,108233.0,108161.0,108230.0,300
2026-07-09 08:15:00,108232.0,108305.0,108231.0,108304.0,300
2026-07-09 08:20:00,108305.0,108347.0,108305.0,108344.0,300
2026-07-09 08:25:00,108343.0,108357.0,108322.0,108352.0,300
2026-07-09 08:30:00,108353.0,108365.0,108322.0,108365.0,300
2026-07-09 08:35:00,108364.0,108398.0,108362.0,108372.0,300
2026-07-09 08:40:00,108371.0,108386.0,108361.0,108367.0,300
2026-07-09 08:45:00,108366.0,108377.0,108351.0,108373.0,300
2026-07-09 08:50:00,108371.0,108419.0,108360.0,108386.0,300
2026-07-09 08:55:00,108387.0,108407.0,108378.0,108387.0,300
2026-07-09 09:00:00,108385.0,108397.0,108354.0,108374.0,300
2026-07-09 09:05:00,108372.0,108374.0,108334.0,108338.0,300
2026-07-09 09:10:00,108340.0,108345.0,108309.0,108323.0,300
2026-07-09 09:15:00,108322.0,108335.0,108305.0,108331.0,300
2026-07-09 09:20:00,108330.0,108362.0,108321.0,108345.0,300
2026-07-09 09:25:00,108344.0,108374.0,108326.0,108330.0,300
2026-07-09 09:30:00,108331.0,108349.0,108302.0,108309.0,300
2026-07-09 09:35:00,108308.0,108317.0,108282.0,108303.0,300
2026-07-09 09:40:00,108304.0,108365.0,108298.0,108364.0,300
2026-07-09 09:45:00,108366.0,108396.0,108355.0,108394.0,300
2026-07-09 09:50:00,108396.0,108418.0,108385.0,108396.0,300
2026-07-09 09:55:00,108397.0,108397.0,108354.0,108366.0,300
2026-07-09 10:00:00,108364.0,108384.0,108349.0,108355.0,300
2026-07-09 10:05:00,108356.0,108386.0,108350.0,108358.0,300
2026-07-09 10:10:00,108357.0,108388.0,108346.0,108386.0,300
2026-07-09 10:15:00,108388.0,108412.0,108375.0,108385.0,300
2026-07-09 10:20:00,108384.0,108397.0,108361.0,108378.0,300
2026-07-09 10:25:00,108379.0,108392.0,108361.0,108373.0,300
2026-07-09 10:30:00,108371.0,108381.0,108327.0,108339.0,300
2026-07-09 10:35:00,108340.0,108355.0,108320.0,108332.0,300
2026-07-09 10:40:00,108330.0,108364.0,108305.0,108354.0,300
2026-07-09 10:45:00,108355.0,108371.0,108342.0,108353.0,300
2026-07-09 10:50:00,108354.0,108355.0,108313.0,108324.0,300
2026-07-09 10:55:00,108325.0,108373.0,108317.0,108362.0,300
2026-07-09 11:00:00,108364.0,108392.0,108362.0,108380.0,300
2026-07-09 11:05:00,108378.0,108409.0,108372.0,108406.0,300
2026-07-09 11:10:00,108408.0,108411.0,108374.0,108386.0,300
2026-07-09 11:15:00,108384.0,108434.0,108382.0,108425.0,300
2026-07-09 11:20:00,108426.0,108436.0,108403.0,108436.0,300
2026-07-09 11:25:00,108437.0,108446.0,108395.0,108432.0,300
2026-07-09 11:30:00,108434.0,108471.0,108417.0,108417.0,300
2026-07-09 11:35:00,108416.0,108456.0,108413.0,108450.0,300
2026-07-09 11:40:00,108448.0,108473.0,108426.0,108433.0,300
2026-07-09 11:45:00,108432.0,108434.0,108397.0,108409.0,300
2026-07-09 11:50:00,108408.0,108408.0,108353.0,108358.0,300
2026-07-09 11:55:00,108356.0,108388.0,108349.0,108377.0,300
2026-07-09 12:00:00,108378.0,108419.0,108377.0,108397.0,300
2026-07-09 12:05:00,108395.0,108412.0,108376.0,108394.0,300
2026-07-09 12:10:00,108393.0,108401.0,108370.0,108382.0,300
2026-07-09 12:15:00,108380.0,108383.0,108357.0,108367.0,300
2026-07-09 12:20:00,108368.0,108374.0,108297.0,108297.0,300
2026-07-09 12:25:00,108296.0,108329.0,108292.0,108314.0,300
2026-07-09 12:30:00,108316.0,108334.0,108297.0,108304.0,299
2026-07-09 12:35:00,108306.0,108356.0,108297.0,108349.0,301
2026-07-09 12:40:00,108347.0,108383.0,108343.0,108374.0,299
2026-07-09 12:45:00,108372.0,108406.0,108363.0,108400.0,301
2026-07-09 12:50:00,108398.0,108432.0,108391.0,108415.0,299
2026-07-09 12:55:00,108414.0,108424.0,108395.0,108419.0,300
2026-07-09 13:00:00,108421.0,108438.0,108394.0,108397.0,300
2026-07-09 13:05:00,108395.0,108426.0,108393.0,108401.0,300
2026-07-09 13:10:00,108399.0,108410.0,108382.0,108386.0,300
2026-07-09 13:15:00,108387.0,108411.0,108376.0,108411.0,300
2026-07-09 13:20:00,108410.0,108422.0,108382.0,108422.0,300
2026-07-09 13:25:00,108420.0,108425.0,108396.0,108397.0,300
2026-07-09 13:30:00,108396.0,108429.0,108390.0,108405.0,300
2026-07-09 13:35:00,108407.0,108426.0,108393.0,108416.0,300
2026-07-09 13:40:00,108417.0,108421.0,108386.0,108411.0,300
2026-07-09 13:45:00,108410.0,108440.0,108408.0,108423.0,300
2026-07-09 13:50:00,108424.0,108446.0,108399.0,108415.0,300
2026-07-09 13:55:00,108416.0,108425.0,108375.0,108388.0,300
2026-07-09 14:00:00,108387.0,108424.0,108384.0,108400.0,300
2026-07-09 14:05:00,108402.0,108432.0,108400.0,108402.0,300
2026-07-09 14:10:00,108404.0,108438.0,108385.0,108385.0,300
2026-07-09 14:15:00,108384.0,108393.0,108365.0,108368.0,300
2026-07-09 14:20:00,108367.0,108383.0,108359.0,108372.0,300
2026-07-09 14:25:00,108371.0,108388.0,108358.0,108377.0,300
2026-07-09 14:30:00,108378.0,108421.0,108367.0,108414.0,300
2026-07-09 14:35:00,108412.0,108458.0,108408.0,108433.0,300
2026-07-09 14:40:00,108431.0,108436.0,108405.0,108412.0,300
2026-07-09 14:45:00,108414.0,108420.0,108386.0,108407.0,300
2026-07-09 14:50:00,108409.0,108423.0,108399.0,108418.0,300
2026-07-09 14:55:00,108416.0,108435.0,108391.0,108393.0,300
2026-07-09 15:00:00,108394.0,108461.0,108392.0,108440.0,300
2026-07-09 15:05:00,108438.0,108470.0,108417.0,108436.0,300
2026-07-09 15:10:00,108434.0,108472.0,108424.0,108469.0,300
2026-07-09 15:15:00,108467.0,108496.0,108451.0,108452.0,300
2026-07-09 15:20:00,108453.0,108453.0,108426.0,108427.0,300
2026-07-09 15:25:00,108429.0,108485.0,108429.0,108485.0,300
2026-07-09 15:30:00,108487.0,108488.0,108454.0,108469.0,300
2026-07-09 15:35:00,108467.0,108486.0,108433.0,108436.0,300
2026-07-09 15:40:00,108435.0,108450.0,108400.0,108403.0,300
2026-07-09 15:45:00,108404.0,108411.0,108382.0,108384.0,300
2026-07-09 15:50:00,108382.0,108404.0,108365.0,108376.0,300
2026-07-09 15:55:00,108378.0,108403.0,108365.0,108365.0,300
2026-07-09 16:00:00,108367.0,108368.0,108345.0,108358.0,300
2026-07-09 16:05:00,108360.0,108379.0,108350.0,108350.0,300
2026-07-09 16:10:00,108351.0,108380.0,108344.0,108368.0,300
2026-07-09 16:15:00,108369.0,108377.0,108346.0,108351.0,300
2026-07-09 16:20:00,108349.0,108354.0,108315.0,108337.0,300
2026-07-09 16:25:00,108335.0,108392.0,108335.0,108388.0,300
2026-07-09 16:30:00,108389.0,108429.0,108380.0,108387.0,300
2026-07-09 16:35:00,108386.0,108386.0,108332.0,108334.0,300
2026-07-09 16:40:00,108335.0,108375.0,108334.0,108350.0,300
2026-07-09 16:45:00,108348.0,108379.0,108336.0,108339.0,300
2026-07-09 16:50:00,108337.0,108364.0,108331.0,108342.0,300
2026-07-09 16:55:00,108340.0,108353.0,108316.0,108337.0,300
2026-07-09 17:00:00,108335.0,108349.0,108308.0,108323.0,300
2026-07-09 17:05:00,108322.0,108333.0,108276.0,108278.0,300
2026-07-09 17:10:00,108277.0,108288.0,108233.0,108233.0,300
2026-07-09 17:15:00,108232.0,108244.0,108199.0,108225.0,300
2026-07-09 17:20:00,108226.0,108238.0,108206.0,108206.0,300
2026-07-09 17:25:00,108208.0,108216.0,108183.0,108190.0,300
2026-07-09 17:30:00,108192.0,108213.0,108144.0,108205.0,300
2026-07-09 17:35:00,108203.0,108225.0,108195.0,108200.0,300
2026-07-09 17:40:00,108201.0,108252.0,108196.0,108245.0,300
2026-07-09 17:45:00,108244.0,108297.0,108241.0,108291.0,300
2026-07-09 17:50:00,108292.0,108321.0,108288.0,108301.0,300
2026-07-09 17:55:00,108299.0,108339.0,108292.0,108336.0,300
2026-07-09 18:00:00,108338.0,108346.0,108311.0,108319.0,300
2026-07-09 18:05:00,108318.0,108329.0,108296.0,108310.0,300
2026-07-09 18:10:00,108312.0,108373.0,108305.0,108350.0,300
2026-07-09 18:15:00,108351.0,108381.0,108342.0,108379.0,300
2026-07-09 18:20:00,108378.0,108380.0,108337.0,108344.0,300
2026-07-09 18:25:00,108345.0,108346.0,108282.0,108285.0,300
2026-07-09 18:30:00,108284.0,108316.0,108277.0,108316.0,300
2026-07-09 18:35:00,108318.0,108323.0,108279.0,108307.0,300
2026-07-09 18:40:00,108305.0,108338.0,108295.0,108324.0,300
2026-07-09 18:45:00,108322.0,108322.0,108274.0,108311.0,300
2026-07-09 18:50:00,108312.0,108337.0,108303.0,108329.0,300
2026-07-09 18:55:00,108331.0,108339.0,108309.0,108330.0,300
2026-07-09 19:00:00,108331.0,108339.0,108301.0,108323.0,300
2026-07-09 19:05:00,108324.0,108348.0,108296.0,108298.0,300
2026-07-09 19:10:00,108300.0,108310.0,108280.0,108292.0,300
2026-07-09 19:15:00,108290.0,108329.0,108286.0,108329.0,300
2026-07-09 19:20:00,108327.0,108365.0,108324.0,108343.0,300
2026-07-09 19:25:00,108341.0,108343.0,108310.0,108315.0,300
2026-07-09 19:30:00,108313.0,108323.0,108292.0,108293.0,300
2026-07-09 19:35:00,108295.0,108345.0,108295.0,108330.0,300
2026-07-09 19:40:00,108328.0,108331.0,108286.0,108294.0,300
2026-07-09 19:45:00,108292.0,108332.0,108288.0,108295.0,300
2026-07-09 19:50:00,108293.0,108302.0,108242.0,108245.0,300
2026-07-09 19:55:00,108243.0,108243.0,108193.0,108200.0,300
2026-07-09 20:00:00,108198.0,108208.0,108175.0,108206.0,300
2026-07-09 20:05:00,108208.0,108257.0,108208.0,108257.0,300
2026-07-09 20:10:00,108256.0,108287.0,108252.0,108286.0,300
2026-07-09 20:15:00,108285.0,108303.0,108266.0,108301.0,300
2026-07-09 20:20:00,108300.0,108314.0,108275.0,108289.0,300
2026-07-09 20:25:00,108287.0,108318.0,108274.0,108315.0,300
2026-07-09 20:30:00,108317.0,108340.0,108308.0,108312.0,300
2026-07-09 20:35:00,108310.0,108343.0,108310.0,108338.0,300
2026-07-09 20:40:00,108336.0,108336.0,108285.0,108308.0,300
2026-07-09 20:45:00,108310.0,108331.0,108300.0,108309.0,300
2026-07-09 20:50:00,108310.0,108369.0,108307.0,108361.0,300
2026-07-09 20:55:00,108360.0,108366.0,108315.0,108315.0,300
2026-07-09 21:00:00,108317.0,108330.0,108298.0,108322.0,300
2026-07-09 21:05:00,108323.0,108335.0,108296.0,108299.0,300
2026-07-09 21:10:00,108298.0,108312.0,108279.0,108281.0,300
2026-07-09 21:15:00,108282.0,108317.0,108277.0,108307.0,300
2026-07-09 21:20:00,108306.0,108316.0,108285.0,108302.0,300
2026-07-09 21:25:00,108301.0,108320.0,108264.0,108317.0,300
2026-07-09 21:30:00,108316.0,108329.0,108286.0,108290.0,300
2026-07-09 21:35:00,108288.0,108311.0,108287.0,108297.0,300
2026-07-09 21:40:00,108299.0,108328.0,108288.0,108302.0,300
2026-07-09 21:45:00,108300.0,108329.0,108290.0,108313.0,300
2026-07-09 21:50:00,108315.0,108336.0,108299.0,108310.0,300
2026-07-09 21:55:00,108312.0,108317.0,108290.0,108307.0,300
2026-07-09 22:00:00,108309.0,108309.0,108265.0,108268.0,300
2026-07-09 22:05:00,108266.0,108271.0,108248.0,108268.0,300
2026-07-09 22:10:00,108267.0,108298.0,108267.0,108278.0,300
2026-07-09 22:15:00,108276.0,108292.0,108260.0,108271.0,300
2026-07-09 22:20:00,108273.0,108300.0,108253.0,108289.0,300
2026-07-09 22:25:00,108288.0,108296.0,108257.0,108267.0,300
2026-07-09 22:30:00,108265.0,108295.0,108236.0,108290.0,300
2026-07-09 22:35:00,108288.0,108310.0,108276.0,108302.0,300
2026-07-09 22:40:00,108303.0,108318.0,108282.0,108316.0,300
2026-07-09 22:45:00,108318.0,108326.0,108263.0,108263.0,300
2026-07-09 22:50:00,108261.0,108284.0,108238.0,108242.0,300
2026-07-09 22:55:00,108244.0,108247.0,108189.0,108190.0,300
2026-07-09 23:00:00,108191.0,108225.0,108175.0,108187.0,300
2026-07-09 23:05:00,108185.0,108189.0,108138.0,108148.0,300
2026-07-09 23:10:00,108146.0,108231.0,108146.0,108228.0,300
2026-07-09 23:15:00,108227.0,108238.0,108213.0,108223.0,300
2026-07-09 23:20:00,108221.0,108240.0,108209.0,108240.0,300
2026-07-09 23:25:00,108239.0,108274.0,108226.0,108271.0,300
2026-07-09 23:30:00,108273.0,108288.0,108232.0,108239.0,300
2026-07-09 23:35:00,108237.0,108242.0,108199.0,108206.0,300
2026-07-09 23:40:00,108204.0,108209.0,108172.0,108173.0,300
2026-07-09 23:45:00,108174.0,108198.0,108165.0,108184.0,300
2026-07-09 23:50:00,108183.0,108236.0,108182.0,108233.0,300
2026-07-09 23:55:00,108235.0,108251.0,108219.0,108227.0,300
2026-07-10 00:00:00,108228.0,108232.0,108190.0,108194.0,300
2026-07-10 00:05:00,108192.0,108204.0,108162.0,108168.0,300
2026-07-10 00:10:00,108166.0,108216.0,108149.0,108212.0,300
2026-07-10 00:15:00,108211.0,108219.0,108189.0,108200.0,300
2026-07-10 00:20:00,108198.0,108225.0,108190.0,108216.0,300
2026-07-10 00:25:00,108218.0,108238.0,108209.0,108229.0,300
2026-07-10 00:30:00,108231.0,108245.0,108212.0,108240.0,300
2026-07-10 00:35:00,108242.0,108243.0,108206.0,108231.0,300
2026-07-10 00:40:00,108232.0,108259.0,108232.0,108250.0,300
2026-07-10 00:45:00,108251.0,108253.0,108205.0,108207.0,300
2026-07-10 00:50:00,108206.0,108238.0,108189.0,108228.0,300
2026-07-10 00:55:00,108230.0,108243.0,108209.0,108210.0,300
2026-07-10 01:00:00,108211.0,108244.0,108209.0,108238.0,300
2026-07-10 01:05:00,108239.0,108253.0,108231.0,108233.0,300
2026-07-10 01:10:00,108231.0,108243.0,108191.0,108191.0,300
2026-07-10 01:15:00,108189.0,108192.0,108138.0,108141.0,300
2026-07-10 01:20:00,108139.0,108157.0,108122.0,108124.0,300
2026-07-10 01:25:00,108126.0,108167.0,108111.0,108163.0,300
2026-07-10 01:30:00,108161.0,108191.0,108153.0,108182.0,300
2026-07-10 01:35:00,108184.0,108186.0,108151.0,108152.0,300
2026-07-10 01:40:00,108153.0,108175.0,108139.0,108143.0,300
2026-07-10 01:45:00,108145.0,108176.0,108145.0,108172.0,300
2026-07-10 01:50:00,108170.0,108213.0,108168.0,108200.0,300
2026-07-10 01:55:00,108198.0,108218.0,108180.0,108203.0,300
2026-07-10 02:00:00,108204.0,108235.0,108183.0,108229.0,300
2026-07-10 02:05:00,108228.0,108249.0,108203.0,108236.0,300
2026-07-10 02:10:00,108237.0,108276.0,108226.0,108276.0,300
2026-07-10 02:15:00,108278.0,108297.0,108254.0,108265.0,300
2026-07-10 02:20:00,108263.0,108284.0,108257.0,108263.0,300
2026-07-10 02:25:00,108264.0,108268.0,108217.0,108245.0,300
2026-07-10 02:30:00,108243.0,108249.0,108208.0,108230.0,300
2026-07-10 02:35:00,108228.0,108232.0,108202.0,108208.0,300
2026-07-10 02:40:00,108207.0,108224.0,108203.0,108210.0,300
2026-07-10 02:45:00,108208.0,108222.0,108184.0,108195.0,300
2026-07-10 02:50:00,108193.0,108201.0,108161.0,108174.0,300
2026-07-10 02:55:00,108175.0,108188.0,108153.0,108174.0,300
2026-07-10 03:00:00,108173.0,108184.0,108141.0,108167.0,300
2026-07-10 03:05:00,108166.0,108192.0,108142.0,108144.0,300
2026-07-10 03:10:00,108142.0,108163.0,108131.0,108155.0,300
2026-07-10 03:15:00,108157.0,108169.0,108137.0,108145.0,300
2026-07-10 03:20:00,108143.0,108182.0,108136.0,108181.0,300
2026-07-10 03:25:00,108183.0,108195.0,108173.0,108191.0,300
2026-07-10 03:30:00,108190.0,108193.0,108158.0,108178.0,300
2026-07-10 03:35:00,108179.0,108207.0,108175.0,108199.0,300
2026-07-10 03:40:00,108197.0,108228.0,108175.0,108208.0,300
2026-07-10 03:45:00,108206.0,108206.0,108170.0,108171.0,300
2026-07-10 03:50:00,108170.0,108190.0,108152.0,108190.0,300
2026-07-10 03:55:00,108188.0,108189.0,108149.0,108169.0,300
2026-07-10 04:00:00,108168.0,108179.0,108153.0,108174.0,300
2026-07-10 04:05:00,108175.0,108197.0,108164.0,108194.0,300
2026-07-10 04:10:00,108195.0,108217.0,108174.0,108187.0,300
2026-07-10 04:15:00,108188.0,108227.0,108182.0,108189.0,300
2026-07-10 04:20:00,108190.0,108220.0,108183.0,108216.0,300
2026-07-10 04:25:00,108215.0,108230.0,108196.0,108226.0,300
2026-07-10 04:30:00,108228.0,108238.0,108204.0,108219.0,300
2026-07-10 04:35:00,108218.0,108232.0,108174.0,108207.0,300
2026-07-10 04:40:00,108208.0,108229.0,108208.0,108221.0,300
2026-07-10 04:45:00,108222.0,108240.0,108204.0,108221.0,300
2026-07-10 04:50:00,108222.0,108240.0,108210.0,108235.0,300
2026-07-10 04:55:00,108234.0,108242.0,108214.0,108227.0,300
2026-07-10 05:00:00,108228.0,108287.0,108221.0,108285.0,300
2026-07-10 05:05:00,108284.0,108288.0,108244.0,108250.0,300
2026-07-10 05:10:00,108248.0,108271.0,108238.0,108263.0,300
2026-07-10 05:15:00,108265.0,108340.0,108264.0,108338.0,300
2026-07-10 05:20:00,108337.0,108345.0,108316.0,108323.0,300
2026-07-10 05:25:00,108321.0,108348.0,108307.0,108338.0,300
2026-07-10 05:30:00,108336.0,108364.0,108328.0,108337.0,300
2026-07-10 05:35:00,108336.0,108343.0,108318.0,108331.0,300
2026-07-10 05:40:00,108329.0,108339.0,108305.0,108327.0,300
2026-07-10 05:45:00,108329.0,108383.0,108325.0,108344.0,300
2026-07-10 05:50:00,108346.0,108354.0,108328.0,108340.0,300
2026-07-10 05:55:00,108341.0,108348.0,108306.0,108306.0,300
2026-07-10 06:00:00,108308.0,108310.0,108291.0,108296.0,300
2026-07-10 06:05:00,108295.0,108343.0,108292.0,108337.0,300
2026-07-10 06:10:00,108339.0,108365.0,108335.0,108360.0,300
2026-07-10 06:15:00,108362.0,108373.0,108338.0,108341.0,300
2026-07-10 06:20:00,108343.0,108343.0,108311.0,108313.0,300
2026-07-10 06:25:00,108312.0,108317.0,108294.0,108310.0,300
2026-07-10 06:30:00,108308.0,108326.0,108289.0,108326.0,300
2026-07-10 06:35:00,108328.0,108348.0,108304.0,108344.0,300
2026-07-10 06:40:00,108342.0,108414.0,108332.0,108408.0,300
2026-07-10 06:45:00,108407.0,108440.0,108397.0,108436.0,300
2026-07-10 06:50:00,108434.0,108462.0,108432.0,108449.0,300
2026-07-10 06:55:00,108451.0,108488.0,108443.0,108463.0,300
2026-07-10 07:00:00,108465.0,108479.0,108447.0,108472.0,300
2026-07-10 07:05:00,108474.0,108481.0,108452.0,108476.0,300
2026-07-10 07:10:00,108474.0,108478.0,108425.0,108441.0,300
2026-07-10 07:15:00,108439.0,108472.0,108431.0,108467.0,300
2026-07-10 07:20:00,108469.0,108482.0,108448.0,108475.0,300
2026-07-10 07:25:00,108477.0,108497.0,108454.0,108485.0,300
2026-07-10 07:30:00,108484.0,108519.0,108484.0,108512.0,300
2026-07-10 07:35:00,108511.0,108568.0,108509.0,108565.0,300
2026-07-10 07:40:00,108564.0,108567.0,108502.0,108508.0,300
2026-07-10 07:45:00,108506.0,108513.0,108480.0,108505.0,300
2026-07-10 07:50:00,108504.0,108517.0,108486.0,108498.0,300
2026-07-10 07:55:00,108497.0,108508.0,108479.0,108498.0,300
2026-07-10 08:00:00,108500.0,108511.0,108477.0,108477.0,300
2026-07-10 08:05:00,108475.0,108511.0,108468.0,108487.0,300
2026-07-10 08:10:00,108488.0,108496.0,108459.0,108490.0,300
2026-07-10 08:15:00,108488.0,108528.0,108486.0,108523.0,300
2026-07-10 08:20:00,108521.0,108523.0,108479.0,108481.0,300
2026-07-10 08:25:00,108480.0,108483.0,108457.0,108461.0,300
2026-07-10 08:30:00,108462.0,108482.0,108458.0,108470.0,300
2026-07-10 08:35:00,108468.0,108498.0,108460.0,108466.0,300
2026-07-10 08:40:00,108465.0,108468.0,108435.0,108453.0,300
2026-07-10 08:45:00,108455.0,108474.0,108440.0,108454.0,300
2026-07-10 08:50:00,108456.0,108517.0,108451.0,108510.0,300
2026-07-10 08:55:00,108511.0,108520.0,108487.0,108497.0,300
2026-07-10 09:00:00,108496.0,108510.0,108482.0,108509.0,300
2026-07-10 09:05:00,108511.0,108535.0,108498.0,108525.0,300
2026-07-10 09:10:00,108523.0,108561.0,108503.0,108558.0,300
2026-07-10 09:15:00,108560.0,108571.0,108533.0,108547.0,300
2026-07-10 09:20:00,108545.0,108565.0,108526.0,108555.0,300
2026-07-10 09:25:00,108553.0,108568.0,108548.0,108555.0,300
2026-07-10 09:30:00,108553.0,108597.0,108542.0,108587.0,300
2026-07-10 09:35:00,108585.0,108601.0,108562.0,108588.0,300
2026-07-10 09:40:00,108587.0,108631.0,108587.0,108624.0,300
2026-07-10 09:45:00,108623.0,108650.0,108612.0,108620.0,300
2026-07-10 09:50:00,108622.0,108636.0,108597.0,108630.0,300
2026-07-10 09:55:00,108629.0,108695.0,108629.0,108686.0,300
2026-07-10 10:00:00,108684.0,108695.0,108667.0,108672.0,300
2026-07-10 10:05:00,108671.0,108673.0,108598.0,108614.0,300
2026-07-10 10:10:00,108615.0,108647.0,108607.0,108639.0,300
2026-07-10 10:15:00,108640.0,108640.0,108595.0,108598.0,300
2026-07-10 10:20:00,108600.0,108608.0,108571.0,108605.0,300
2026-07-10 10:25:00,108606.0,108611.0,108555.0,108562.0,300
2026-07-10 10:30:00,108561.0,108576.0,108547.0,108566.0,300
2026-07-10 10:35:00,108564.0,108607.0,108563.0,108607.0,300
2026-07-10 10:40:00,108609.0,108622.0,108593.0,108600.0,300
2026-07-10 10:45:00,108602.0,108614.0,108589.0,108593.0,300
2026-07-10 10:50:00,108591.0,108605.0,108581.0,108597.0,300
2026-07-10 10:55:00,108595.0,108614.0,108572.0,108572.0,300
2026-07-10 11:00:00,108571.0,108598.0,108557.0,108595.0,300
2026-07-10 11:05:00,108594.0,108605.0,108537.0,108538.0,300
2026-07-10 11:10:00,108537.0,108546.0,108508.0,108521.0,300
2026-07-10 11:15:00,108520.0,108522.0,108440.0,108443.0,300
2026-07-10 11:20:00,108444.0,108486.0,108444.0,108467.0,300
2026-07-10 11:25:00,108468.0,108504.0,108465.0,108492.0,300
2026-07-10 11:30:00,108493.0,108533.0,108470.0,108527.0,300
2026-07-10 11:35:00,108528.0,108550.0,108524.0,108532.0,300
2026-07-10 11:40:00,108533.0,108536.0,108469.0,108491.0,300
2026-07-10 11:45:00,108492.0,108523.0,108482.0,108511.0,300
2026-07-10 11:50:00,108513.0,108521.0,108488.0,108498.0,300
2026-07-10 11:55:00,108499.0,108501.0,108468.0,108484.0,300
2026-07-10 12:00:00,108485.0,108494.0,108471.0,108485.0,300
2026-07-10 12:05:00,108483.0,108500.0,108456.0,108465.0,300
2026-07-10 12:10:00,108467.0,108491.0,108462.0,108480.0,300
2026-07-10 12:15:00,108478.0,108515.0,108464.0,108504.0,300
2026-07-10 12:20:00,108502.0,108518.0,108482.0,108498.0,300
2026-07-10 12:25:00,108497.0,108521.0,108492.0,108517.0,300
2026-07-10 12:30:00,108518.0,108543.0,108501.0,108533.0,300
2026-07-10 12:35:00,108532.0,108599.0,108532.0,108589.0,300
2026-07-10 12:40:00,108591.0,108592.0,108542.0,108542.0,300
2026-07-10 12:45:00,108543.0,108566.0,108539.0,108544.0,300
2026-07-10 12:50:00,108543.0,108550.0,108517.0,108531.0,300
2026-07-10 12:55:00,108529.0,108554.0,108515.0,108535.0,300
2026-07-10 13:00:00,108536.0,108543.0,108514.0,108530.0,300
2026-07-10 13:05:00,108532.0,108555.0,108518.0,108540.0,300
2026-07-10 13:10:00,108541.0,108583.0,108537.0,108559.0,300
2026-07-10 13:15:00,108557.0,108593.0,108551.0,108584.0,300
2026-07-10 13:20:00,108586.0,108600.0,108546.0,108546.0,300
2026-07-10 13:25:00,108548.0,108565.0,108528.0,108544.0,300
2026-07-10 13:30:00,108542.0,108581.0,108540.0,108579.0,300
2026-07-10 13:35:00,108577.0,108595.0,108554.0,108593.0,300
2026-07-10 13:40:00,108595.0,108614.0,108567.0,108579.0,300
2026-07-10 13:45:00,108577.0,108596.0,108552.0,108583.0,300
2026-07-10 13:50:00,108582.0,108619.0,108577.0,108603.0,300
2026-07-10 13:55:00,108601.0,108602.0,108558.0,108593.0,300
2026-07-10 14:00:00,108591.0,108623.0,108590.0,108610.0,300
2026-07-10 14:05:00,108608.0,108612.0,108566.0,108570.0,300
2026-07-10 14:10:00,108568.0,108575.0,108534.0,108538.0,300
2026-07-10 14:15:00,108540.0,108544.0,108515.0,108522.0,300
2026-07-10 14:20:00,108524.0,108547.0,108519.0,108521.0,300
2026-07-10 14:25:00,108519.0,108569.0,108517.0,108569.0,300
2026-07-10 14:30:00,108570.0,108594.0,108551.0,108556.0,300
2026-07-10 14:35:00,108558.0,108587.0,108546.0,108587.0,300
2026-07-10 14:40:00,108589.0,108608.0,108577.0,108579.0,300
2026-07-10 14:45:00,108580.0,108585.0,108543.0,108565.0,300
2026-07-10 14:50:00,108563.0,108584.0,108547.0,108581.0,300
2026-07-10 14:55:00,108583.0,108593.0,108561.0,108589.0,300
2026-07-10 15:00:00,108588.0,108626.0,108584.0,108626.0,300
2026-07-10 15:05:00,108627.0,108653.0,108610.0,108636.0,300
2026-07-10 15:10:00,108637.0,108637.0,108591.0,108593.0,300
2026-07-10 15:15:00,108594.0,108650.0,108592.0,108648.0,300
2026-07-10 15:20:00,108650.0,108664.0,108638.0,108646.0,300
2026-07-10 15:25:00,108644.0,108657.0,108632.0,108642.0,300
2026-07-10 15:30:00,108640.0,108643.0,108588.0,108590.0,300
2026-07-10 15:35:00,108591.0,108593.0,108566.0,108568.0,300
2026-07-10 15:40:00,108567.0,108592.0,108558.0,108561.0,300
2026-07-10 15:45:00,108560.0,108578.0,108538.0,108544.0,300
2026-07-10 15:50:00,108543.0,108546.0,108523.0,108536.0,300
2026-07-10 15:55:00,108534.0,108542.0,108501.0,108506.0,300
2026-07-10 16:00:00,108504.0,108508.0,108483.0,108495.0,300
2026-07-10 16:05:00,108494.0,108498.0,108440.0,108446.0,300
2026-07-10 16:10:00,108448.0,108473.0,108430.0,108434.0,300
2026-07-10 16:15:00,108435.0,108449.0,108418.0,108445.0,300
2026-07-10 16:20:00,108446.0,108450.0,108412.0,108418.0,300
2026-07-10 16:25:00,108416.0,108422.0,108379.0,108383.0,300
2026-07-10 16:30:00,108385.0,108389.0,108353.0,108358.0,300
2026-07-10 16:35:00,108357.0,108373.0,108326.0,108345.0,300
2026-07-10 16:40:00,108344.0,108373.0,108335.0,108357.0,300
2026-07-10 16:45:00,108358.0,108403.0,108356.0,108377.0,300
2026-07-10 16:50:00,108378.0,108406.0,108355.0,108372.0,300
2026-07-10 16:55:00,108371.0,108375.0,108346.0,108358.0,300
2026-07-10 17:00:00,108360.0,108379.0,108340.0,108353.0,300
2026-07-10 17:05:00,108351.0,108374.0,108347.0,108350.0,300
2026-07-10 17:10:00,108348.0,108357.0,108306.0,108316.0,300
2026-07-10 17:15:00,108314.0,108358.0,108305.0,108349.0,300
2026-07-10 17:20:00,108348.0,108349.0,108321.0,108343.0,300
2026-07-10 17:25:00,108341.0,108394.0,108336.0,108376.0,300
2026-07-10 17:30:00,108374.0,108394.0,108369.0,108392.0,300
2026-07-10 17:35:00,108391.0,108420.0,108377.0,108400.0,300
2026-07-10 17:40:00,108401.0,108457.0,108401.0,108449.0,300
2026-07-10 17:45:00,108450.0,108468.0,108431.0,108466.0,300
2026-07-10 17:50:00,108464.0,108471.0,108432.0,108438.0,300
2026-07-10 17:55:00,108440.0,108440.0,108403.0,108417.0,300
2026-07-10 18:00:00,108415.0,108433.0,108408.0,108427.0,300
2026-07-10 18:05:00,108425.0,108454.0,108404.0,108418.0,300
2026-07-10 18:10:00,108416.0,108472.0,108412.0,108459.0,300
2026-07-10 18:15:00,108457.0,108478.0,108437.0,108472.0,300
2026-07-10 18:20:00,108470.0,108559.0,108470.0,108534.0,300
2026-07-10 18:25:00,108536.0,108537.0,108481.0,108502.0,300
2026-07-10 18:30:00,108503.0,108503.0,108461.0,108478.0,300
2026-07-10 18:35:00,108477.0,108499.0,108471.0,108492.0,300
2026-07-10 18:40:00,108493.0,108493.0,108473.0,108486.0,300
2026-07-10 18:45:00,108485.0,108491.0,108461.0,108488.0,300
2026-07-10 18:50:00,108489.0,108497.0,108472.0,108491.0,300
2026-07-10 18:55:00,108492.0,108562.0,108476.0,108540.0,300
2026-07-10 19:00:00,108539.0,108545.0,108477.0,108477.0,300
2026-07-10 19:05:00,108479.0,108491.0,108460.0,108462.0,300
